id,name,parent_id,color,label_tree_id,source_id
443113,Substrate,,f26f55,3270,
443114,Substrate_A,443113,f26f55,3270,
443115,Substrate_B,443113,f26f55,3270,
443116,Substrate_C,443113,f26f55,3270,
443117,Bedrock,443114,f26f55,3270,
443118,Boulders,443114,f26f55,3270,
443119,Cobbles,443114,f26f55,3270,
443120,Pebbles,443114,f26f55,3270,
443121,Gravel,443114,f26f55,3270,
443122,Sand,443114,f26f55,3270,
443123,"Muddy sed",443114,f26f55,3270,
443124,"Sulphidic sed.",443114,f26f55,3270,
443125,"bacterial mat",443116,f26f55,3270,
443126,outcrop,443115,f26f55,3270,
443127,smooth,443115,f26f55,3270,
443128,irregular,443115,f26f55,3270,
443129,waves,443115,f26f55,3270,
443130,ripples,443115,f26f55,3270,
443131,flat,443115,f26f55,3270,
443132,"mud overlay",443115,f26f55,3270,
443133,"sand overlay",443115,f26f55,3270,
443134,"cobble overlay",443115,f26f55,3270,
443135,"Epifauna high",443116,f26f55,3270,
443136,"Epifauna low",443116,f26f55,3270,
443137,Anthropogenic,,b830f2,3270,
443138,"Trawl Marks",443137,b830f2,3270,
443139,"Fishing gear",443137,b830f2,3270,
443140,Rubbish,443137,b830f2,3270,
443141,OBSCURED,443114,f26f55,3270,
443146,Biota,,30c8f2,3270,1
443147,Animalia,443146,30c8f2,3270,2
443148,Chordata,443147,30c8f2,3270,1821
443149,Vertebrata,443148,30c8f2,3270,146419
443150,Gnathostomata,443149,30c8f2,3270,1828
443151,Osteichthyes,443150,30c8f2,3270,152352
443152,Actinopterygii,443151,30c8f2,3270,10194
443153,Actinopteri,443152,30c8f2,3270,843664
443154,Teleostei,443153,30c8f2,3270,293496
443155,Perciformes,443154,30c8f2,3270,11014
443156,Notothenioidei,443155,30c8f2,3270,151728
443157,Nototheniidae,443156,30c8f2,3270,151404
443158,Fish,,e645b5,3270,
443159,Pogos,443158,e645b5,3270,
443160,Nototheniids,443157,bbaaaa,3270,
443161,Channichthyidae,443156,30c8f2,3270,234518
443162,Icefish,443161,bbaaaa,3270,
443163,Echinodermata,443147,2ee693,3270,1806
443164,Asterozoa,443163,2ee693,3270,148743
443165,Asteroidea,443164,2ee693,3270,123080
443166,Asteroid,443165,bbaaaa,3270,
443167,Ophiuroidea,443164,2ee693,3270,123084
443168,Ophiuroid,443167,bbaaaa,3270,
443169,Echinozoa,443163,2cdd8d,3270,148744
443170,Echinoidea,443169,2ee592,3270,123082
443171,Echinoid,443170,bbaaaa,3270,
443172,Holothuroidea,443169,2ee592,3270,123083
443173,Holothurian,443172,bbaaaa,3270,
443174,Crinozoa,443163,2ee592,3270,147423
443175,Crinoidea,443174,2ee592,3270,123081
443176,Crinoid,443175,bbaaaa,3270,
443177,Arthropoda,443147,f230b8,3270,1065
443178,Crustacea,443177,f230b8,3270,1066
443179,Multicrustacea,443178,f230b8,3270,845959
443180,Malacostraca,443179,f230b8,3270,1071
443181,"Crustacean (lobster)",443180,bbaaaa,3270,
443182,Eumalacostraca,443180,f230b8,3270,1086
443183,Eucarida,443182,f230b8,3270,1089
443184,Decapoda,443183,f230b8,3270,1130
443185,Pleocyemata,443184,f230b8,3270,106670
443186,Brachyura,443185,f230b8,3270,106673
443187,"Crustacean (crab)",443186,bbaaaa,3270,
443188,Anomura,443185,f230b8,3270,106671
443189,Paguroidea,443188,f230b8,3270,106687
443190,Paguridae,443189,f230b8,3270,106738
443191,"Crustacean (pagurid)",443190,bbaaaa,3270,
443192,Caridea,443185,f255c3,3270,106674
443193,"Crustacean (shrimp)",443192,bbaaaa,3270,
443194,Peracarida,443182,f230b8,3270,1090
443195,"Crustacean (peracarid)",443194,bbaaaa,3270,
443196,Galatheoidea,443188,f230b8,3270,106685
443197,Galatheidae,443196,f230b8,3270,106733
443198,"Crustacean (galatheid/Chirostylidae)",443197,bbaaaa,3270,
443199,Astacidea,443185,f230b8,3270,106672
443200,Nephropoidea,443199,f230b8,3270,155750
443201,Nephropidae,443200,f230b8,3270,106741
443202,Metanephrops,443201,f230b8,3270,206076
443203,"Metanephrops challengeri",443202,f230b8,3270,382850
443204,"Crustacean (scampi)",443203,bbaaaa,3270,
443205,Mollusca,443147,f2d649,3270,51
443206,Gastropoda,443205,f2d649,3270,101
443207,"Mollusc (gastropod)",443206,bbaaaa,3270,
443208,Cephalopoda,443205,f2d649,3270,11707
443209,"Mollusc (cephalopod)",443208,bbaaaa,3270,
443210,Heterobranchia,443206,f2d649,3270,14712
443211,Opisthobranchia,443210,f2d649,3270,382226
443212,"Mollusc (opisthobranch)",443211,bbaaaa,3270,
443213,Nemertea,443147,f28f0c,3270,152391
443214,Nemertean,443213,bbaaaa,3270,
443215,Annelida,443147,94ff4d,3270,882
443216,Polychaeta,443215,94ff4d,3270,883
443217,"Polychaete (errant)",443216,bbaaaa,3270,
443218,"Worm (indeterminate)",443215,bbaaaa,3270,
443219,Chelicerata,443177,f230b8,3270,1274
443220,Pycnogonida,443219,f230b8,3270,1302
443221,Pycnogonid,443220,bbaaaa,3270,
443222,Ambuloasteroidea,443165,2ee693,3270,1562575
443223,Neoasteroidea,443222,2ee693,3270,1562576
443224,Forcipulatacea,443223,2ee693,3270,582527
443225,Brisingida,443224,2ee693,3270,123085
443226,Scaphopoda,443205,f2d649,3270,104
443227,Polychelida,443185,f230b8,3270,383015
443228,Eryonoidea,443227,f230b8,3270,383016
443229,Polychelidae,443228,f230b8,3270,106793
443230,"Crustacean (polychelidae)",443229,bbaaaa,3270,
443231,Euphausiacea,443183,f230b8,3270,1128
443232,Mysidacea,443194,f230b8,3270,2824
443233,Amphipoda,443194,f230b8,3270,1135
443234,Isopoda,443194,f230b8,3270,1131
443235,Coleoidea,443208,f2d649,3270,11709
443236,Octopodiformes,443235,f2d649,3270,325343
443237,Octopoda,443236,f2d649,3270,11718
443238,"Mollusc (octopod)",443237,bbaaaa,3270,
443239,Vampyromorpha,443236,f2d649,3270,11717
443240,Vampyroteuthidae,443239,f2d649,3270,11775
443241,Vampyroteuthis,443240,f2d649,3270,138623
443242,"Mollusc (vampire squid)",443241,bbaaaa,3270,
443243,Hemichordata,443147,3d8bf2,3270,1818
443244,Hemichordate,443243,bbaaaa,3270,
443245,Errantia,443216,94ff4d,3270,754174
443246,Eunicida,443245,94ff4d,3270,895
443247,Onuphidae,443246,94ff4d,3270,965
443248,Hyalinoeciinae,443247,94ff4d,3270,298366
443249,Hyalinoecia,443248,94ff4d,3270,129400
443250,"Hyalinoecia longibranchiata",443249,94ff4d,3270,1591579
443251,"Quill worm",443250,bbaaaa,3270,
443252,Porifera,443147,ba66ff,3270,558
443253,Hexactinellida,443252,ba66ff,3270,22612
443254,Hexasterophora,443253,ba66ff,3270,131590
443255,Hexactinosida,443254,ba66ff,3270,171628
443256,Cnidaria,443147,c50707,3270,1267
443257,Anthozoa,443256,c50707,3270,1292
443258,Hexacorallia,443257,c50707,3270,1340
443259,Actiniaria,443258,c50707,3270,1360
443264,Anemones,443259,bbaaaa,3270,
443266,Demospongiae,443252,ba66ff,3270,164811
443267,"Sponge (demospongiae)",443266,bbaaaa,3270,
443268,"Sponge (hexactinellidae)",443253,bbaaaa,3270,
443269,"Corals (hard)",443256,bbaaaa,3270,
443270,"Corals (soft)",443256,bbaaaa,3270,
443271,Medusozoa,443256,c50707,3270,1740301
443272,Hydrozoa,443271,c50707,3270,1337
443273,Hydroids,443272,bbaaaa,3270,
443274,Bivalvia,443205,f2d649,3270,105
443275,"Molluscs (bivalves)",443274,bbaaaa,3270,
443276,Brachiopoda,443147,bbe62e,3270,1803
443277,Brachiopods,443276,bbaaaa,3270,
443278,Bryozoa,443147,0dff6a,3270,146142
443279,Bryozoans,443278,bbaaaa,3270,
443280,"Tube worms",443216,bbaaaa,3270,
443281,Tunicata,443148,30c8f2,3270,146420
443282,Ascidiacea,443281,30c8f2,3270,1839
443283,"Ascidians (clonal)",443282,bbaaaa,3270,
443284,"Ascidians (solitary)",443282,bbaaaa,3270,
443285,Thecostraca,443179,f230b8,3270,22388
443286,Cirripedia,443285,f230b8,3270,1082
443287,Barnacles,443286,bbaaaa,3270,
443288,Echiura,443216,94ff4d,3270,1269
443289,Chromista,443146,7cd5b4,3270,7
443290,Harosa,443289,7cd5b4,3270,582419
443291,Rhizaria,443290,7cd5b4,3270,582420
443292,Foraminifera,443291,7cd5b4,3270,1410
443293,Monothalamea,443292,7cd5b4,3270,744106
443294,Xenophyophoroidea,443293,7cd5b4,3270,736980
443295,Xenophyophore,443294,bbaaaa,3270,
443296,Chemoherm,443116,f26f55,3270,
443297,Bioturbation,,640cf2,3270,
443298,"Spiral (hemichordate)",443297,640cf2,3270,
443299,Thaliacea,443281,30c8f2,3270,22626
443300,Salpida,443299,30c8f2,3270,137214
443301,Salp,443300,bbaaaa,3270,
443302,"Bony fish",443151,bbaaaa,3270,
443303,Chondrichthyes,443150,30c8f2,3270,1517375
443304,"Cartilagenous fish",443303,bbaaaa,3270,
443305,Trachichthyiformes,443154,30c8f2,3270,1517487
443306,Trachichthyidae,443305,30c8f2,3270,125459
443307,Hoplostethus,443306,30c8f2,3270,125706
443308,"Hoplostethus atlanticus",443307,30c8f2,3270,126402
443309,"Orange Roughy",443308,bbaaaa,3270,
443310,Zeiformes,443154,30c8f2,3270,10919
443311,Oreosomatidae,443310,30c8f2,3270,125616
443312,Oreos,443311,bbaaaa,3270,
443313,Gadiformes,443154,30c8f2,3270,10313
443314,Macrouridae,443313,30c8f2,3270,125471
443315,Rattails,443314,bbaaaa,3270,
443316,Elasmobranchii,443303,30c8f2,3270,10193
443317,Neoselachii,443316,30c8f2,3270,368407
443320,Batoidea,443317,30c8f2,3270,368409
443321,Rays,443320,bbaaaa,3270,
443322,Decapodiformes,443235,f2d649,3270,325342
443323,"Squid (Mollusc Teuthidae)",443322,bbaaaa,3270,
443324,Anguilliformes,443154,30c8f2,3270,10295
443325,Eels,443324,bbaaaa,3270,
443326,Forcipulatida,443224,2ee693,3270,123086
443327,Zoroasteridae,443326,2ee693,3270,123125
443329,Zoroaster,443327,2ee693,3270,123237
443330,"Zoroaster sp",443329,2ee693,3270,
443331,Asteriidae,443326,2ee693,3270,123121
443332,Zoroasteridae/Asteriidae,443326,2ee693,3270,
443333,Stichasteridae,443326,2ee693,3270,152515
443334,Cosmasterias,443333,2ee693,3270,172541
443335,"Cosmasterias dyscrita",443334,2ee693,3270,291597
443336,Pseudechinaster,443333,2ee693,3270,255060
443337,"Pseudechinaster rubens",443336,2ee693,3270,255061
443338,Valvatacea,443223,2ee693,3270,582528
443339,Paxillosida,443338,2ee693,3270,123088
443340,Benthopectinidae,443339,2ee693,3270,123126
443341,Benthopecten,443340,2ee693,3270,123239
443342,"Benthopecten sp",443341,2ee693,3270,
443343,Spinulosacea,443223,2ee693,3270,582529
443344,Spinulosida,443343,2ee693,3270,123089
443345,Echinasteridae,443344,2ee693,3270,123132
443346,Henricia,443345,30f2a8,3270,123276
443347,"Henricia sp.",443346,30f2a8,3270,
443348,Astropectinidae,443339,2ee693,3270,123127
443349,Dipsacaster,443348,2ee693,3270,178680
443350,"Dipsacaster sp",443349,2ee693,3270,
443351,"Dipsacaster magnificus",443349,2ee693,3270,291693
443352,Plutonaster/Dytaster,443348,2ee693,3270,
443353,Astromesites/Psilaster/Proserpinaster,443348,2ad487,3270,
443354,Radiasteridae,443339,2ee693,3270,123131
443355,Radiaster,443354,2ee693,3270,123272
443356,"Radiaster sp",443355,2ee693,3270,
443357,Valvatida,443338,2ee693,3270,123090
443358,Goniasteridae,443357,2ee693,3270,123135
443359,Hippasterinae,443358,2ee693,3270,292827
443360,Hippasteria,443359,2ee693,3270,123297
443361,"Hippasteria sp",443360,2ee693,3270,
443362,Mediasterinae,443358,2ee693,3270,932110
443363,Mediaster,443362,2ee693,3270,123298
443364,"Mediaster sp",443363,2ee693,3270,
443365,Plinthaster/Ceramaster,443358,2ee693,3270,
443366,Pillsburiaster,443358,2ee693,3270,178131
443367,"Pillsburiaster sp.",443366,2ee693,3270,
443368,Ceramaster,443358,2ee693,3270,123291
443369,"Ceramaster sp",443368,2ee693,3270,
443370,Lithosoma/Pseudarchaster,443358,2ee693,3270,
443371,Lithosoma,443358,2ee693,3270,206643
443372,"Lithosoma novaezelandiae",443371,2ee693,3270,291642
443373,"Lithosoma novazealandiae",443372,e62d2d,3270,
443374,Velatida,443223,2ee693,3270,123091
443375,Pterasteridae,443374,2ee693,3270,123142
443376,Hymenaster,443375,2ee693,3270,123333
443377,"Hymenaster sp",443376,2ee693,3270,
443378,Solasteridae,443357,2ee693,3270,123143
443379,Solaster,443378,79f2b6,3270,123338
443380,"Solaster torulatus",443379,79f2b6,3270,291557
443381,Crossaster,443378,2ee693,3270,123336
443382,"Crossaster multispinus",443381,2ee693,3270,291558
443383,"Brisingid 1",443225,bbaaaa,3270,
443384,"Brisingid 2",443225,bbaaaa,3270,
443385,"Brisingid 3",443225,bbaaaa,3270,
443386,Myophiuroida,443167,2ee693,3270,1416548
443387,Metophiurida,443386,2ee693,3270,1062634
443388,Euryophiurida,443387,2ee693,3270,1062636
443389,Ophiurida,443388,2ee693,3270,123117
443390,Ophiomusina,443389,2ee693,3270,1075310
443391,Ophiosphalmidae,443390,2ee693,3270,1116865
443392,Ophiomusium,443391,2ee693,3270,123566
443393,"Ophiomusium lymani",443392,2ee693,3270,124895
443394,Ophintegrida,443387,2ee693,3270,1062660
443395,Ophiacanthida,443394,2ee693,3270,1062662
443396,Ophiacanthina,443395,2ee693,3270,1062663
443397,Ophiacanthidae,443396,2ee693,3270,123204
443398,Amphilepidida,443394,2ee693,3270,1062666
443399,Gnathophiurina,443398,2ee693,3270,196221
443400,Amphiuroidea,443399,2ee693,3270,1077097
443401,Amphiuridae,443400,2ee693,3270,123206
443402,Ophiodermatina,443395,2ee693,3270,368125
443403,Ophiodermatoidea,443402,2ee693,3270,1062664
443404,Ophiomyxidae,443403,2ee693,3270,123209
443405,Ophiomyxa,443404,2ee693,3270,123631
443406,"Ophiomyxa brevirima",443405,2ee693,3270,243858
443407,"Ophiurida unspecified",443389,bbaaaa,3270,
443408,"Unknown ophiurida 1",443389,bbaaaa,3270,
443409,Euryalida,443388,2ee693,3270,242196
443410,Gorgonocephalidae,443409,2ee693,3270,123203
443411,Cidaroidea,443170,2ee693,3270,510498
443412,Cidaroida,443411,2ee693,3270,123099
443413,Cidaroidea,443412,2ee693,3270,852318
443414,Cidaridae,443413,2ee693,3270,123158
443415,Goniocidarinae,443414,2ee693,3270,510894
443416,Goniocidaris,443415,2ee693,3270,411385
443417,"Goniocidaris sp",443416,2ee693,3270,
443418,Ogmocidaris,443415,2ee693,3270,411387
443419,"Ogmocidaris benhami",443418,2ee693,3270,414200
443420,Histocidaroidea,443412,2ee693,3270,689195
443421,Histocidaridae,443420,2ee693,3270,510768
443422,Stereocidarinae,443414,2ee693,3270,510906
443423,Stereocidaris,443422,2ee693,3270,123382
443424,Stereocidaridae,443422,e62d2d,3270,
443425,Euechinoidea,443170,2ee592,3270,149854
443426,Carinacea,443425,2ee592,3270,510517
443427,Echinacea,443426,2ee592,3270,149855
443428,Echinoida,443427,e52e2e,3270,123101
443429,Aulodonta,443425,2ee592,3270,510502
443430,Echinothuriacea,443429,2ee592,3270,1572005
443431,Echinothurioida,443430,2ee592,3270,160732
443432,Echinothuriidae/Phormosomatidae,443431,2ee592,3270,
443433,Phormosomatidae,443431,2ee693,3270,196184
443434,Phormosoma,443433,2ee693,3270,123401
443435,"Phormosoma bursarium",443434,2ee693,3270,214650
443436,Camarodonta,443427,2ee693,3270,510518
443437,Echinidea,443436,2ee693,3270,510534
443438,Echinidae,443437,2ee693,3270,123160
443439,Gracilechinus,443438,2ee693,3270,411391
443440,"Gracilechinus multidentatus",443439,2ee693,3270,414223
443441,Dermechinus,443438,2ee693,3270,160745
443442,"Dermechinus horridus",443441,2ee693,3270,160803
443443,Pedinoida,443430,2ee693,3270,123103
443444,Pedinidae,443443,2ee693,3270,123165
443445,Caenopedina,443444,2ee693,3270,123404
443446,"Caenopedina spp",443445,2ee693,3270,
443447,Temnopleuridea,443436,2ee693,3270,510536
443448,Temnopleuridae,443447,2ee693,3270,123178
443449,Pseudechinus,443448,2ee693,3270,160753
443450,"Pseudechinus flemingi",443449,2ee693,3270,414218
443451,Irregularia,443425,2ee693,3270,510499
443452,Atelostomata,443451,2ee693,3270,149864
443453,Spatangoida,443452,2ee693,3270,123106
443454,Brissidina,443453,2ee693,3270,510538
443455,Spatangoidea,443454,2ee693,3270,852322
443456,Spatangidae,443455,2ee693,3270,123177
443457,Eurypatagidae,443455,2ee693,3270,510698
443458,Paramaretia,443457,2ee693,3270,411402
443459,"Paramaretia peloria",443458,2ee693,3270,414249
443460,Spatangus,443456,2ee693,3270,123430
443461,"Spatangus sp",443460,2ee693,3270,
443462,Actinopoda,443172,2ee693,3270,1393249
443463,Synallactida,443462,2ee693,3270,1036229
443464,Synallactidae,443463,2ee693,3270,123185
443465,Bathyplotes,443464,2ee693,3270,123460
443466,"Bathyplotes moseleyi",443465,2ee693,3270,174115
443467,"Bathyplotes sulcatus",443465,2ee693,3270,241783
443468,Persiculida,443462,2ee592,3270,1036230
443469,Pseudostichopodidae,443468,2ee592,3270,1036232
443470,Pseudostichopus,443469,2ee592,3270,123469
443471,"Pseudostichopus sp",443470,2ee592,3270,
443472,"Pseudostichopus mollis",443470,2ee693,3270,152565
443473,"Pseudostichopus peripatus",443470,2ee693,3270,529641
443474,Elasipodida,443462,2ee693,3270,123112
443475,Laetmogonidae,443474,2ee693,3270,123192
443476,Laetmogone,443475,2ee693,3270,123524
443477,"Laetmogone sp",443476,2ee693,3270,
443478,Pannychia,443475,2ee693,3270,123525
443479,"Pannychia sp",443478,2ee693,3270,
443480,Deimatidae,443463,2ee693,3270,123190
443481,Psychropotidae,443474,2ee693,3270,123194
443482,Benthodytes,443481,2ee693,3270,123529
443483,"Benthodytes incerta",443482,2ee693,3270,428597
443484,Stichopodidae,443463,45e682,3270,123184
443485,Australostichopus,443484,2ee693,3270,528615
443486,"Australostichopus mollis",443485,2ee693,3270,529443
443487,Pelagothuriidae,443474,18f2a6,3270,123193
443488,Pelagothuridae,443487,f21818,3270,
443489,Enypniastes,443487,2ee693,3270,123526
443490,"Enypniastes eximia",443489,2ee693,3270,124759
443491,"holothurian uni 1",443173,bbaaaa,3270,
443492,"holothurian uni 2",443173,bbaaaa,3270,
443493,"holothurian uni 3",443173,bbaaaa,3270,
443494,"holothurian uni 4",443173,b2a2a2,3270,
443495,"Brisingid 4",443225,bbaaaa,3270,
443496,Octocorallia,443257,c50707,3270,1341
443497,Alcyonacea,443496,c59c07,3270,1365
443498,Pennatulacea,443496,c59c07,3270,1367
443499,Gorgonacea,443496,c59c07,3270,1366
443500,Scleractinia,443258,c50707,3270,1363
443501,Antipatharia,443258,c50707,3270,22549
443502,Hydroidolina,443272,c50707,3270,19494
443503,Anthoathecata,443502,c50707,3270,13551
443504,Filifera,443503,c50707,3270,16352
443505,Stylasteridae,443504,c50707,3270,22805
443506,"Crinoidea (motile)",443175,bbaaaa,3270,
443507,Eubrachyura,443186,f230b8,3270,106679
443508,Heterotremata,443507,f230b8,3270,106680
443509,Cancroidea,443508,f230b8,3270,106695
443510,Atelecyclidae,443509,f230b8,3270,106748
443511,Trichopeltarioidea,443508,f230b8,3270,550538
443512,Trichopeltariidae,443511,f230b8,3270,550539
443513,Trichopeltarion,443512,f230b8,3270,416093
443514,"Trichopeltarion fantasticum",443513,f230b8,3270,440365
443515,Goneplacoidea,443508,f230b8,3270,106698
443516,Goneplacidae,443515,f230b8,3270,106757
443517,Carcinoplax,443516,f230b8,3270,106885
443518,"Carcinoplax victoriensis",443517,f23131,3270,452457
443519,Neommatocarcinus,443516,f230b8,3270,439365
443520,"Neommatocarcinus huttoni",443519,f230b8,3270,440975
443521,Majoidea,443508,f230b8,3270,106700
443522,Inachidae,443521,f230b8,3270,148427
443523,Oregoniidae,443521,f230d8,3270,368557
443524,Pleistacanthinae,443523,f230d8,3270,877491
443525,Vitjazmaia,443524,f230d8,3270,439420
443526,"Vitjazmaia latidactyla",443525,f230d8,3270,441969
443527,Platymaia,443524,f230b8,3270,205899
443528,"Platymaia maoria",443527,f230b8,3270,441942
443529,Lithodidae,443189,f230b8,3270,106737
443530,Lithodinae,443529,f230b8,3270,1722303
443531,Paralomis,443530,f230b8,3270,106848
443532,"Paralomis zealandica",443531,f230b8,3270,509217
443533,Lithodes,443530,f230b8,3270,106845
443534,"Lithodes murrayi",443533,f230b8,3270,241288
443535,"Lithodes longispina",443533,f230b8,3270,550629
443536,"Lithodes cf. longispinus",443535,f23131,3270,
443537,Neolithodes,443530,f230b8,3270,106846
443538,"Neolithodes brodiei",443537,f230b8,3270,509196
443539,Majidae,443521,f230b8,3270,106760
443540,Majinae,443539,f230b8,3270,148435
443541,Teratomaia,443540,f230b8,3270,439478
443542,"Teratomaia richardsoni",443541,f230b8,3270,442084
443543,Leptomithrax,443540,f230b8,3270,439466
443544,"Leptomithrax longipes",443543,f230b8,3270,442016
443545,Campylonotoidea,443192,f230b8,3270,106711
443546,Campylonotidae,443545,f230b8,3270,196142
443547,Campylonotus,443546,f230b8,3270,342626
443548,"Campylonotus rathbunae",443547,f230b8,3270,342627
443549,Pandaloidea,443192,f230b8,3270,106716
443550,Pandalidae,443549,f230b8,3270,106789
443551,"Pandalidae prob Plesionika sp.",443550,f230b8,3270,
443552,Nematocarcinoidea,443192,f230b8,3270,106713
443553,Nematocarcinidae,443552,f230b8,3270,106784
443554,Nematocarcinus,443553,f230b8,3270,107015
443555,"Nematocarcinus sp.",443554,f230b8,3270,
443556,Dendrobranchiata,443184,f230b8,3270,106669
443557,Penaeoidea,443556,f230b8,3270,106683
443558,Solenoceridae,443557,f230b8,3270,106729
443559,Haliporoides,443558,f230b8,3270,205296
443560,"Haliporoides sibogae",443559,f230b8,3270,220285
443561,Munididae,443196,f230b8,3270,562645
443562,Munida,443561,f230b8,3270,106835
443563,"Munida gracilis",443562,f23131,3270,210336
443564,Chirostyloidea,443188,f230b8,3270,562583
443565,Chirostylidae,443564,f230b8,3270,106732
443566,Gastroptychus,443565,f230b8,3270,106832
443567,"Gastroptychus novaezelandiae",443566,f230b8,3270,392029
443568,Achelata,443185,ff0d9e,3270,383017
443569,Scyllaridae,443568,ff0d9e,3270,106795
443570,Ibacinae,443569,f230b8,3270,382773
443571,Ibacus,443570,f230b8,3270,206491
443572,"Ibacus alticrenatus",443571,f230b8,3270,382918
443573,Polychelinae,443229,f230b8,3270,1715211
443574,Polycheles,443573,f230b8,3270,107056
443575,"Polycheles spp.",443574,f230b8,3270,
443576,Sphaeromatidea,443234,f230b8,3270,292949
443577,Seroloidea,443576,f230b8,3270,292951
443578,Serolidae,443577,f230b8,3270,118276
443579,Acutiserolis,443578,f230b8,3270,175135
443580,"Acutiserolis sp.",443579,f230b8,3270,
443581,Pantopoda,443220,f230b8,3270,1358
443582,Eupantopodida,443581,f230b8,3270,379601
443583,Colossendeoidea,443582,f230b8,3270,1702221
443584,Colossendeidae,443583,f230b8,3270,22617
443585,Colossendeinae,443584,f230b8,3270,379613
443586,Colossendeis,443585,f230b8,3270,134586
443587,"Collossendeis sp.",443586,ef2fb6,3270,
443588,Caenogastropoda,443206,f2d649,3270,224570
443589,Neogastropoda,443588,f2d649,3270,146
443590,Volutoidea,443589,f2d649,3270,1055738
443591,Volutidae,443590,f2d649,3270,23141
443592,Turbinelloidea,443589,f2d649,3270,988101
443593,Volutomitridae,443592,f2d649,3270,23142
443594,Volutomitra,443593,f2d649,3270,138662
443595,"Volutomitra banksi",443594,f2d649,3270,450665
443596,"Volutomitira banksi",443595,f24a4a,3270,
443597,Conoidea,443589,f2d649,3270,15140
443598,Turridae,443597,f2d649,3270,152
443599,Pseudomelatomidae,443597,f2d649,3270,411814
443600,Comitas,443599,f2d649,3270,432433
443601,"Comitas onokeana",443600,f2d649,3270,599031
443602,"Comitas onokeana vivens",443601,f2d649,3270,599033
443603,Buccinoidea,443589,f2d649,3270,382214
443604,Buccinidae,443603,f2d649,3270,149
443605,Prosiphonidae,443603,f2d649,3270,1522144
443606,Austrofusus,443605,f2d649,3270,490630
443607,"Austrofusus glans",443606,f2d649,3270,490748
443608,Austrosiphonidae,443603,f2d649,3270,1522370
443609,Penion,443608,f2d649,3270,488452
443610,"Penion sp.",443609,f2d649,3270,
443611,Tudiclidae,443603,f2d649,3270,1296552
443612,Aeneator,443611,f2d649,3270,368555
443613,"Aeneator recens",443612,f2d649,3270,490675
443614,Littorinimorpha,443588,f2d649,3270,382213
443615,Tonnoidea,443614,f2d649,3270,14777
443616,Ranellidae,443615,f2d649,3270,10109
443617,Cymatiidae,443615,f2d649,3270,196332
443618,Fusitriton,443617,f2d649,3270,390535
443619,"Fusitriton magellanicus",443618,f2d649,3270,476494
443620,Muricoidea,443589,f2d649,3270,15138
443621,Muricidae,443620,f2d649,3270,148
443622,Pagodulinae,443621,f2d649,3270,711570
443623,Pagodula,443622,f2d649,3270,181038
443624,"Pagodula sp",443623,f2d649,3270,
443625,Olivoidea,443589,f2d649,3270,411805
443626,Olividae,443625,f2d649,3270,23082
443627,Ancillariidae,443625,f2d649,3270,993219
443628,Amalda,443627,f2d649,3270,390993
443629,"Amalda sp",443628,f2d649,3270,
443630,Naticoidea,443614,f2d649,3270,14776
443631,Naticidae,443630,f2d649,3270,145
443632,Vetigastropoda,443206,f2d649,3270,156485
443633,Trochida,443632,f2d649,3270,1052448
443634,Trochoidea,443633,f2d649,3270,156489
443635,Calliostomatidae,443634,f2d649,3270,382180
443636,Callostomatidae,443635,f24a4a,3270,
443637,Calliostomatinae,443635,f2d649,3270,411630
443638,Calliostoma,443637,f2d649,3270,138584
443639,"Calliostoma alertae",443638,f24a4a,3270,467159
443640,Turbinellidae,443592,f2d649,3270,23134
443641,Columbariidae,443592,f2d649,3270,390776
443642,Coluzea,443641,f2d649,3270,456389
443643,"Coluzea sp",443642,f2d649,3270,
443644,Cassidae,443615,f2d649,3270,22999
443645,Octopodinae,443237,f24a4a,3270,
443646,Incirrata,443237,f2d649,3270,11733
443647,Octopodoidea,443646,f2d649,3270,14672
443648,Enteroctopodidae,443647,f2d649,3270,834049
443649,Enteroctopus,443648,f2d649,3270,341422
443650,"Enteroctopus zealandicus",443649,f2d649,3270,534424
443651,"Enteroctopus zealandicus (yellow)",443650,f2d649,3270,
443652,Octopodidae,443647,f2d649,3270,11782
443653,Pinnoctopus,443652,f2d649,3270,341453
443654,"Pinnoctopus cordiformis",443653,f2d649,3270,342381
443655,Bathypolypodinae,443652,f24a4a,3270,746991
443656,Bathypolypodidae,443647,f2d649,3270,834051
443657,Benthoctopus,443656,f24a4a,3270,138266
443658,"Benthoctopus sp",443657,f24a4a,3270,
443659,Megaleledonidae,443647,f2d649,3270,834050
443660,Graneledone,443659,f2d649,3270,157018
443661,Graneledoninae,443659,f24a4a,3270,
443662,"Graneledone sp.",443660,f2d649,3270,
443663,Cirrata,443237,f2d649,3270,11732
443664,Opisthoteuthoidea,443663,f2d649,3270,1765494
443665,Opisthoteuthidae,443664,f2d649,3270,23083
443666,Opisthoteuthis,443665,f2d649,3270,138294
443667,Opisthoteuthididae,443665,f24a4a,3270,
443668,"Opisthoteuthis sp",443666,f2d649,3270,
443669,Cirroteuthididae/Luteuthididae,443663,f24a4a,3270,
443670,Crangonoidea,443192,f230b8,3270,106712
443671,Glyphocrangonidae,443670,f230b8,3270,106783
443672,Glyphocrangon,443671,f230b8,3270,107014
443673,Elpidiidae,443474,2ee693,3270,123191
443674,Scotoplanes,443673,2ee693,3270,123520
443675,"Scotoplanes sp",443674,2ee693,3270,
443677,"Coral (intact)",443116,f26f55,3270,
443678,"Coral rubble",443116,f26f55,3270,
443679,"Shell hash",443116,f26f55,3270,
443680,"Shell-coral hash",443116,f26f55,3270,
443681,"Calyptogena sp. shell",443116,f26f55,3270,
443682,Burrow,443297,640cf2,3270,
443683,Track,443297,640cf2,3270,
443684,Mound,443297,640cf2,3270,
443685,Pit,443297,640cf2,3270,
443686,Autobranchia,443274,f2d649,3270,1424948
443687,Pteriomorphia,443686,f2d649,3270,206
443688,Pectinida,443687,f2d649,3270,387324
443689,Pectinoidea,443688,f2d649,3270,151320
443690,Pectinidae,443689,f2d649,3270,213
443691,Camptonectinae,443690,f2d649,3270,391786
443692,Delectopecten,443691,f2d649,3270,138318
443693,"Delectopecten fosterianus",443692,f2d649,3270,391790
443694,"Faecal coil",443297,640cf2,3270,
443696,"Barnacle plates",443116,f26f55,3270,
443697,Heteroconchia,443686,f2d649,3270,1424949
443698,Euheterodonta,443697,f2d649,3270,382296
443699,Anomalodesmata,443698,f2d649,3270,254
443700,Verticordioidea,443699,f2d649,3270,382319
443701,Euciroidae,443700,f2d649,3270,406059
443702,Euciroa,443701,f2d649,3270,406060
443703,"Euciroa galatheae",443702,f2d649,3270,406392
443723,Corallimorpharia,443258,c50707,3270,1362
443724,"Corallimorpharia 1",443723,bbaaaa,3270,
443725,"Corallimorpharia 2",443723,bbaaaa,3270,
443726,"Corallimorpharia 3",443723,bbaaaa,3270,
443727,Zoanthidea,443258,c59c07,3270,16327
443728,Lithistida,443266,ff6666,3270,131605
443729,Lithistid,443728,ff6666,3270,
443730,Heteroscleromorpha,443266,ba66ff,3270,607950
443731,Tetractinellida,443730,ba66ff,3270,597812
443732,Astrophorina,443731,ba66ff,3270,131602
443733,Phymatellidae,443732,ba66ff,3270,171154
443734,Neoaulaxinia,443733,ba66ff,3270,171155
443735,"Neoaulaxinia persicum",443734,ba66ff,3270,246619
443736,Isoraphiniidae,443732,ba66ff,3270,171107
443737,Costifer,443736,ba66ff,3270,171108
443738,"Costifer wilsoni",443737,ba66ff,3270,171110
443739,Corallistidae,443732,ba66ff,3270,131679
443740,Awhiowhio,443739,ba66ff,3270,246622
443741,"Awhiowhio sepulchrum",443740,ba66ff,3270,246625
443742,Poecilosclerida,443730,ba66ff,3270,131599
443743,Poecilosclerid,443742,bbaaaa,3270,
443744,Latrunculiidae,443742,ba66ff,3270,131671
443745,Latrunculia,443744,ba66ff,3270,132038
443746,"Latrunculia spp",443745,ba66ff,3270,
443747,Astrophorida,443730,ff6666,3270,847773
443748,Astrophorid,443747,ff6666,3270,
443749,Geodiidae,443732,ba66ff,3270,131664
443750,Geodiinae,443749,ba66ff,3270,597252
443751,Geodia,443750,ba66ff,3270,132005
443752,"Geodia regina",443751,ba66ff,3270,170165
443753,Ancorinidae,443732,ba66ff,3270,131662
443754,Tethyopsis,443753,ba66ff,3270,170022
443755,"Tethyopsis n. sp.",443754,ba66ff,3270,
443756,Theneidae,443732,ba66ff,3270,131666
443757,Thenea,443756,ba66ff,3270,132019
443758,"Thenea novaezealandiae",443757,ba66ff,3270,170310
443759,Pachastrellidae,443732,c973ff,3270,131665
443760,Hadromerida,443730,ff6666,3270,131604
443761,Hadromerid,443760,ff6666,3270,
443762,Suberitida,443730,ba66ff,3270,845509
443763,Suberitidae,443762,ba66ff,3270,131676
443764,Suberites,443763,ba66ff,3270,132072
443765,"Suberites affinis",443764,ba66ff,3270,170832
443766,Halichondrida,443730,ff6666,3270,131596
443767,Halichondrid,443766,ff6666,3270,
443768,Axinellida,443730,ba66ff,3270,163084
443769,Axinellidae,443768,ba66ff,3270,131629
443770,Axinella,443769,ba66ff,3270,131774
443771,"Axinella spp",443770,ba66ff,3270,
443772,Axinella_Pararaphoxya,443770,ba66ff,3270,
443773,Spirophorida,443730,ff6666,3270,847774
443774,Spirophorina,443731,ba66ff,3270,131606
443775,Tetillidae,443774,ba66ff,3270,131683
443776,Antarctotetilla,443775,ba66ff,3270,885824
443777,"Antarctotetilla leptoderma",443776,ba66ff,3270,885825
443778,Haplosclerida,443730,ba66ff,3270,131598
443779,Haplosclerid,443778,bbaaaa,3270,
443780,Petrosiidae,443778,ba66ff,3270,131638
443781,Petrosia,443780,ba66ff,3270,131847
443782,"Encrusting sponges",443252,bbaaaa,3270,
443783,Lyssacinosida,443254,ba66ff,3270,171834
443784,Rossellidae,443783,ba66ff,3270,131694
443785,Hyalascus,443784,ba66ff,3270,172083
443786,"Hyalascus n. sp",443785,ba66ff,3270,
443787,Euplectellidae,443783,ba66ff,3270,131692
443788,Euplectellinae,443787,b262f4,3270,171888
443789,Euplectella,443788,b965fd,3270,132114
443790,"Euplectella regalis",443789,ff6666,3270,171907
443791,Sceptrulophora,443254,ba66ff,3270,605841
443792,Farreidae,443791,ba66ff,3270,131689
443793,"Farreidae (?)",443792,ba66ff,3270,
443794,Malacalcyonacea,443496,c50707,3270,1609357
443795,Isididae,443794,c50707,3270,125276
443796,"Pennatulacea 1",443498,c59c07,3270,
443797,"Pennatulacea 2",443498,c59c07,3270,
443798,"Pennatulacea 3",443498,c59c07,3270,
443799,"Pennatulacea 4",443498,c59c07,3270,
443800,"Pennatulacea 5",443498,c59c07,3270,
443801,Vacatina,443500,c50707,3270,1517259
443802,Caryophylliidae,443801,c50707,3270,135073
443803,Solenosmilia,443802,c50707,3270,135101
443804,"Solenosmilia variabilis",443803,c50707,3270,135168
443805,Madreporidae,443801,c50707,3270,1749892
443806,Madrepora,443805,c50707,3270,135123
443807,"Madrepora spp.",443806,c50707,3270,
443808,Refertina,443500,c50707,3270,1517258
443809,Dendrophylliidae,443808,c50707,3270,135074
443810,Enallopsammia,443809,c50707,3270,135112
443811,"Enallopsammia spp.",443810,c50707,3270,
443812,"cup corals (stalked)",443500,bbaaaa,3270,
443813,"cup corals (cup)",443500,bbaaaa,3270,
443814,"Desmophyllum/ Caryophyllia",443500,c50707,3270,
443815,Megaleledone,443659,f2d649,3270,325323
443816,"Megaleledone setebos",443815,f2d649,3270,325324
443817,Flabellidae,443808,c50707,3270,135075
443818,Flabellum,443817,c50707,3270,135114
443819,"Flabellum rubrum",443818,c59c07,3270,1417099
443820,"Flabellum 1",443818,c50707,3270,
443821,"Flabellum 3",443818,c50707,3270,
443822,"Flabellum loure kexeii",443818,c59c07,3270,
443823,"Flabellum knoxi",443818,c59c07,3270,1449415
443824,Scleralcyonacea,443496,c50707,3270,1609355
443825,Coralliidae,443824,c50707,3270,125280
443826,Anthomastinae,443825,c50707,3270,1510270
443827,Anthomastus,443826,c50707,3270,125285
443828,"Anthomastus sp.",443827,c50707,3270,
443829,Goniocorella,443802,c50707,3270,267452
443830,"Goniocorella dumosa",443829,c50707,3270,290021
443831,Primnoidae,443824,c50707,3270,125278
443832,Callogorgia,443831,c50707,3270,125317
443833,"Callogorgia spp",443832,c50707,3270,
443834,Primnoella,443831,c50707,3270,125322
443835,"Primnoella spp",443834,c50707,3270,
443836,Thouarella,443831,c50707,3270,125323
443837,Paragorgiidae,443824,c59c07,3270,125281
443838,paragorgiidae,443837,c59c07,3270,
443839,Paragorgia,443825,c50707,3270,125326
443840,"Paragorgia spp",443839,c50707,3270,
443841,Sibogagorgia,443825,c50707,3270,267835
443842,"Sibogagorgia spp",443841,c50707,3270,
443843,Chrysogorgiidae,443824,c50707,3270,125273
443844,Radicipes,443843,c50707,3270,125297
443845,"Radicipes spp",443844,c50707,3270,
443846,Corallium,443825,c50707,3270,125325
443847,"Corallium sp.",443846,c50707,3270,
443848,Errina,443505,c50707,3270,117242
443849,"Errina spp",443848,c50707,3270,
443850,Schizopathidae,443501,c50707,3270,266964
443851,Bathypathes,443850,c50707,3270,103304
443852,Alcyoniidae,443794,c50707,3270,125269
443853,Dendrobathypathes,443850,c50707,3270,267372
443854,Clavulariidae,443794,c50707,3270,125270
443855,Clavularia,443854,c50707,3270,125286
443856,"Clavularia spp",443855,c50707,3270,
443857,Antipathidae,443501,c50707,3270,103301
443858,Antipathes,443857,c50707,3270,103302
443859,Ceriantharia,443258,c50707,3270,1361
443860,"Ceriantharia spp",443859,c50707,3270,
443861,Taiaroidae,443794,c50707,3270,266951
443862,Taiaroa,443861,c50707,3270,267887
443863,"Taiaroa tauhou",443862,c50707,3270,291172
443864,Sedentaria,443216,94ff4d,3270,754175
443865,Canalipalpata,443864,94ff4d,3270,154974
443866,Sabellida,443865,94ff4d,3270,901
443867,Sabellidae,443866,94ff4d,3270,985
443868,"Sabellidae (fan worm)",443867,bbaaaa,3270,
443869,"Crinoidea (stalked)",443175,bbaaaa,3270,
443870,"Cnidaria incertae sedis",443256,c59c07,3270,135218
443871,Medusa,443870,c59c07,3270,596365
443878,Tubiporidae,443794,c50707,3270,196208
443879,Telesto,443878,c50707,3270,177688
443880,"Telesto sp.",443879,c50707,3270,
443881,Rhodelinda,443878,c50707,3270,267809
443882,"Rhodelinda spp",443881,c50707,3270,
443883,FISH,443158,e645b5,3270,
443884,Pleuronectiformes,443154,30c8f2,3270,10331
443885,Achiropsettidae,443884,30c8f2,3270,154169
443886,ACHIROPSETTIDAE,443885,30c8f2,3270,
443887,Mancopsetta,443885,30c8f2,3270,205796
443888,"Mancopsetta maculata",443887,30c8f2,3270,234783
443889,Alepocephaliformes,443154,30c8f2,3270,1517449
443890,Alepocephalidae,443889,30c8f2,3270,125507
443891,ALEPOCEPHALIDAE,443890,30c8f2,3270,
443892,Aulopiformes,443154,30c8f2,3270,10308
443893,Anotopteridae,443892,30c8f2,3270,125440
443894,ANOTOPTERIDAE,443893,30c8f2,3270,
443895,Anotopterus,443893,30c8f2,3270,125662
443896,"Anotopterus pharao",443895,30c8f2,3270,126334
443897,Artedidraconidae,443156,30c8f2,3270,151398
443898,ARTEDIDRACONIDAE,443897,30c8f2,3270,
443899,Artedidraco,443897,30c8f2,3270,234581
443900,"Artedidraco glareobarbatus",443899,30c8f2,3270,279404
443901,"Artedidraco loennbergi",443899,f23131,3270,234615
443902,"Artedidraco orianae",443899,30c8f2,3270,234592
443903,"Artedidraco shackletoni",443899,30c8f2,3270,234817
443904,"Artedidraco skottsbergi",443899,f23131,3270,234621
443905,Dolloidraco,443897,30c8f2,3270,234530
443906,"Dolloidraco longedorsalis",443905,30c8f2,3270,234696
443907,Histiodraco,443897,30c8f2,3270,234548
443908,"Histiodraco velifer",443907,30c8f2,3270,234790
443909,Pogonophryne,443897,30c8f2,3270,234571
443910,"Pogonophryne albipinna",443909,30c8f2,3270,279379
443911,"Pogonophryne barsukovi",443909,30c8f2,3270,234826
443912,"Pogonophryne cerebropogon",443909,30c8f2,3270,234832
443913,"Pogonophryne immaculata",443909,39a1e6,3270,234814
443914,"Pogonophryne lanceobarbata",443909,30c8f2,3270,234838
443915,"Pogonophryne macropogon",443909,30c8f2,3270,234756
443916,"Pogonophryne marmorata",443909,30c8f2,3270,234730
443917,"Pogonophryne mentella",443909,30c8f2,3270,234668
443918,"Pogonophryne permitini",443909,30c8f2,3270,234611
443919,"Pogonophryne scotti",443909,30c8f2,3270,234837
443920,"Pogonophryne ventrimaculata",443909,30c8f2,3270,234793
443921,ASTRONESTHIDAE,443158,e645b5,3270,
443922,Stomiiformes,443154,30c8f2,3270,10306
443923,Stomiidae,443922,30c8f2,3270,125604
443924,Astronesthinae,443923,30c8f2,3270,154228
443925,Borostomias,443924,30c8f2,3270,126204
443926,"Borostomias antarcticus",443925,30c8f2,3270,127334
443927,Bathydraconidae,443156,30c8f2,3270,151405
443928,BATHYDRACONIDAE,443927,30c8f2,3270,
443929,Gymnodraconinae,443927,30c8f2,3270,826601
443930,Acanthodraco,443929,30c8f2,3270,234567
443931,"Acanthodraco dewitti",443930,30c8f2,3270,234690
443932,Bathydraconinae,443927,30c8f2,3270,826600
443933,Akarotaxis,443932,30c8f2,3270,234543
443934,"Akarotaxis nudiceps",443933,ff7119,3270,234600
443935,Bathydraco,443932,2cb7dd,3270,234552
443936,"Bathydraco antarcticus",443935,2fc6ef,3270,234794
443937,"Bathydraco c.f. antarcticus",443936,2fc6ef,3270,
443938,"Bathydraco macrolepis",443935,30c8f2,3270,234597
443939,"Bathydraco marri",443935,30c8f2,3270,234816
443940,"Bathydraco scotiae",443935,18adf2,3270,234736
443941,Cygnodraco,443932,30c8f2,3270,234584
443942,"Cygnodraco mawsoni",443941,30c8f2,3270,234834
443943,Gerlachea,443932,30c8f2,3270,234529
443944,"Gerlachea australis",443943,30c8f2,3270,234808
443945,Gymnodraco,443929,30c8f2,3270,234534
443946,"Gymnodraco acuticeps",443945,30c8f2,3270,234800
443947,Prionodraco,443932,30c8f2,3270,234537
443948,"Prionodraco evansii",443947,30c8f2,3270,234777
443949,Racovitzia,443932,30c8f2,3270,234574
443950,"Racovitzia glacialis",443949,30c8f2,3270,234799
443951,Vomeridens,443932,30c8f2,3270,234528
443952,"Vomeridens infuscipinnis",443951,30c8f2,3270,234750
443953,Argentiniformes,443154,30c8f2,3270,1321884
443954,Bathylagidae,443953,30c8f2,3270,125509
443955,BATHYLAGIDAE,443954,30c8f2,3270,
443956,Bathylagus,443954,30c8f2,3270,125888
443957,"Bathylagus antarcticus",443956,30c8f2,3270,234631
443958,Beryciformes,443154,30c8f2,3270,10322
443959,Cetomimidae,443958,30c8f2,3270,125460
443960,CETOMIMIDAE,443959,30c8f2,3270,
443961,Gyrinomimus,443959,30c8f2,3270,205036
443962,"Gyrinomimus grahami",443961,30c8f2,3270,221398
443963,CHANNICHTHYIDAE,443161,30c8f2,3270,
443964,Chionobathyscus,443161,30c8f2,3270,234541
443965,"Chionobathyscus dewitti",443964,30c8f2,3270,234650
443966,Cryodraco,443161,30c8f2,3270,234551
443967,"Cryodraco antarcticus",443966,30c8f2,3270,234720
443968,"Cryodraco atkinsoni",443966,f23131,3270,234773
443969,Chionodraco,443161,30c8f2,3270,234582
443970,"Chionodraco sp",443969,30c8f2,3270,
443971,"Chionodraco hamatus",443969,30c8f2,3270,234795
443972,"Chionodraco myersi",443969,30c8f2,3270,234646
443973,Chaenodraco,443161,30c8f2,3270,234533
443974,"Chaenodraco wilsoni",443973,30c8f2,3270,234609
443975,Dacodraco,443161,30c8f2,3270,234522
443976,"Dacodraco hunteri",443975,30c8f2,3270,234614
443977,Neopagetopsis,443161,30c8f2,3270,234521
443978,"Neopagetopsis ionah",443977,30c8f2,3270,234685
443979,Pagetopsis,443161,30c8f2,3270,234539
443980,"Pagetopsis macropterus",443979,30c8f2,3270,234707
443981,"Pagetopsis maculatus",443979,f23131,3270,1621601
443982,Scombriformes,443154,30c8f2,3270,1517490
443983,Chiasmodontidae,443982,30c8f2,3270,125529
443984,CHIASMODONTIDAE,443983,30c8f2,3270,
443985,Kali,443983,2ebfe8,3270,125957
443986,"Kali sp.",443985,2ebfe8,3270,
443987,Gempylidae,443982,30c8f2,3270,125536
443988,GEMPYLIDAE,443987,30c8f2,3270,
443989,Paradiplospinus,443987,30c8f2,3270,206025
443990,"Paradiplospinus gracilis",443989,30c8f2,3270,219693
443991,Gonostomatidae,443922,30c8f2,3270,125601
443992,GONOSTOMATIDAE,443991,30c8f2,3270,
443993,Cyclothone,443991,30c8f2,3270,126187
443994,"Cyclothone microdon",443993,30c8f2,3270,127286
443995,"Cyclothone pseudopallida",443993,30c8f2,3270,127289
443996,Cottoidei,443155,30c8f2,3270,154417
443997,Liparidae,443996,30c8f2,3270,234519
443998,LIPARIDIDAE,443997,f23131,3270,
443999,Careproctus,443997,26f4ff,3270,126156
444000,"Careproctus ampliceps",443999,26f4ff,3270,234764
444001,"Careproctus catherinae",443999,30c8f2,3270,234620
444002,"Careproctus inflexidens",443999,30c8f2,3270,234598
444003,"Careproctus polarsterni",443999,3dc5f2,3270,234818
444004,"Careproctus pseudoprofundicola",443999,30c8f2,3270,234746
444005,"Careproctus vladibeckeri",443999,30c8f2,3270,274482
444006,Edentoliparis,443997,30c8f2,3270,234526
444007,"Edentoliparis terraenovae",444006,30c8f2,3270,234699
444008,Paraliparis,443997,30c8f2,3270,126161
444009,"Paraliparis sp.",444008,30c8f2,3270,
444010,"Paraliparis c.f. longipectoralis",444008,f23131,3270,
444011,"Paraliparis andriashevi",444008,30c8f2,3270,234755
444012,"Paraliparis antarcticus",444008,30c8f2,3270,274548
444013,"Paraliparis devriesi",444008,30c8f2,3270,234658
444014,"Paraliparis fuscolingua",444008,30c8f2,3270,234634
444015,"Paraliparis macrocephalus",444008,30c8f2,3270,234652
444016,"Paraliparis rossi",444008,18bcf2,3270,234760
444017,MACROURIDAE,443314,30c8f2,3270,
444018,Macrourinae,443314,30c8f2,3270,154232
444019,Coryphaenoides,444018,30c8f2,3270,125748
444020,"Coryphaenoides armatus",444019,30c8f2,3270,158952
444021,"Coryphaenoides ferrieri",444019,30c8f2,3270,234589
444022,"Coryphaenoides lecointei",444019,30e9f2,3270,234596
444023,Cynomacrurus,444018,30c8f2,3270,234535
444024,"Cynomacrurus piriei",444023,30c8f2,3270,234823
444025,Macrourus,444018,30c8f2,3270,125752
444026,"Macrourus holotrachys",444025,30c8f2,3270,234831
444027,"Macrourus whitsoni",444025,30c8f2,3270,234606
444028,Lophiiformes,443154,30c8f2,3270,10316
444029,Melanocetidae,444028,30c8f2,3270,125494
444030,MELANOCETIDAE,444029,30c8f2,3270,
444031,Melanocetus,444029,30c8f2,3270,125803
444032,"Melanocetus rossi",444031,30c8f2,3270,234637
444033,Moridae,443313,30c8f2,3270,125474
444034,"Moridae (cods)",444033,bbaaaa,3270,
444035,Antimora,444033,30c8f2,3270,125763
444036,"Antimora rostrata",444035,30c8f2,3270,126486
444037,Halargyreus,444033,30c8f2,3270,125766
444038,"Halargyreus johnsonii",444037,30c8f2,3270,126489
444039,Lepidion,444033,30c8f2,3270,125768
444040,"Lepidion sp.",444039,30c8f2,3270,
444041,Muraenolepididae,443313,30c8f2,3270,154631
444042,MURAENOLEPIDIDAE,444041,30c8f2,3270,
444043,Muraenolepis,444041,2dbae1,3270,234525
444044,"Muraenolepis marmoratus",444043,f23131,3270,234705
444045,"Muraenolepis microcephalus",444043,f23131,3270,234809
444046,"Muraenolepis microps",444043,30c8f2,3270,234742
444047,"Muraenolepis orangiensis",444043,30c8f2,3270,234824
444048,Myctophiformes,443154,30c8f2,3270,10309
444049,Myctophidae,444048,30c8f2,3270,125498
444050,MYCTOPHIDAE,444049,30c8f2,3270,
444051,Electrona,444049,30c8f2,3270,125821
444052,"Electrona antarctica",444051,30c8f2,3270,217697
444053,"Electrona carlsbergi",444051,30c8f2,3270,234638
444054,"Electrona sp.",444051,30c8f2,3270,
444055,Gymnoscopelus,444049,30c8f2,3270,205276
444056,"Gymnoscopelus braueri",444055,30c8f2,3270,234642
444057,"Gymnoscopelus bolini",444055,17b9e6,3270,234729
444058,"Gymnoscopelus fraseri",444055,2fc5ee,3270,234657
444059,"Gymnoscopelus hintonoides",444055,30c8f2,3270,234656
444060,"Gymnoscopelus microlampas",444055,30c8f2,3270,234717
444061,"Gymnoscopelus microlampus",444060,f23131,3270,
444062,"Gymnoscopelus nicholsi",444055,30c8f2,3270,234821
444063,"Gymnoscopelus opisthopterus",444055,30c8f2,3270,234749
444064,"Gymnoscopelus piabilis",444055,30c8f2,3270,217699
444065,Krefftichthys,444049,30c8f2,3270,234580
444066,"Krefftichthys anderssoni",444065,30c8f2,3270,234641
444067,Nannobrachium,444049,f23131,3270,158908
444068,"Nannobrachium achirus",444067,f23131,3270,221503
444069,Protomyctophum,444049,30c8f2,3270,125832
444070,"Protomyctophum bolini",444069,30c8f2,3270,234714
444071,NOTOTHENIIDAE,443157,30c8f2,3270,
444072,Pleuragrammatinae,443157,30c8f2,3270,826598
444073,Aethotaxis,444072,30c8f2,3270,234568
444074,"Aethotaxis mitopteryx",444073,30c8f2,3270,234660
444075,Dissostichus,444072,30c8f2,3270,234585
444076,"Dissostichus eleginoides",444075,30c8f2,3270,234700
444077,"Dissostichus mawsoni",444075,30c8f2,3270,234836
444078,Gvozdarus,444072,30c8f2,3270,234540
444079,"Gvozdarus svetovidovi",444078,30c8f2,3270,234674
444080,Nototheniinae,443157,2ec1e9,3270,826597
444081,Lepidonotothen,444080,2ebfe7,3270,234524
444082,"Lepidonotothen kempi",444081,f23131,3270,313344
444083,"Lepidonotothen larseni",444081,f23131,3270,234610
444084,"Lepidonotothen squamifrons",444081,30c8f2,3270,234788
444085,Notothenia,444080,30c8f2,3270,234532
444086,"Notothenia coriiceps",444085,30c8f2,3270,234679
444087,Trematominae,443157,30c8f2,3270,826599
444088,Pagothenia,444087,30c8f2,3270,234544
444089,"Pagothenia borchgrevinki",444088,30c8f2,3270,234801
444090,"Pagothenia brachysoma",444088,30c8f2,3270,234710
444091,Paranotothenia,444080,30c8f2,3270,234560
444092,"Paranotothenia dewitti",444091,30c8f2,3270,279364
444093,"Paranotothenia magellanica",444091,30c8f2,3270,234645
444094,Pleuragramma,444072,30c8f2,3270,234583
444095,"Pleuragramma antarcticum",444094,30c8f2,3270,234721
444096,Trematomus,444087,30c8f2,3270,234566
444097,"Trematomus bernacchii",444096,30c8f2,3270,234802
444098,"Trematomus eulepidotus",444096,30c8f2,3270,234754
444099,"Trematomus hansoni",444096,30c8f2,3270,234772
444100,"Trematomus lepidorhinus",444096,30c8f2,3270,234770
444101,"Trematomus loennbergii",444096,30c8f2,3270,234828
444102,"Trematomus newnesi",444096,30c8f2,3270,234628
444103,"Trematomus nicolai",444096,30c8f2,3270,234644
444104,"Trematomus pennellii",444096,30c8f2,3270,234709
444105,"Trematomus scotti",444096,30c8f2,3270,234665
444106,"Trematomus tokarevi",444096,30c8f2,3270,234689
444107,Oneirodidae,444028,30c8f2,3270,125496
444108,ONEIRODIDAE,444107,30c8f2,3270,
444109,Oneirodes,444107,30c8f2,3270,125811
444110,"Oneirodes notius",444109,30c8f2,3270,234745
444111,Paralepididae,443892,30c8f2,3270,125447
444112,PARALEPIDIDAE,444111,30c8f2,3270,
444113,Notolepis,444111,f23131,3270,147036
444114,"Notolepis coatsi",444113,f23131,3270,234695
444115,Rajiformes,443320,30c8f2,3270,10216
444116,Rajidae,444115,30c8f2,3270,105711
444117,RAJIDAE,444116,30c8f2,3270,
444118,Amblyraja,444116,39b5e6,3270,105760
444119,"Amblyraja georgiana",444118,39b5e6,3270,234607
444120,Arhynchobatidae,444115,30c8f2,3270,714639
444121,Bathyraja,444120,30c8f2,3270,105761
444122,"Bathyraja eatonii",444121,30c8f2,3270,234813
444123,"Bathyraja cf. eatonii",444122,30c8f2,3270,
444124,"Bathyraja maccaini",444121,30c8f2,3270,234675
444125,"Bathyraja sp.",444121,30c8f2,3270,
444126,Scopelarchidae,443892,30c8f2,3270,125448
444127,SCOPELARCHIDAE,444126,30c8f2,3270,
444128,Benthalbella,444126,30c8f2,3270,125681
444129,"Benthalbella elongata",444128,30c8f2,3270,234655
444130,"Benthalbella macropinna",444128,f23131,3270,217722
444131,Serrivomeridae,443324,30c8f2,3270,125435
444132,SERRIVOMERIDAE,444131,30c8f2,3270,
444133,Serrivomer,444131,30c8f2,3270,125650
444134,"Serrivomer sp.",444133,30c8f2,3270,
444135,Zoarcoidei,443155,30c8f2,3270,151739
444136,Zoarcidae,444135,30c8f2,3270,125575
444137,ZOARCIDAE,444136,30c8f2,3270,
444138,Lycodinae,444136,30c8f2,3270,267127
444139,Dieidolycus,444138,30c8f2,3270,234564
444140,"Dieidolycus leptodermatus",444139,30c8f2,3270,234724
444141,Lycenchelys,444138,30c8f2,3270,126103
444142,"Lycenchelys antarctica",444141,30c8f2,3270,234625
444143,"Lycenchelys tristichodon",444141,30c8f2,3270,234739
444144,"Lycenchelys tristicodon",444143,f23131,3270,
444145,Lycodapus,444138,30c8f2,3270,234573
444146,"Lycodapus antarcticus",444145,30c8f2,3270,234662
444147,Lycodichthys,444138,30c8f2,3270,234550
444148,"Lycodichthys dearborni",444147,30c8f2,3270,234713
444149,Gymnelinae,444136,30c8f2,3270,267126
444150,Melanostigma,444149,30c8f2,3270,126106
444151,"Melanostigma vitiazi",444150,30c8f2,3270,234680
444152,"Melanostigmata vitiazi",444151,f23131,3270,
444153,Ophthalmolycus,444138,30c8f2,3270,234561
444154,"Ophthalmolycus amberensis",444153,30c8f2,3270,234617
444155,"Ophthalmolycus bothriocephalus",444153,30c8f2,3270,234743
444156,Pachycara,444138,30c8f2,3270,126107
444157,"Pachycara brachycephalum",444156,2ec0e9,3270,234688
444158,"Pachycara sp.",444156,30c8f2,3270,
444159,Seleniolycus,444149,30c8f2,3270,234579
444160,"Seleniolycus laevifasciatus",444159,30c8f2,3270,234701
444161,"Trematomus sp",444096,30c8f2,3270,
444162,Odontasteridae,443357,2ee693,3270,123136
444163,Acodontaster,444162,2ee693,3270,172592
444164,"Acodontaster sp.",444163,2ee693,3270,
444165,Bathybiaster/Psilaster,443348,2ee693,3270,
444166,Diplasterias,443331,2ee693,3270,172529
444167,"Diplasterias brucei",444166,2ee693,3270,172650
444168,"Hippasteria phrygiana",443360,2ee693,3270,124043
444169,"Hippasteria phyrgiana",444168,e62d2d,3270,
444170,Heliasteridae,443326,2ee693,3270,255069
444171,Labidiaster,444170,2ee693,3270,178808
444172,"Labidiaster annulatus",444171,2ee693,3270,234924
444173,Leptychaster,443348,2ee693,3270,123250
444174,"Leptychaster flexuosus",444173,2ee693,3270,172720
444175,Luidiaster,443340,2de391,3270,123241
444176,"Luidiaster gerlachei",444175,e62d2d,3270,172732
444177,Macroptychaster,443348,2ee693,3270,234929
444178,Macroptychaster?,444177,2ee693,3270,
444179,Notasterias/Leptasterias,443331,2ee693,3270,
444180,Pteraster,443375,2ee693,3270,123335
444181,"Pteraster sp.",444180,2ee693,3270,
444182,"Solaster regularis",443379,2ee693,3270,172792
444183,"Solaster regularis subarcuatus",444182,2ee693,3270,172793
444184,"Solaster regularis arcuatus",444183,e62d2d,3270,
444185,Asterinidae,443357,2ee693,3270,123133
444186,Tremasterinae,444185,2ee693,3270,1532229
444187,Tremaster,444186,2ee693,3270,123286
444188,"Tremaster mirabilis",444187,2ee693,3270,124002
444189,Astrotominae,443410,2ee693,3270,1249712
444190,Astrotoma,444189,2ee693,3270,172601
444191,"Astrotoma agassizii",444190,2ee693,3270,173167
444192,"Crinoid 01 (IPY)",443176,bbaaaa,3270,
444193,"Crinoid 02 ""Hyocrinid"" (IPY)",443176,bbaaaa,3270,
444194,"Crinoid 03 (IPY)",443176,b1a1a1,3270,
444195,"Crinoid 04 (IPY)",443176,b3a3a3,3270,
444196,"Crinoid 05 (IPY)",443176,bbaaaa,3270,
444197,"Crinoid 06 (IPY)",443176,b6a5a5,3270,
444198,"Crinoid 07 (IPY)",443176,b7a6a6,3270,
444199,"Crinoid 08 (IPY)",443176,b7a6a6,3270,
444200,"Crinoid 09 (IPY)",443176,baa9a9,3270,
444201,Paleopneustina,443453,2ee693,3270,510547
444202,Schizasteridae,444201,2ee693,3270,123176
444203,Abatus/Tripylus,444202,2ee693,3270,
444204,Ctenocidarinae,443413,e62d2d,3270,
444205,Ctenocidaridae,443413,2ee693,3270,510664
444206,Notocidaris,444205,2ee693,3270,160751
444207,Kamptosomatidae,443431,2ee693,3270,510777
444208,Kamptosoma,444207,2ee693,3270,160749
444209,Holasteroida,443452,2ee693,3270,160733
444210,Meridosternata,444209,2ee693,3270,510543
444211,Urechinina,444210,2ee693,3270,510568
444212,Pourtalesiidae,444211,2ee693,3270,123168
444213,Sterechinus,443438,2ee693,3270,160756
444214,"Sterechinus 01",444213,2ee693,3270,
444215,"Sterechinus 02",444213,2ee693,3270,
444216,"Sterechinus 03",444213,2ee693,3270,
444217,Amperima,443673,2ee693,3270,123510
444218,"Amperima robusta",444217,2ee693,3270,414289
444219,Aspidochirotida,443462,e62d2d,3270,123109
444220,"Aspidiochirotida 01 (IPY)",444219,e62d2d,3270,
444221,"Bathyplotes bongraini",443465,2ee693,3270,174113
444222,"Benthodytes sanguinolenta",443482,2ee693,3270,241785
444223,"Benthodytes sp.",443482,2ee693,3270,
444224,Dendrochirotida,443462,2ee693,3270,123111
444225,"Dendrochirotida 01 (IPY)",444224,2ee693,3270,
444226,"Elasipoda 01 (IPY)",443474,e62d2d,3270,
444227,Elpidia,443673,2ee693,3270,123512
444228,"Elpidia glacialis",444227,2ee693,3270,124726
444229,"Elipidia glacialis",444228,e62d2d,3270,
444230,"Holothurian 01 (IPY)",443173,bbaaaa,3270,
444231,"Laetmogone wyvillethomsoni",443476,2ee693,3270,124757
444232,"Laetmogone cf wyvillethomsoni",444231,2ee693,3270,
444233,Oneirophanta,443480,2ee693,3270,123508
444234,"Oneirophanta setigera",444233,2ee693,3270,241946
444235,"Pannychia moseleyi",443478,2ee693,3270,241954
444236,"Pannychia cf moseleyi",444235,2ee693,3270,
444237,Peniagone,443673,2ee693,3270,123515
444238,"Peniagone affinis",444237,2ee693,3270,241961
444239,"Peniagone sp.",444237,2ee693,3270,
444240,Protelpidia,443673,2ee693,3270,528598
444241,"Protelpidia murrayi",444240,2ee693,3270,529614
444242,"Pseudostichopus spiculiferus",443470,2ee693,3270,529642
444243,Psolidae,444224,2ee693,3270,123189
444244,Psolidium,444243,2ee693,3270,123505
444245,"Psolidium sp.",444244,2ee693,3270,
444246,Cucumariidae,444224,2ee693,3270,123187
444247,Staurocucumis,444246,2ee693,3270,123492
444248,"Staurocucumis abyssorum",444247,e62d2d,3270,529670
444249,"Synallactidae uni 01 (IPY)",443464,2ee693,3270,
444250,Gorgonocephalinae,443410,2ee693,3270,242203
444251,Gorgonocephalus,444250,2ee693,3270,123586
444252,"Gorgonocephalus chilensis",444251,2ee693,3270,173173
444253,Ophiacantha,443397,e62d2d,3270,123587
444254,"Ophiacantha pentactis",444253,e62d2d,3270,173235
444255,"Ophiacantha vivipara",444253,e62d2d,3270,173200
444256,Ophiocamacidae,443396,2ee693,3270,1116867
444257,Ophiocamax,444256,2ee693,3270,123590
444258,"Ophiocamax gigas",444257,2ee693,3270,173188
444259,Ophiurina,443389,2ee693,3270,242195
444260,Ophiuridae,444259,2ee693,3270,123200
444261,Ophiurinae,444260,2ee693,3270,242216
444262,Ophionotus,444261,2ee693,3270,172621
444263,"Ophionotus victoriae",444262,2ee693,3270,173593
444264,Ophiopyrgidae,444259,2ee693,3270,1062638
444265,Ophioperla,444264,2ee693,3270,172622
444266,"Ophioperla koehleri",444265,2ee693,3270,173596
444267,Ophiosparte,444264,2ee693,3270,172605
444268,"Ophiosparte gigas",444267,2ee693,3270,173270
444269,Ophiosteira,444264,2ee693,3270,172626
444270,"Ophiosteira sp.",444269,2ee693,3270,
444271,"Isopod pink (IPY)",443234,bbaaaa,3270,
444272,Ophiuroglypha,444264,2ee693,3270,467707
444273,"Ophiuroglypha carinifera",444272,2ee693,3270,173680
444274,Ophiurolepis,444261,e62d2d,3270,123575
444275,"Ophiurolepis sp.",444274,e62d2d,3270,
444276,Anenthemonae,443259,c50707,3270,888370
444277,Actinernoidea,444276,c50707,3270,888372
444278,Actinernidae,444277,c50707,3270,100650
444279,Actinernus,444278,c50707,3270,100691
444280,"Actinernus elongatus",444279,c50707,3270,172869
444281,"Anemone 01 orange (IPY)",443264,bbaaaa,3270,
444282,"Anemone 12 Lrgpurple (IPY)",443264,bbaaaa,3270,
444283,"Anemone uni 1",443264,bbaaaa,3270,
444284,"Anemone uni 2",443264,bbaaaa,3270,
444285,"Anemone uni 3",443264,bbaaaa,3270,
444286,"Anemone uni 4",443264,bbaaaa,3270,
444287,"Anemone uni 5",443264,bbaaaa,3270,
444288,"Anemone uni 6",443264,baa9a9,3270,
444289,"Anemone uni 7",443264,b9a8a8,3270,
444290,"Anemone uni 8",443264,b9a8a8,3270,
444291,"Anemone uni 9",443264,b7a7a7,3270,
444292,"Anemone uni 10",443264,bbaaaa,3270,
444293,"Anemone uni 11",443264,bbaaaa,3270,
444294,"Anemone uni 12",443264,bbaaaa,3270,
444295,"Anemone uni 13",443264,bbaaaa,3270,
444296,"Anemone uni 14",443264,bbaaaa,3270,
444297,"Anemone uni 15",443264,bbaaaa,3270,
444298,"Anemone uni 16",443264,bbaaaa,3270,
444299,"Anemone uni 17",443264,bbaaaa,3270,
444300,"Anemone uni 18",443264,bbaaaa,3270,
444301,"Anemone uni 19",443264,bbaaaa,3270,
444302,"cf. Actinernus",444279,c50707,3270,
444303,Edwardsioidea,444276,c50707,3270,888373
444304,Edwardsiidae,444303,c50707,3270,100665
444305,Edwardsia,444304,c50707,3270,100730
444306,"cf. Edwardsid",444305,bbaaaa,3270,
444307,Enthemonae,443259,c50707,3270,888371
444308,Actinioidea,444307,c50707,3270,853973
444309,Liponematidae,444308,c50707,3270,100677
444310,"cf. Liponema/Bolocera",444309,c50707,3270,
444311,Corallimorphidae,443723,c50707,3270,100685
444312,Corallimorphus,444311,c50707,3270,100784
444313,"Corallimorphus profundus",444312,c50707,3270,283831
444314,Metridioidea,444307,c50707,3270,854224
444315,Hormathiidae,444314,c50707,3270,100672
444316,Liponema,444309,c50707,3270,100769
444317,"Liponema multiporum",444316,c50707,3270,173373
444318,"Orange disc?",443264,bbaaaa,3270,
444319,Actiniidae,444308,c50707,3270,100653
444320,Urticinopsis,444319,c50707,3270,231821
444321,"Urticinopsis antarctica",444320,c50707,3270,231822
444322,"Arenaria (Edwardsia) sp.",444305,c59c07,3270,
444323,"Anemone 02 white (IPY)",443264,bbaaaa,3270,
444324,"Anemone 03 smwhite (IPY)",443264,bbaaaa,3270,
444325,"Anemone 04 pink (IPY)",443264,bbaaaa,3270,
444326,"Anemone 05 red (IPY)",443264,bbaaaa,3270,
444327,"Anemone 06 brown (IPY)",443264,bbaaaa,3270,
444328,"Anemone 07 smorange (IPY)",443264,bbaaaa,3270,
444329,"Anemone 08 smyellow (IPY)",443264,bbaaaa,3270,
444330,"Anemone 09 stkpink (IPY)",443264,baa9a9,3270,
444331,"Anemone 10 buttonorange (IPY)",443264,baa9a9,3270,
444332,"Anemone 11 ceriantid? (IPY)",443264,bbaaaa,3270,
444333,Aplanulata,443503,c50707,3270,719741
444334,Corymorphidae,444333,c50707,3270,1598
444335,Monocaulus,444334,c50707,3270,231551
444336,"Monocaulus microrhiza",444335,c59c07,3270,835529
444337,"Monocaulus parvula",444335,c59c07,3270,834712
444338,"Ascidian 01 (IPY)",443282,bbaaaa,3270,
444339,"Ascidian 02 (IPY)",443282,bbaaaa,3270,
444340,"Ascidian 03 (IPY)",443282,bbaaaa,3270,
444341,"Ascidian 04 (IPY)",443282,bbaaaa,3270,
444342,"Ascidian 05 (IPY)",443282,bbaaaa,3270,
444343,"Ascidian 06 (IPY)",443282,bbaaaa,3270,
444344,"Ascidian 07 (IPY)",443282,bbaaaa,3270,
444345,"Ascidian 08 (IPY)",443282,bbaaaa,3270,
444346,"Ascidian 09 (IPY)",443282,b8a7a7,3270,
444352,Gymnolaemata,443278,0dff6a,3270,1795
444353,Cheilostomatida,444352,0dff6a,3270,110722
444354,Flustrina,444353,0dff6a,3270,153575
444355,Microporoidea,444354,0dff6a,3270,153647
444356,Aspidostomatidae,444355,0dff6a,3270,172921
444357,Lepralielloidea,444354,40ff5c,3270,152299
444358,Romancheinidae,444357,40ff5c,3270,110770
444359,Bostrychopora,444358,40ff5c,3270,468783
444360,"Bostrychopora dentata",444359,40ff5c,3270,472482
444361,Buguloidea,444354,0dff6a,3270,153582
444362,Bugulidae,444361,0dff6a,3270,110731
444363,Camptoplites,444362,0dff6a,3270,173016
444364,"Camptoplites bicornis",444363,0dff6a,3270,172972
444365,"Camptoplites rectilinearis",444363,0dff6a,3270,172981
444366,"Camptoplites sp.",444363,0dff6a,3270,
444367,"Camptoplites tricornis",444363,5ef230,3270,172984
444368,Cellarioidea,444354,0dff6a,3270,153637
444369,Cellariidae,444368,0dff6a,3270,110735
444370,Cellaria,444369,0dff6a,3270,110869
444371,"Cellaria aurorae",444370,ff0f0f,3270,173266
444372,Sclerodomidae,444357,0dff6a,3270,174319
444373,Cellarinella,444372,0dff6a,3270,174320
444374,"Cellarinella foveolata",444373,0dff6a,3270,174322
444375,"Cellarinella njegovanae",444373,0dff6a,3270,174326
444376,Cellarinelloides,444372,0dff6a,3270,174332
444377,"Cellarinelloides crassus",444376,0dff6a,3270,174333
444378,Stenolaemata,443278,0dff6a,3270,1794
444379,Cyclostomatida,444378,0dff6a,3270,110724
444380,Fasciculina,444379,0dff6a,3270,238292
444381,Frondiporidae,444380,0dff6a,3270,160489
444382,Fasciculipora,444381,0dff6a,3270,173997
444383,"Fasciculipora ramosa",444382,0dff6a,3270,174001
444384,"Cheilostomatida incertae sedis",444353,0dff6a,3270,467882
444385,Klugeflustra,444384,0dff6a,3270,173760
444386,"Klugeflustra antarctica",444385,0dff6a,3270,173764
444387,"Klugeflustra vanhoeffeni",444385,0dff6a,3270,471196
444388,Flustroidea,444354,0dff6a,3270,153580
444389,Flustridae,444388,0dff6a,3270,110749
444390,Nematoflustra,444389,0dff6a,3270,173766
444391,"Nematoflustra flagellata",444390,0dff6a,3270,173787
444392,Tubuliporina,444379,0dff6a,3270,160488
444393,Tubuliporidae,444392,0dff6a,3270,110814
444394,Idmidronea,444393,0dff6a,3270,111052
444395,"Idmidronea obtecta",444394,0dff6a,3270,174136
444396,Smittinoidea,444354,0dff6a,3270,153664
444397,Smittinidae,444396,0dff6a,3270,110775
444398,Pemmatoporella,444397,0dff6a,3270,174356
444399,"Pemmatoporella marginata",444398,0dff6a,3270,174358
444400,Celleporoidea,444354,0dff6a,3270,153667
444401,Phidoloporidae,444400,0dff6a,3270,110768
444402,Reteporella,444401,0dff6a,3270,110956
444403,"Reteporella frigida",444402,0dff6a,3270,174309
444404,"Reteporella gelida",444402,0dff6a,3270,174310
444405,Cymothoida,443234,f230b8,3270,292941
444406,Cymothooidea,444405,f230b8,3270,292946
444407,Aegidae,444406,f230b8,3270,118272
444408,Aega,444407,f230b8,3270,118394
444409,Ceratoserolis,443578,f230b8,3270,1554737
444410,"Ceratosesolis sp.",444409,f23131,3270,
444411,Palliolinae,443690,f2d649,3270,393793
444412,Adamussiini,444411,f2d649,3270,393702
444413,Adamussium,444412,f2d649,3270,196913
444414,"Adamussium colbecki",444413,f2d649,3270,197021
444415,Cuspidarioidea,443699,f2d649,3270,382315
444416,Cuspidariidae,444415,f2d649,3270,1788
444417,Cuspidaria,444416,f2d649,3270,137858
444418,Arcida,443687,f2d649,3270,207
444419,Limopsoidea,444418,f2d649,3270,489059
444420,Limopsidae,444419,f2d649,3270,2093
444421,Limopsis,444420,f2d649,3270,138132
444422,"Limopsis marionensis",444421,f2d649,3270,197236
444423,Cymbiinae,443591,f2d649,3270,382308
444424,Zidonini,444423,f2d649,3270,382326
444425,Harpovoluta,444424,f2d649,3270,197004
444426,"Harpovoluta charcoti",444425,f2d649,3270,197189
444427,Polinicinae,443631,f2d649,3270,224937
444428,Amauropsis,444427,f2d649,3270,138236
444429,"Amauropsis sp.",444428,f2d649,3270,
444430,Chlanidota,443605,f2d649,3270,196926
444431,"Chlanidota sp.",444430,f2d649,3270,
444432,Patellogastropoda,443206,f2d649,3270,382158
444433,Lottioidea,444432,f2d649,3270,391063
444434,Lepetidae,444433,f2d649,3270,1733
444435,Bathylepeta,444434,f2d649,3270,244680
444436,"Bathylepeta linseae",444435,f2d649,3270,244681
444437,"Bathylepeta cf linsae",444436,f24a4a,3270,
444438,Polyplacophora,443205,f2d649,3270,55
444439,Neoloricata,444438,f2d649,3270,57
444440,Chitonida,444439,f2d649,3270,382003
444441,Acanthochitonina,444440,f2d649,3270,90
444442,Mopalioidea,444441,f2d649,3270,385408
444443,Mopaliidae,444442,f2d649,3270,23074
444444,Mopaliinae,444443,f2d649,3270,385536
444445,Nuttallochiton,444444,f2d649,3270,385568
444446,"Nuttallochiton mirandus",444445,f2d649,3270,386365
444447,Euthyneura,443210,f2d649,3270,1057247
444448,Ringipleura,444447,f2d649,3270,1057249
444449,Nudipleura,444448,f2d649,3270,411966
444450,Nudibranchia,444449,f2d649,3270,1762
444451,Doridina,444450,f2d649,3270,1052385
444452,Doridoidei,444451,f2d649,3270,246038
444453,Doridoidea,444452,f2d649,3270,173
444454,Dorididae,444453,f2d649,3270,9904
444455,Austrodoris,444454,f2d649,3270,196949
444456,"Austrodoris kerguelenensis",444455,f2d649,3270,197053
444457,"Austrodoris kerguelensis",444456,f24a4a,3270,
444458,Pennatuloidea,443824,c50707,3270,1609360
444459,Umbellulidae,444458,c50707,3270,1758274
444460,Umbellula,444459,c50707,3270,1757986
444461,"Umbellula magniflora",444460,c50707,3270,173577
444462,"Umbellula pallida",444460,c39b07,3270,173579
444463,Terebellida,443865,94ff4d,3270,900
444464,Cirratuliformia,444463,94ff4d,3270,155087
444465,Flabelligeridae,444464,94ff4d,3270,976
444466,Flabelligera,444465,94ff4d,3270,129291
444467,"Flabelligera mundata",444466,ff4d4d,3270,173287
444468,Sabellinae,443867,94ff4d,3270,154917
444469,Perkinsiana,444468,94ff4d,3270,129542
444470,Phyllodocida,443245,94ff4d,3270,892
444471,Aphroditiformia,444470,94ff4d,3270,927
444472,Aphroditidae,444471,94ff4d,3270,938
444473,Laetmonice,444472,94ff4d,3270,129196
444474,"Laetmonice producta",444473,94ff4d,3270,129846
444475,Polynoidae,444471,94ff4d,3270,939
444476,Terebelliformia,444463,94ff4d,3270,152292
444477,Terebellidae,444476,94ff4d,3270,982
444478,Serpulidae,443866,94ff4d,3270,988
444479,Ammotheoidea,443582,f230b8,3270,1702219
444480,Ammotheidae,444479,f230b8,3270,1562
444481,Achelinae,444480,f230b8,3270,1702227
444482,Achelia,444481,f230b8,3270,134568
444483,"Achelia sp.",444482,f230b8,3270,
444484,Ammotheinae,444480,f230b8,3270,1702226
444485,Ammothea,444484,f230b8,3270,134569
444486,"Ammothea sp.",444485,f230b8,3270,
444487,Ammotheidae?,444480,f230b8,3270,
444488,"Colossendeis sp. 1 (IPY)",443586,f230b8,3270,
444489,"Colossendeis sp. 2 (IPY)",443586,f230b8,3270,
444490,Nymphonoidea,443582,f230b8,3270,379609
444491,Nymphonidae,444490,f230b8,3270,1566
444492,Nymphon,444491,f230b8,3270,134591
444493,"Nymphon sp.",444492,f230b8,3270,
444494,Pallenopsidae,444479,f230b8,3270,236317
444495,Alpheoidea,443192,f230b8,3270,106709
444496,Hippolytidae,444495,f230b8,3270,106777
444497,Chorismus,444496,f230b8,3270,369213
444498,"Chorismus antarcticus",444497,f230b8,3270,369214
444499,Crangonidae,443670,f230b8,3270,106782
444500,Phloeodictyidae,443778,ba66ff,3270,131639
444501,Calyx,444500,ba66ff,3270,131851
444502,"Calyx sp 1 (IPY)",444501,ba66ff,3270,
444503,"Calyx sp 2 (IPY)",444501,a95de8,3270,
444504,"Calyx arcuarius",444501,ff6666,3270,166927
444505,Cinachyra,443775,ba66ff,3270,132092
444506,"Cinachyra antarctica",444505,ba66ff,3270,171285
444507,"Cinachyra barbata",444505,ba66ff,3270,171286
444508,"Demospongiae 01 (IPY)",443267,bbaaaa,3270,
444509,"Demospongiae 02 (IPY)",443267,af9f9f,3270,
444510,"Demospongiae 03 (IPY)",443267,bbaaaa,3270,
444511,"Demospongiae 04 (IPY)",443267,bbaaaa,3270,
444512,"Demospongiae 05 (IPY)",443267,bbaaaa,3270,
444513,"Demospongiae 06 (IPY)",443267,bbaaaa,3270,
444514,"Demospongiae 08 (IPY)",443267,bbaaaa,3270,
444515,"Demospongiae 09 (IPY)",443267,bbaaaa,3270,
444516,"Demospongiae 10 (IPY)",443267,bbaaaa,3270,
444517,"Demospongiae 11 (IPY)",443267,bbaaaa,3270,
444518,"Demospongiae 12 (IPY)",443267,ab9b9b,3270,
444519,"Demospongiae 13 (IPY)",443267,af9f9f,3270,
444520,"Demospongiae 14 (IPY)",443267,b8a7a7,3270,
444521,Keratosa,443266,ba66ff,3270,366651
444522,Dendroceratida,444521,ba66ff,3270,131594
444523,Darwinellidae,444522,ba66ff,3270,131623
444524,Dendrilla,444523,ba66ff,3270,131741
444525,"Dendrilla antarctica",444524,ba66ff,3270,164875
444526,Dictyoceratida,444521,ba66ff,3270,131595
444527,Dysideidae,444526,ba66ff,3270,131624
444528,Dysidea,444527,ba66ff,3270,131745
444529,Chalinidae,443778,ba66ff,3270,131636
444530,Gellius,444529,ba66ff,3270,183660
444531,"Gellius rudis",444530,ff6666,3270,174926
444532,"Gellius sp.",444530,ba66ff,3270,
444533,Haliclona,444529,ba66ff,3270,131834
444534,"Haliclona dancoi",444533,ff6666,3270,166345
444535,"Haliclona sp2",444533,ba66ff,3270,
444536,"Haplosclerid 1",443779,bbaaaa,3270,
444537,Homaxinella,443763,ba66ff,3270,131777
444538,"Homaxinella sp. 1?",444537,ba66ff,3270,
444539,Coelosphaeridae,443742,ba66ff,3270,131650
444540,Inflatella,444539,ba66ff,3270,131926
444541,"Inflatella belli",444540,ba66ff,3270,168897
444542,Mycalidae,443742,ba66ff,3270,131649
444543,Mycale,444542,ba66ff,3270,131907
444544,"Mycale sp.?",444543,ba66ff,3270,
444545,Myxillidae,443742,ba66ff,3270,131658
444546,Myxilla,444545,ba66ff,3270,131970
444547,"Myxilla 1",444546,ba66ff,3270,
444548,"Myxilla 2",444546,ba66ff,3270,
444549,Polymastiida,443730,d780ff,3270,845494
444550,Polymastiidae,444549,d780ff,3270,131673
444551,Radiella,444550,d780ff,3270,170671
444552,"Axinellid 1 (IPY)",443769,ba66ff,3270,
444553,Craniella,443775,ba66ff,3270,132093
444554,"Craniella sagitta",444553,ff6666,3270,190736
444555,Hymedesmiidae,443742,ba66ff,3270,131655
444556,Kirkpatrickia,444555,ba66ff,3270,169295
444557,"Kirkpatrickia variolosa",444556,ba66ff,3270,169300
444558,Vulcanellidae,443732,ba66ff,3270,597265
444559,Poecillastra,444558,ba66ff,3270,132016
444560,"Poecillastra sp.",444559,ba66ff,3270,
444562,Stylocordylidae,443762,ba66ff,3270,131675
444563,Stylocordyla,444562,ba66ff,3270,132063
444564,"Stylocordyla borealis",444563,ba66ff,3270,134240
444565,Tedaniidae,443742,ba66ff,3270,131659
444566,Tedania,444565,b563f8,3270,131974
444567,"Tedania massa",444566,ff6666,3270,194263
444568,"Tedania massa?",444567,ff6666,3270,
444569,"Tedania turbinata",444566,ff6666,3270,194265
444570,Euretidae,443791,ba66ff,3270,131688
444571,"Euretidae 1",444570,ba66ff,3270,
444572,"Euretidae 2",444570,ba66ff,3270,
444573,Amphidiscophora,443253,ba66ff,3270,131607
444574,Amphidiscosida,444573,ba66ff,3270,160632
444575,Hyalonematidae,444574,ba66ff,3270,131684
444576,Hyalonema,444575,ba66ff,3270,132096
444577,"Hyalonema sp (IPY)",444576,ba66ff,3270,
444578,Rossella,443784,ba66ff,3270,132127
444579,"Rossella levis",444578,ba66ff,3270,172096
444580,"Rosella levis?",444579,ff6666,3270,
444581,"Rossella racovitzae",444578,ba66ff,3270,172104
444582,"Rosella racovitzae",444581,ff6666,3270,
444583,"Rossella fibulata",444578,ba66ff,3270,172093
444584,"Rossella nuda",444578,ba66ff,3270,172101
444585,Anoxycalyx,443784,ba66ff,3270,132121
444586,"Anoxycalyx (Scolymastra)",444585,ba66ff,3270,172011
444587,"Anoxycalyx (Scolymastra) joubini",444586,ba66ff,3270,172012
444588,"Unknown worm 01 (IPY)",443218,bbaaaa,3270,
444589,Sipuncula,443215,94ff4d,3270,1268
444590,"Anthomastus bathyproctus",443827,c50707,3270,286011
444591,"mud tube worm",443280,bbaaaa,3270,
444592,"Paralomis birsteini",443531,f230b8,3270,246545
444593,Echiuroidea,443288,94ff4d,3270,110342
444594,Echiurida,444593,94ff4d,3270,110345
444595,Echiuridae,444594,94ff4d,3270,110349
444596,Echiurus,444595,94ff4d,3270,110358
444597,"Echiurus antarcticus",444596,94ff4d,3270,234512
444598,"Pennatulacea 01 (IPY)",443498,c59c07,3270,
444599,"Pennatulacea 02 (IPY)",443498,c59c07,3270,
444600,"Pennatulacea 03 (IPY)",443498,c59c07,3270,
444601,"Pennatulacea 04 (IPY)",443498,bd9607,3270,
444602,"Pennatulacea 05 (IPY)",443498,bd9607,3270,
444603,"Pennatulacea 06 (IPY)",443498,f2cb49,3270,
444604,"Pennatulacea 07 (IPY)",443498,c59c07,3270,
444605,"Pennatulacea 08 (IPY)",443498,f2cb49,3270,
444606,"Flabellum 01 (IPY)",443818,c50707,3270,
444607,"Flabellum 02 (IPY)",443818,c50707,3270,
444608,"Flabellum 03 (IPY)",443818,c50707,3270,
444609,Pareledone,443659,f2d649,3270,239391
444610,"Pareledone sp.",444609,f2d649,3270,
444611,"Pareledone turqueti",444609,f2d649,3270,239393
444612,Cirroctopodidae,443664,f2d649,3270,325313
444613,Cirroctopus,444612,f2d649,3270,325314
444614,"Cirroctopus sp.",444613,f2d649,3270,
444615,Thaumeledone,443659,f2d649,3270,325339
444616,"Thaumeledone n. sp.",444615,f2d649,3270,
444617,"Echiuran_white (IPY)",443288,bbaaaa,3270,
444618,"Echiuran_black (IPY)",443288,bbaaaa,3270,
444619,"Isopod white (IPY)",443234,bbaaaa,3270,
444620,Psychropotes,443481,2ee693,3270,123532
444621,"Psychropotes sp.",444620,2ee693,3270,
444622,"Medusa 01 Motile (IPY)",443871,c59c07,3270,
444623,"Ophiacantha antarctica",444253,2ee693,3270,393552
444624,"Crinoid 10 (IPY)",443176,bbaaaa,3270,
444625,"Hyalonema (Cyliconema)",444576,ba66ff,3270,171449
444626,"Hyalonema (Cyliconema) sp",444625,ba66ff,3270,
444627,Pheronematidae,444574,ba66ff,3270,131685
444628,Pheronema,444627,ba66ff,3270,132098
444629,"Pheronema sp (?)",444628,ba66ff,3270,
444630,Calcarea,443252,ba66ff,3270,559
444631,Calcaronea,444630,ba66ff,3270,131584
444632,Leucosolenida,444631,ba66ff,3270,131591
444633,Leucosoleniidae,444632,ba66ff,3270,131616
444634,Leucosolenia,444633,ba66ff,3270,131715
444635,"Demospongiae 15 (IPY)",443267,bbaaaa,3270,
444636,"Bryzoan uni 01 (IPY)",443279,bbaaaa,3270,
444637,"Bryzoan - Erect cheilostome",443279,bbaaaa,3270,
444638,"Bryzoan - bushy form",443279,b1a1a1,3270,
444639,"Bryzoan - Branched coral-like form",443279,bbaaaa,3270,
444640,"Bryzoan - Lacy fan form",443279,bbaaaa,3270,
444641,"Bryzoan - Stylasterid look-alikes",443279,bbaaaa,3270,
444642,"Bryzoan - Encrusting form",443279,bbaaaa,3270,
444643,"Spatangus mathesoni",443460,2ee693,3270,414252
444644,Larvapora,444356,0dff6a,3270,172930
444645,"Larvapora mawsoni",444644,0dff6a,3270,172933
444646,"Demospongiae 07 (IPY)",443267,bbaaaa,3270,
444647,Heterokonta,443290,7cd5b4,3270,368898
444648,Ochrophyta,444647,7cd5b4,3270,345465
444649,Phaeophyceae,444648,7cd5b4,3270,830
444650,Fucophycidae,444649,7cd5b4,3270,1304856
444651,Fucales,444650,7cd5b4,3270,844
444652,Sargassaceae,444651,7cd5b4,3270,143725
444653,Carpophyllum,444652,7cd5b4,3270,369447
444654,"Carpophyllum flexuosum",444653,7cd5b4,3270,373334
444655,"Carpophyllum sp.",444653,7cd5b4,3270,
444656,Laminariales,444650,7cd5b4,3270,845
444657,Lessoniaceae,444656,7cd5b4,3270,196198
444658,Lessonia,444657,7cd5b4,3270,369836
444659,"Lessonia sp.",444658,7cd5b4,3270,
444660,Plantae,443146,f25124,3270,3
444661,Biliphyta,444660,f25124,3270,368662
444662,Rhodophyta,444661,f25124,3270,852
444663,Eurhodophytina,444662,f25124,3270,493826
444664,Florideophyceae,444663,f25124,3270,368670
444665,Rhodymeniophycidae,444664,f25124,3270,196243
444666,Gigartinales,444665,f25124,3270,871
444667,Gigartinaceae,444666,f25124,3270,143733
444668,Gigartina,444667,f25124,3270,144155
444669,"Gigartina sp.",444668,f25124,3270,
444670,Viridiplantae,444660,f25124,3270,368663
444671,Chlorophyta,444670,f25124,3270,801
444672,Chlorophytina,444671,f25124,3270,1304953
444673,Ulvophyceae,444672,f25124,3270,146216
444674,Bryopsidales,444673,f25124,3270,808
444675,Caulerpaceae,444674,f25124,3270,143668
444676,Caulerpa,444675,f25124,3270,143816
444677,"Caulerpa sp.",444676,f25124,3270,
444678,Alga-plant,444660,bbaaaa,3270,
444679,"Algae (encrusting)",444678,bbaaaa,3270,
444680,"Algae (erect)",444678,bbaaaa,3270,
444681,"Green turfing",444678,bbaaaa,3270,
444682,Streptophyta,444670,f25124,3270,536191
444683,Tracheophyta,444682,f25124,3270,596326
444684,Spermatophytina,444683,f25124,3270,596331
444685,Magnoliopsida,444684,f25124,3270,182757
444686,Lilianae,444685,f25124,3270,449895
444687,Alismatales,444686,f25124,3270,153491
444688,Zosteraceae,444687,f25124,3270,143770
444689,Zostera,444688,f25124,3270,144233
444691,"Zostera sp.",444689,f25124,3270,
444692,"Anemone uni 01 (BOI)",443264,bbaaaa,3270,
444693,"Antipatheria 01 (BOI)",443501,bbaaaa,3270,
444694,"Antipatheria 02 (BOI)",443501,bbaaaa,3270,
444695,"Pennatulacea 1 (BOI)",443498,c59c07,3270,
444696,"Pennatulacea 2 (BOI)",443498,c59c07,3270,
444697,"Flabellum 01 (BOI)",443818,c50707,3270,
444698,"Flabellum 02 (BOI)",443818,c50707,3270,
444699,"Hydroid uni 01 (BOI)",443273,bbaaaa,3270,
444700,"Hydroid uni 02 (BOI)",443273,bbaaaa,3270,
444701,"Hydroid uni 03 (BOI)",443273,b0a0a0,3270,
444702,"Hydroid uni 04 (BOI)",443273,b2a2a2,3270,
444703,"Hydroid uni 05 (BOI)",443273,b5a5a5,3270,
444704,"Hydroid uni 06 (BOI)",443273,b6a5a5,3270,
444705,"Hydroid uni 07 (BOI)",443273,b8a7a7,3270,
444706,Adeonoidea,444354,0dff6a,3270,153651
444707,Adeonidae,444706,0dff6a,3270,110725
444708,Adeonellopsis,444707,0dff6a,3270,110816
444709,"Adeonellopsis sp.",444708,0dff6a,3270,
444710,Bitectiporidae,444396,0dff6a,3270,110729
444711,Bitectipora,444710,0dff6a,3270,467958
444712,"Bitectipora mucronifera",444711,0dff6a,3270,471870
444713,Celleporidae,444400,0dff6a,3270,110736
444714,Celleporaria,444713,0dff6a,3270,205020
444715,"Celleporaria agglutinans",444714,0dff6a,3270,471436
444716,"Celloporaria aggultinans",444715,ff0f0f,3270,
444717,Schizoporelloidea,444354,0dff6a,3270,153661
444718,Petraliidae,444717,0dff6a,3270,467923
444719,Mucropetraliella,444718,0dff6a,3270,205549
444720,"Mucropetraliella neozelanica",444719,0dff6a,3270,471525
444721,Phidolopora,444401,0dff6a,3270,110955
444722,"Phidolopora avicularis",444721,0dff6a,3270,470148
444723,"Reteporella sp.",444402,0dff6a,3270,
444724,Scleritodermidae,443774,ba66ff,3270,171172
444725,Aciculites,444724,ba66ff,3270,171173
444726,"Aciculites pulchra",444725,ba66ff,3270,171181
444727,Adocia,444529,ba66ff,3270,131828
444728,"Adocia venustina",444727,ff6666,3270,189875
444729,Ancorina,443753,ba66ff,3270,131985
444730,"Ancorina sp.",444729,ba66ff,3270,
444731,"Ancorina alata",444729,ff6666,3270,169773
444732,"Ancorina stalagmoides",444729,ba66ff,3270,169785
444733,Asteropus,443753,ba66ff,3270,169787
444734,"Asteropus simplex",444733,ba66ff,3270,169793
444735,"Geodia vestigifera",443751,ba66ff,3270,170193
444736,Lamellomorpha,444558,ba66ff,3270,170349
444737,"Lamellomorpha strongylata",444736,ba66ff,3270,170350
444738,Stelletta,443753,ba66ff,3270,131994
444739,"Stelletta columna",444738,ff6666,3270,194003
444740,"Stelletta crater",444738,ba66ff,3270,169921
444741,Aplousobranchia,443282,30c8f2,3270,103434
444742,"Aplousobranchia sp.1",444741,30c8f2,3270,
444743,"Axinella australiensis",443770,ba66ff,3270,165462
444744,"Axinella n sp. 6",443770,ba66ff,3270,
444745,Dragmacidon,443769,ba66ff,3270,165537
444746,"Dragmacidon australe",444745,ba66ff,3270,165539
444747,"Dragmacidon australensis",444746,ff6666,3270,
444748,Herengeria,443739,ba66ff,3270,171080
444749,"Herengeria vasiformis",444748,ba66ff,3270,171082
444750,Pleromidae,443732,ba66ff,3270,171164
444751,Pleroma,444750,ba66ff,3270,171167
444752,"Pleroma menoui",444751,ba66ff,3270,171169
444753,Callyspongiidae,443778,ba66ff,3270,131635
444754,Callyspongia,444753,ba66ff,3270,131825
444755,"Callyspongia sp.",444754,ba66ff,3270,
444756,Azoricidae,443774,ba66ff,3270,171053
444757,Leiodermatium,444756,ba66ff,3270,132086
444758,"Leiodermatium linea",444757,ba66ff,3270,246632
444759,"Calyx imperialis",444501,ba66ff,3270,166929
444760,"Calyx sp. (tube)",444501,ba66ff,3270,
444761,Neopetrosia,443780,ba66ff,3270,166798
444762,"Neopetrosia n. sp. 3",444761,ba66ff,3270,
444763,"Neopetrosia sp.",444761,ba66ff,3270,
444764,Neoschrammeniella,443739,ba66ff,3270,171087
444765,"Neoschrammeniella fulvodesmus",444764,ba66ff,3270,414491
444766,Oceanapia,444500,ba66ff,3270,131852
444767,"Oceanapia sp.",444766,ba66ff,3270,
444768,"Oceanapia peltata",444766,ba66ff,3270,166984
444769,"Oceanapia (Foliolina) cf peltata?",444768,ff6666,3270,
444770,"Petrosia hebes",443781,ff6666,3270,192880
444771,Halichondriidae,443762,ba66ff,3270,131633
444772,Ciocalypta,444771,ba66ff,3270,131804
444773,"Ciocalypta penicillus",444772,ba66ff,3270,132575
444774,"Ciocalypta polymastia",444772,ba66ff,3270,165774
444775,Cladorhizidae,443742,ba66ff,3270,131644
444776,Microcionidae,443742,ba66ff,3270,131641
444777,"Microcionidae sp. 1",444776,ba66ff,3270,
444778,Microcioninae,444776,ba66ff,3270,167457
444779,Clathria,444778,ba66ff,3270,131868
444780,"Clathria sp.",444779,ba66ff,3270,
444781,Phorbas,444555,ba66ff,3270,131953
444782,"Phorbas areolatus",444781,ba66ff,3270,184431
444783,"Phorbas aerolata",444782,ff6666,3270,
444784,Raspailiidae,443768,ba66ff,3270,131642
444785,Raspailiinae,444784,ba66ff,3270,168004
444786,Raspailia,444785,ba66ff,3270,131888
444787,"Raspailia flaccida",444786,ff6666,3270,168084
444788,"Raspailia flaccida?",444787,ff6666,3270,
444789,"Raspailia topsenti",444786,ff6666,3270,168102
444790,Polymastia,444550,ba66ff,3270,132046
444791,"Polymastia sp.",444790,ba66ff,3270,
444792,"Polymastia crocea",444790,ba66ff,3270,246103
444793,"Polymastia croceus",444792,ff6666,3270,
444794,"Polymastia hirsuta",444790,ba66ff,3270,170636
444795,"Polymastia hirsuta?",444794,ba66ff,3270,
444796,"Polymastia pepo",444790,ba66ff,3270,246106
444797,"Suberites sp.",443764,ba66ff,3270,
444798,Tethyida,443730,ba66ff,3270,845507
444799,Tethyidae,444798,ba66ff,3270,131677
444800,Tethya,444799,ba66ff,3270,132077
444801,"Tethya fastigata",444800,ba66ff,3270,170953
444802,Trachycladida,443730,ba66ff,3270,845508
444803,Trachycladidae,444802,ba66ff,3270,171041
444804,Trachycladus,444803,ba66ff,3270,171045
444805,"Trachycladus stylifer",444804,ba66ff,3270,171051
444806,Xestospongia,443780,a761f2,3270,131849
444807,"Xestospongia sp.?",444806,a761f2,3270,
444808,Acarnidae,443742,ba66ff,3270,167333
444809,Iophon,444808,ba66ff,3270,131863
444810,"Iophon laevistylus",444809,ba66ff,3270,167406
444811,"Iophon minor",444809,ba66ff,3270,167412
444812,"Latrunculia kaakaariki",443745,ff6666,3270,167303
444813,Chondropsidae,443742,ba66ff,3270,168731
444814,Chondropsis,444813,ba66ff,3270,168739
444815,"Chondropsis sp.",444814,ba66ff,3270,
444816,"Chondropsis kirkii",444814,ba66ff,3270,168748
444817,"Chondropsis krikii?",444816,ff6666,3270,
444818,"Dendrilla rosea",444524,ba66ff,3270,164885
444819,"Dysidea cristagalli",444528,ba66ff,3270,164931
444820,"Dysidea cristigalli",444819,ff6666,3270,
444821,"Haliclona (Gellius)",444533,ba66ff,3270,131922
444822,"Haliclona (Gellius) petrocalyx",444821,ba66ff,3270,166548
444823,Hymeniacidon,444771,ba66ff,3270,131808
444824,"Hymeniacidon haurakii",444823,ff6666,3270,165899
444825,"Hymeniacidon hauraki?",444824,ff6666,3270,
444826,Irciniidae,444526,ba66ff,3270,131625
444827,Ircinia,444826,ba66ff,3270,131751
444828,"Ircinia sp.",444827,ba66ff,3270,
444829,Jaspis,443753,ba66ff,3270,131999
444830,"Jaspis n. sp. 1",444829,ba66ff,3270,
444831,Psammocinia,444826,ba66ff,3270,165060
444832,"Psammocinia sp or Ircinia sp.",444826,ba66ff,3270,
444833,"Psammocinia hawere",444831,ba66ff,3270,165068
444834,Thorectidae,444526,ba66ff,3270,131627
444835,Thorectinae,444834,ba66ff,3270,165296
444836,Thorecta,444835,ba66ff,3270,165409
444837,"Thorecta reticulata",444836,ff6666,3270,165429
444838,Taonura,444835,ba66ff,3270,165397
444839,"Taonura marginalis",444838,ba66ff,3270,165405
444840,"Rossella ijimai",444578,ba66ff,3270,414519
444841,Symplectella,443784,ba66ff,3270,171879
444842,"Symplectella rowi",444841,ba66ff,3270,171880
444843,Calcinea,444630,ba66ff,3270,131585
444844,Clathrinida,444843,ba66ff,3270,131593
444845,Leucaltidae,444844,ba66ff,3270,131620
444846,Leucettusa,444845,ff6666,3270,164719
444847,"Leucettusa sp.",444846,ff6666,3270,
444848,"Leucettusa lancifera",444846,ff6666,3270,164724
444849,Asterodiscididae,443357,2ee693,3270,196203
444850,Asterodiscides,444849,2ee693,3270,205848
444851,"Asterodiscides sp.",444850,2ee693,3270,
444852,"Asterodiscides truncatus",444850,2ee693,3270,291658
444853,Astropecten,443348,2ee693,3270,123245
444854,"Astropecten polyacanthus",444853,2ee693,3270,213245
444855,Luidiidae,443339,2ee693,3270,123129
444856,Luidia,444855,2ee693,3270,123260
444857,"Luidia sp.",444856,2ee693,3270,
444858,Ophidiasteridae,443357,2ee693,3270,123137
444859,"Ophidiasteridae uni 01 (BOI)",444858,2ee693,3270,
444860,Articulata,443175,0cf2c4,3270,183494
444861,Comatulida,444860,0cf2c4,3270,123093
444862,Antedonoidea,444861,0cf2c4,3270,709095
444863,Antedonidae,444862,0cf2c4,3270,123148
444864,Bathymetrinae,444863,0cf2c4,3270,340800
444865,Argyrometra,444864,0cf2c4,3270,411374
444866,"Argyrometra sp.",444865,0cf2c4,3270,
444867,Comatuloidea,444861,2ee693,3270,828511
444868,Comatulidae,444867,2ee693,3270,828512
444869,Comatulinae,444868,2ee693,3270,246675
444870,Comasterini,444869,2ee693,3270,828990
444871,Comanthus,444870,2ee693,3270,205362
444872,"Comanthus sp.",444871,2ee693,3270,
444873,Asteroschematidae,443409,e62d2d,3270,123202
444874,Euryalidae,443409,2ee693,3270,196223
444875,Astroceras,444874,2ee693,3270,242444
444876,"Astroceras elegans",444875,2ee693,3270,243154
444877,"Astroceras elegans?",444876,2ee693,3270,
444878,Echinothuriidae,443431,2ee693,3270,160734
444879,Echinothuriinae,444878,2ee693,3270,559486
444880,Araeosoma,444879,2ee693,3270,123396
444881,"Araeosoma thetidis",444880,2ee693,3270,414207
444882,Neognathostomata,443451,2ee693,3270,510501
444883,Luminacea,444882,2ee693,3270,1572017
444884,Clypeasteroida,444883,2ee693,3270,123100
444885,"HTH uni 1 (BOI)",443173,bbaaaa,3270,
444886,"HTH uni 2 (BOI)",443173,bbaaaa,3270,
444887,Leucosioidea,443508,f230b8,3270,106699
444888,Leucosiidae,444887,f230b8,3270,106758
444889,"Brachyura cf. Leucosiidae",444888,f230b8,3270,
444890,Homoloida,443186,f230b8,3270,1646248
444891,Homoloidea,444890,f230b8,3270,106692
444892,Latreilliidae,444891,f230b8,3270,106745
444893,Eplumula,444892,f230b8,3270,439423
444894,"Eplumula australiensis",444893,f230b8,3270,440216
444895,Raninoida,443186,ff59d0,3270,1646246
444896,Raninoidea,444895,ff59d0,3270,106705
444897,Lyreididae,444896,ff59d0,3270,877400
444898,Lyreidinae,444897,ff59d0,3270,439176
444899,Lyreidus,444898,ff59d0,3270,205465
444900,"Lyreidus tridentatus",444899,ff59d0,3270,209568
444901,Mathildellidae,443515,f230b8,3270,439044
444902,Mathildella,444901,f230b8,3270,390856
444903,"Mathildella mclayi",444902,f230b8,3270,441015
444904,Xanthoidea,443508,f230b8,3270,106703
444905,Xanthidae,444904,f230b8,3270,106769
444906,Penaeidae,443557,f230b8,3270,106727
444907,Hippolytidae/Campylonotidae,443192,f255c3,3270,
444908,Notopandalus,443550,f230b8,3270,514069
444909,Notopandalus?,444908,f230b8,3270,
444910,Plesionika,443550,f230b8,3270,107046
444911,"Munida spp.",443562,f230b8,3270,
444912,Diacanthurus,443190,f230b8,3270,366312
444913,"Diacanthurus rubricatus",444912,f230b8,3270,366317
444914,Pedinae,443690,f2d649,3270,510739
444915,Chlamydini,444914,f2d649,3270,391824
444916,Chlamys,444915,f2d649,3270,138315
444917,"Chlamys sp.",444916,f2d649,3270,
444918,Alcithoini,444423,f2d649,3270,382338
444919,Alcithoe,444918,f2d649,3270,382339
444920,"Alcithoe fusus",444919,f2d649,3270,385234
444921,"Alcithoe cf. hedleyi",444920,f24a4a,3270,
444922,Turbinidae,443634,f2d649,3270,503
444923,Turbininae,444922,f2d649,3270,225151
444924,Astraea,444923,f2d649,3270,206461
444925,"Astraea heliotropium",444924,f2d649,3270,404992
444926,"Astraea heliopium",444925,f24a4a,3270,
444927,Stromboidea,443614,f2d649,3270,14770
444928,Xenophoridae,444927,f2d649,3270,23144
444929,Xenophora,444928,f2d649,3270,138664
444930,"Xenophora neozelanica",444929,f2d649,3270,468098
444931,"Xenophoridae neozelanica",444930,f24a4a,3270,
444932,Cookia,444923,f2d649,3270,413352
444933,"Cookia sulcata",444932,f2d649,3270,413403
444934,"GAS uni 01 (BOI)",443207,bbaaaa,3270,
444935,"GAS uni 02 (BOI)",443207,b1a1a1,3270,
444936,"GAS uni 03 (BOI)",443207,ac9d9d,3270,
444937,"GAS uni 04 (BOI)",443207,af9f9f,3270,
444938,"GAS uni 05 (BOI)",443207,b2a2a2,3270,
444939,"GAS uni 06 (BOI)",443207,b6a5a5,3270,
444940,"GAS uni 07 (BOI)",443207,b5a5a5,3270,
444941,Discodorididae,444453,f2d649,3270,1761
444942,Aphelodoris,444941,f2d649,3270,415066
444943,"Aphelodoris sp.?",444942,f2d649,3270,
444944,Cladobranchia,444450,f2d649,3270,827889
444945,Arminoidea,444944,f2d649,3270,1763
444946,Arminidae,444945,f2d649,3270,2087
444947,Dermatobranchus,444946,ecf23d,3270,531811
444948,"Dermatobranchus pulcherrimus",444947,f13b3b,3270,534015
444949,Chromodoridoidea,444452,ecf23d,3270,1370609
444950,Chromodorididae,444949,ecf23d,3270,23003
444951,Miamirinae,444950,f2d649,3270,549835
444952,Ceratosoma,444951,f2d649,3270,204185
444953,"Ceratosoma amoena",444952,f24a4a,3270,558620
444954,Aeolidioidea,444944,f2d649,3270,189
444955,Facelinidae,444954,f2d649,3270,191
444956,Cratena,444955,f2d649,3270,146861
444957,"Cratena lineata",444956,f2d649,3270,534062
444958,Glaucidae,444954,f2d649,3270,23046
444963,Oegopsida,443322,f2d649,3270,11730
444964,Cranchioidea,444963,f2d649,3270,1454592
444965,Ommastrephidae,444964,f2d649,3270,11760
444966,Sepiida,443322,f2d649,3270,11713
444967,Sepiolina,444966,f2d649,3270,1454579
444968,Sepioloidea,444967,f2d649,3270,1454580
444969,Sepiadariidae,444968,f2d649,3270,153041
444970,Sepioloidea,444969,f2d649,3270,341459
444971,Scorpaenoidei,443155,30c8f2,3270,154247
444972,Triglidae,444971,30c8f2,3270,125598
444973,Pterygotrigla,444972,30c8f2,3270,204113
444974,"Pterygotrigla picta",444973,30c8f2,3270,277049
444975,"Spotted gurnard",444974,bbaaaa,3270,
444976,Percoidei,443155,30c8f2,3270,151751
444977,Anthiadidae,444976,30c8f2,3270,1758484
444978,Plectranthias,444977,30c8f2,3270,206578
444979,"Plectranthias maculicauda",444978,30c8f2,3270,279015
444980,Auchenoceros,444033,30c8f2,3270,268448
444981,"Auchenoceros punctatus",444980,30c8f2,3270,279831
444982,Ahuru,444981,bbaaaa,3270,
444983,Paraulopidae,443892,30c8f2,3270,267001
444984,Cucumberfish,444983,bbaaaa,3270,
444985,"Eupercaria incertae sedis",443154,0bd7e6,3270,1517577
444986,Cepolidae,444985,0bd7e6,3270,125527
444987,Cepola,444986,0bd7e6,3270,125953
444988,"Cepola macrophthalma",444987,0bd7e6,3270,126835
444989,"Red bandfish",444988,bbaaaa,3270,
444991,Optivus,443306,30c8f2,3270,270114
444992,"Optivus elongatus",444991,30c8f2,3270,281927
444993,"Slender roughy",444992,bbaaaa,3270,
444994,Paratrachichthys,443306,30c8f2,3270,270270
444995,"Paratrachichthys trailli",444994,30c8f2,3270,282122
444996,"Common roughy",444995,bbaaaa,3270,
444997,Uranoscopoidei,443155,30c8f2,3270,1617139
444998,Pinguipedidae,444997,30c8f2,3270,151413
444999,Parapercis,444998,30c8f2,3270,204083
445000,"Parapercis gilliesii",444999,30c8f2,3270,276997
445001,"Yellow weaver",445000,bbaaaa,3270,
445002,Callanthiidae,444985,2fc6ef,3270,125521
445003,Callanthias,445002,2fc4ed,3270,125929
445004,"Callanthias australis",445003,0bd6e5,3270,273152
445005,"Splendid perch",445004,bbaaaa,3270,
445006,Congridae,443324,30c8f2,3270,125427
445007,Congrinae,445006,30c8f2,3270,151822
445008,Gnathophis,445007,30c8f2,3270,125625
445009,"Gnathophis longicauda",445008,30c8f2,3270,271760
445010,"Silver Conger Eel",445009,bbaaaa,3270,
445013,"Anemone uni 02 (BOI)",443264,bbaaaa,3270,
445014,Odontophora,443437,2ee693,3270,510604
445015,Echinometridae,445014,2ee693,3270,179653
445016,Evechinus,445015,2ee693,3270,411392
445017,"Evechinus chloroticus",445016,2ee693,3270,414225
445018,Crellidae,443742,ba66ff,3270,131652
445019,Crella,445018,ba66ff,3270,131936
445020,"Crella incrustans",445019,ba66ff,3270,169032
445021,"Crella incrustans?",445020,ba66ff,3270,
445022,Poirieria,443622,f2d649,3270,138203
445023,"Poirieria sp. (MUREX)",445022,f2d649,3270,
445024,Dictyotophycidae,444649,7cd5b4,3270,1304855
445025,Dictyotales,445024,7cd5b4,3270,839
445026,Dictyotaceae,445025,7cd5b4,3270,143716
445027,Zonarieae,445026,7cd5b4,3270,163008
445028,Zonaria,445027,7cd5b4,3270,144093
445029,"Zonaria sp.",445028,7cd5b4,3270,
445030,Diadematacea,443429,2ee693,3270,152528
445031,Diadematoida,445030,2ee693,3270,510522
445032,Diadematidae,445031,2ee693,3270,123163
445033,Centrostephanus,445032,2ee693,3270,123394
445034,"Centrostephanus rodgersii",445033,2ee693,3270,414212
445035,Ectocarpales,444650,7cd5b4,3270,842
445036,Scytosiphonaceae,445035,7cd5b4,3270,143777
445037,Hydroclathreae,445036,7cd5b4,3270,1652948
445038,Colpomenia,445037,7cd5b4,3270,144253
445039,"Colpomenia sp.?",445038,7cd5b4,3270,
445040,"Algae (brown) UNI 01 (BOI)",444678,bbaaaa,3270,
445041,"Algae (green) UNI 01 (BOI)",444678,bbaaaa,3270,
445042,Phaliinae,443644,f2d649,3270,224997
445043,Semicassis,445042,f2d649,3270,415969
445044,"Semicassis sp.",445043,f2d649,3270,
445045,Aaptos,443763,ba66ff,3270,132064
445046,"Aaptos globosum",445045,ff6666,3270,1593128
445047,"Yellow patch",443114,f26f55,3270,
445048,Lava,443115,f26f55,3270,
445049,Smoker,443115,f26f55,3270,
445050,"Zoarcid eel",444136,bbaaaa,3270,
445051,"Mussel shell",443116,f26f55,3270,
445052,Chimney,443115,f26f55,3270,
445053,Mytilida,443687,f2d649,3270,210
445054,Mytiloidea,445053,f2d649,3270,491766
445055,Modiolidae,445054,f2d649,3270,866318
445056,Bathymodiolinae,445055,f2d649,3270,510719
445057,Bathymodiolus,445056,f2d649,3270,138214
445058,"Vent mussel",445057,bbaaaa,3270,
445059,"Clam shell",443116,f26f55,3270,
445060,Parantipathes,443850,c50707,3270,103306
445061,Cladopathidae,443501,c50707,3270,266961
445062,Cladopathinae,445061,c50707,3270,723333
445063,Trissopathes,445062,c50707,3270,267926
445064,Portunoidea,443508,f230b8,3270,106702
445065,Ovalipidae,445064,f230b8,3270,877516
445066,Ovalipes,445065,f230b8,3270,158433
445067,"Ovalipes catharus",445066,f230b8,3270,442757
445068,"Paddle crab",445067,bbaaaa,3270,
445069,Todarodinae,444965,f2d649,3270,325303
445070,Nototodarus,445069,f2d649,3270,341450
445071,"Nototodarus gouldi",445070,f2d649,3270,342375
445072,"NZ Northern Arrow squid",445071,bbaaaa,3270,
445073,Myopsida,443322,f2d649,3270,11728
445074,Loliginidae,445073,f2d649,3270,11734
445075,Sepioteuthis,445074,f2d649,3270,204951
445076,"Sepioteuthis australis",445075,f2d649,3270,342239
445077,"Broad squid",445076,bbaaaa,3270,
445078,Selachii,443317,30c8f2,3270,368408
445079,Squalomorphi,445078,30c8f2,3270,368412
445080,Squaliformes,445079,30c8f2,3270,10211
445081,Squalidae,445080,30c8f2,3270,105716
445082,Squalus,445081,30c8f2,3270,105782
445083,"Squalus acanthias",445082,30c8f2,3270,105923
445084,"Spiny dogfish",445083,bbaaaa,3270,
445085,Galeomorphi,445078,30c8f2,3270,368410
445086,Carcharhiniformes,445085,30c8f2,3270,10210
445087,Scyliorhinidae,445086,30c8f2,3270,105693
445088,Cephaloscyllium,445087,30c8f2,3270,204168
445090,"Cephaloscyllium isabella",445088,30c8f2,3270,298238
445091,"Carpet shark",445090,bbaaaa,3270,
445092,Myliobatiformes,443320,26a8ff,3270,196069
445093,stingray,445092,bbaaaa,3270,
445094,Myliobatidae,445092,30c8f2,3270,105710
445095,Myliobatis,445094,30c8f2,3270,105757
445096,"Myliobatis tenuicaudatus",445095,30c8f2,3270,271491
445097,"Eagle ray",445096,bbaaaa,3270,
445098,"Flat fish",443884,bbaaaa,3270,
445099,Poraniidae,443357,2ee693,3270,123138
445100,Glabraster,445099,2ee693,3270,146083
445101,"Glabraster antarctica",445100,2ee693,3270,178005
445102,"Porania antarctica glabra",445101,e62d2d,3270,
445103,Sparidae,444985,30c8f2,3270,125564
445104,Pagrus,445103,30c8f2,3270,126080
445105,"Pagrus auratus",445104,30c8f2,3270,398546
445106,Snapper,445105,bbaaaa,3270,
445107,Centrarchiformes,443154,30c8f2,3270,1517557
445108,Cheilodactylidae,445107,30c8f2,3270,151477
445109,Nemadactylus,445108,30c8f2,3270,269974
445110,"Nemadactylus macropterus",445109,30c8f2,3270,281653
445111,Tarakihi,445110,bbaaaa,3270,
445112,Chirodactylus,445108,30c8f2,3270,205874
445113,"Chirodactylus spectabilis",445112,30c8f2,3270,311551
445114,"Red moki",445113,bbaaaa,3270,
445115,Carangiformes,443154,30c8f2,3270,1517532
445116,Carangidae,445115,30c8f2,3270,125523
445117,Pseudocaranx,445116,30c8f2,3270,125941
445118,"Pseudocaranx dentex",445117,30c8f2,3270,126812
445119,Trevally,445118,bbaaaa,3270,
445120,Trachurus,445116,30c8f2,3270,125946
445121,"Jack mackerel sp.",445120,bbaaaa,3270,
445122,Labridae,444985,30c8f2,3270,125541
445123,Notolabrus,445122,30c8f2,3270,270049
445124,"Notolabrus celidotus",445123,30c8f2,3270,281786
445125,Spotty,445124,bbaaaa,3270,
445126,Oligoplites,445116,30c8f2,3270,159642
445127,"Oligoplites saurus",445126,30c8f2,3270,159645
445128,Leatherjacket,445127,bbaaaa,3270,
445129,Acropomatiformes,443154,30c8f2,3270,1517567
445130,Hemerocoetidae,445129,30c8f2,3270,1517569
445131,Hemerocoetes,445130,30c8f2,3270,269330
445132,"Hemerocoetes monopterygius",445131,30c8f2,3270,281005
445133,Opalfish,445132,bbaaaa,3270,
445134,"Ovalentaria incertae sedis",443154,30c8f2,3270,1517546
445135,Pomacentridae,445134,30c8f2,3270,125553
445136,Chromis,445135,30c8f2,3270,126045
445137,"Chromis dispila",445136,30c8f2,3270,1577314
445138,Demoiselle,445137,bbaaaa,3270,
445139,Agnatha,443149,30c8f2,3270,1829
445140,Cyclostomi,445139,30c8f2,3270,1517371
445141,Myxini,445140,30c8f2,3270,10189
445142,Myxiniformes,445141,30c8f2,3270,10197
445143,Myxinidae,445142,30c8f2,3270,101162
445144,Eptatretinae,445143,30c8f2,3270,148722
445145,Eptatretus,445144,30c8f2,3270,206895
445146,"Eptatretus cirrhatus",445145,30c8f2,3270,279276
445147,Hagfish,445146,bbaaaa,3270,
445148,Muraenidae,443324,30c8f2,3270,125431
445149,"Muraenidae (Morays)",445148,bbaaaa,3270,
445150,Muraeninae,445148,30c8f2,3270,151829
445151,Enchelycore,445150,30c8f2,3270,125635
445152,"Enchelycore ramosa",445151,30c8f2,3270,271811
445153,"Mosaic moray",445152,bbaaaa,3270,
445154,Gymnothorax,445150,30c8f2,3270,125636
445155,"Gymnothorax nubilus",445154,30c8f2,3270,271862
445156,"Grey moray",445155,bbaaaa,3270,
445157,"Gymnothorax obesus",445154,30c8f2,3270,271864
445158,"Speckled moray",445157,bbaaaa,3270,
445159,"Specked moray",445158,e81111,3270,
445160,"Gymnothorax prasinus",445154,30c8f2,3270,271873
445161,"Yellow moray",445160,bbaaaa,3270,
445162,"Gymnothorax prionodon",445154,30c8f2,3270,271874
445163,"Mottled moray",445162,bbaaaa,3270,
445164,"Notothenia angustata",444085,30c8f2,3270,279349
445165,"Maori chief",445164,bbaaaa,3270,
445166,Ophichthidae,443324,30c8f2,3270,125434
445167,"Snake eel",445166,bbaaaa,3270,
445168,Torpediniformes,443320,30c8f2,3270,10215
445169,"Electric ray",445168,bbaaaa,3270,
445170,Dipturus,444116,30c8f2,3270,105762
445171,"Dipturus innominatus",445170,30c8f2,3270,271549
445172,"Smooth skate",445171,bbaaaa,3270,
445173,"Dipturus nasutus",445170,30c8f2,3270,271555
445174,"Rough skate",445173,bbaaaa,3270,
445175,Dasyatidae,445092,30c8f2,3270,105708
445176,Bathytoshia,445175,30c8f2,3270,296132
445177,"Bathytoshia brevicaudata",445176,30c8f2,3270,316573
445178,"Shorttailed stingray",445177,bbaaaa,3270,
445179,"Bathytoshia lata",445176,30c8f2,3270,1018707
445180,"Longtailed stingray",445179,bbaaaa,3270,
445181,Holocephali,443303,30c8f2,3270,10196
445182,Chimaeriformes,445181,30c8f2,3270,10217
445183,Chimaeridae,445182,30c8f2,3270,105696
445184,Hydrolagus,445183,30c8f2,3270,105734
445185,"Hydrolagus novaezealandiae",445184,30c8f2,3270,271415
445186,"Dark ghost shark",445185,bbaaaa,3270,
445187,"Squalus griffini",445082,30c8f2,3270,299159
445188,"Northern spiny dogfish",445187,bbaaaa,3270,
445189,Triakidae,445086,30c8f2,3270,105695
445190,Triakinae,445189,30c8f2,3270,267059
445191,Mustelus,445190,30c8f2,3270,105732
445192,"Mustelus lenticulatus",445191,30c8f2,3270,271388
445193,Rig,445192,bbaaaa,3270,
445194,Galeorhininae,445189,30c8f2,3270,267058
445195,Galeorhinus,445194,30c8f2,3270,105731
445196,"Galeorhinus galeus",445195,30c8f2,3270,105820
445197,"School shark",445196,bbaaaa,3270,
445198,Bothidae,443884,30c8f2,3270,125576
445199,Arnoglossus,445198,30c8f2,3270,126109
445200,"Arnoglossus scapha",445199,30c8f2,3270,274176
445201,Witch,445200,bbaaaa,3270,
445202,Chironemidae,445107,30c8f2,3270,151478
445203,Chironemus,445202,30c8f2,3270,268751
445204,"Chironemus marmoratus",445203,30c8f2,3270,280158
445205,Hiwihiwi,445204,bbaaaa,3270,
445206,Aplodactylidae,445107,30c8f2,3270,151476
445207,Aplodactylus,445206,30c8f2,3270,268355
445208,"Aplodactylus etheridgii",445207,30c8f2,3270,279657
445209,"Notchhead marblefish",445208,bbaaaa,3270,
445210,"Marblefish sp + Hiwihiwi",445107,bbaaaa,3270,
445211,Argentinidae,443953,30c8f2,3270,125508
445212,Argentina,445211,30c8f2,3270,125885
445213,"Argentina elongata",445212,30c8f2,3270,272894
445214,Silverside,445213,bbaaaa,3270,
445215,Arripidae,443982,30c8f2,3270,151452
445216,Arripis,445215,30c8f2,3270,268386
445217,"Arripis trutta",445216,30c8f2,3270,279693
445218,Kahawai,445217,bbaaaa,3270,
445219,Berycidae,443958,30c8f2,3270,125456
445220,Centroberyx,445219,30c8f2,3270,203981
445221,"Centroberyx affinis",445220,30c8f2,3270,276891
445222,"Golden snapper",445221,bbaaaa,3270,
445223,Bramidae,443982,30c8f2,3270,125520
445224,Brama,445223,30c8f2,3270,125924
445225,"Brama australis",445224,30c8f2,3270,273146
445226,"Rays bream",445225,bbaaaa,3270,
445227,"Northern splendid perch",445004,bbaaaa,3270,
445229,Decapterus,445116,30c8f2,3270,125937
445230,"Decapterus koheru",445229,30c8f2,3270,273277
445231,Koheru,445230,bbaaaa,3270,
445232,Seriola,445116,30c8f2,3270,125944
445233,"Seriola lalandi",445232,30c8f2,3270,218436
445234,Kingfish,445233,bbaaaa,3270,
445235,"Trachurus declivis",445120,30c8f2,3270,273301
445236,"Jack mackerel declivis",445235,bbaaaa,3270,
445237,"Trachurus novaezelandiae",445120,30c8f2,3270,273304
445238,"Jack mackerel novazelandeae",445237,bbaaaa,3270,
445239,Scombridae,443982,30c8f2,3270,125559
445240,Scombrinae,445239,30c8f2,3270,267118
445241,Scomber,445240,30c8f2,3270,126063
445242,"Scomber australasicus",445241,30c8f2,3270,219715
445243,"Blue mackerel",445242,bbaaaa,3270,
445244,Centrolophidae,443982,30c8f2,3270,125526
445245,Seriolella,445244,30c8f2,3270,270873
445246,"Seriolella brama",445245,30c8f2,3270,282755
445247,"Blue warehou",445246,bbaaaa,3270,
445248,Acanthuriformes,443154,30c8f2,3270,1517548
445249,Chaetodontidae,445248,30c8f2,3270,125528
445250,Amphichaetodon,445249,30c8f2,3270,268293
445251,"Amphichaetodon howensis",445250,30c8f2,3270,279588
445252,"Lord Howe Coralfish",445251,bbaaaa,3270,
445253,"Nemadactylus douglasii",445109,30c8f2,3270,281651
445254,Porae,445253,bbaaaa,3270,
445255,Clupeiformes,443154,30c8f2,3270,10297
445256,Alosidae,445255,30c8f2,3270,1618558
445257,Sardinops,445256,30c8f2,3270,203974
445258,"Sardinops sagax",445257,30c8f2,3270,217452
445259,Pilchard,445258,bbaaaa,3270,
445260,Bodianus,445122,30c8f2,3270,126017
445261,Pigfish,445260,bbaaaa,3270,
445262,Conger,445007,30c8f2,3270,125624
445263,"Conger verreauxi",445262,30c8f2,3270,271750
445264,"Conger eel",445263,bbaaaa,3270,
445265,Tetraodontiformes,443154,30c8f2,3270,10332
445266,Diodontidae,445265,30c8f2,3270,125608
445267,Allomycterus,445266,30c8f2,3270,268264
445268,"Allomycterus pilatus",445267,30c8f2,3270,279562
445269,"Porcupine fish",445268,bbaaaa,3270,
445270,Emmelichthyidae,444985,30c8f2,3270,125534
445271,Emmelichthys,445270,30c8f2,3270,206245
445272,"Emmelichthys nitidus",445271,30c8f2,3270,218465
445273,Redbait,445272,bbaaaa,3270,
445274,Rexea,443987,3dcbf2,3270,203973
445275,"Rexea solandri",445274,3dcbf2,3270,276890
445276,Gemfish,445275,bbaaaa,3270,
445277,Thyrsites,443987,30c8f2,3270,204166
445278,"Thyrsites atun",445277,30c8f2,3270,219697
445279,Barracouta,445278,bbaaaa,3270,
445280,Kyphosidae,445107,30c8f2,3270,125540
445281,Girellinae,445280,30c8f2,3270,151776
445282,Girella,445281,30c8f2,3270,269217
445283,"Girella cyanea",445282,30c8f2,3270,280857
445284,Bluefish,445283,bbaaaa,3270,
445293,"Girella tricuspidata",445282,30c8f2,3270,280870
445294,Parore,445293,bbaaaa,3270,
445295,Kyphosus,445280,30c8f2,3270,126015
445296,"Kyphosus sydneyanus",445295,30c8f2,3270,273525
445297,"Silver drummer",445296,bbaaaa,3270,
445298,Scorpididae,445107,30c8f2,3270,1517559
445299,Scorpis,445298,30c8f2,3270,270853
445300,"Scorpis lineolata",445299,30c8f2,3270,282731
445301,Sweep,445300,bbaaaa,3270,
445302,"Scorpis violacea",445299,30c8f2,3270,282732
445303,"Blue maomao",445302,bbaaaa,3270,
445304,Odacidae,444985,30c8f2,3270,151387
445305,Odax,445304,30c8f2,3270,270066
445306,"Odax pullus",445305,30c8f2,3270,281815
445307,Butterfish,445306,bbaaaa,3270,
445308,"Labridae (wrasses)",445122,bbaaaa,3270,
445309,Anampses,445122,30c8f2,3270,206790
445310,"Anampses elegans",445309,30c8f2,3270,279170
445311,"Elegant wrasse",445310,bbaaaa,3270,
445312,"Bodianus unimaculatus",445260,30c8f2,3270,273545
445313,"Red pigfish (wrasse)",445312,bbaaaa,3270,
445314,Coris,445122,30c8f2,3270,126019
445315,"Coris picta",445314,30c8f2,3270,273560
445316,"Combfish (wrasse)",445315,bbaaaa,3270,
445317,"Coris sandeyeri",445314,30c8f2,3270,273563
445318,"Sandagers wrasse",445317,bbaaaa,3270,
445319,"Notolabrus fucicola",445123,30c8f2,3270,281788
445320,"Banded wrasse",445319,bbaaaa,3270,
445321,"Notolabrus inscriptus",445123,30c8f2,3270,281790
445322,"Green wrasse",445321,bbaaaa,3270,
445323,Pseudolabrus,445122,30c8f2,3270,270593
445324,"Pseudolabrus luculentus",445323,30c8f2,3270,282438
445325,"Orange wrasse",445324,bbaaaa,3270,
445326,"Pseudolabrus miles",445323,30c8f2,3270,282439
445327,"Scarlet wrasse",445326,bbaaaa,3270,
445328,Suezichthys,445122,30c8f2,3270,206258
445329,"Suezichthys arquatus",445328,30c8f2,3270,278736
445330,"Rainbowfish (wrasse)",445329,bbaaaa,3270,
445331,"Suezichthys aylingi",445328,30c8f2,3270,278737
445332,"Crimson cleanerfish (wrasse)",445331,bbaaaa,3270,
445333,Halichoeres,445122,30c8f2,3270,158813
445334,"Halichoeres prosopeion",445333,30c8f2,3270,275791
445335,"Two-tone wrasse",445334,bbaaaa,3270,
445336,Thalassoma,445122,30c8f2,3270,126024
445337,"Thalassoma lunare",445336,30c8f2,3270,212209
445338,"Moon wrasse",445337,bbaaaa,3270,
445339,Latridae,445107,30c8f2,3270,151382
445340,Morwong,445339,30c8f2,3270,1525792
445341,"Morwong ephippium",445340,30c8f2,3270,1525793
445342,"Painted moki",445341,bbaaaa,3270,
445343,Latridopsis,445339,30c8f2,3270,269613
445344,"Latridopsis forsteri",445343,30c8f2,3270,281278
445345,"Copper moki",445344,bbaaaa,3270,
445346,"Latridopsis ciliaris",445343,30c8f2,3270,281277
445347,"Blue moki",445346,bbaaaa,3270,
445348,Leptoscopidae,445129,30c8f2,3270,151411
445349,Crapatalus,445348,30c8f2,3270,268864
445350,"Crapatalus novaezelandiae",445349,30c8f2,3270,280413
445351,"Sand stargazer",445350,bbaaaa,3270,
445352,Leptoscopus,445348,30c8f2,3270,269667
445353,"Leptoscopus macropygus",445352,30c8f2,3270,281329
445354,"Estuarine stargazer",445353,bbaaaa,3270,
445355,Syngnathiformes,443154,30c8f2,3270,10327
445356,Centriscidae,445355,30c8f2,3270,125605
445357,Macroramphosinae,445356,30c8f2,3270,154403
445358,Macroramphosus,445357,30c8f2,3270,126222
445360,Coelorinchus,444018,30c8f2,3270,268809
445361,"Coelorinchus bollonsi",445360,30c8f2,3270,280256
445362,"Bollons rattail",445361,bbaaaa,3270,
445363,Lepidorhynchus,444018,30c8f2,3270,269640
445364,"Lepidorhynchus denticulatus",445363,30c8f2,3270,281308
445365,"Javelin fish",445364,bbaaaa,3270,
445366,Merlucciidae,443313,30c8f2,3270,125473
445367,Merlucciinae,445366,30c8f2,3270,154235
445368,Macruronus,445367,30c8f2,3270,125761
445369,"Macruronus novaezelandiae",445368,30c8f2,3270,272450
445370,Hoki,445369,bbaaaa,3270,
445371,Microcanthinae,445280,30c8f2,3270,151781
445372,Atypichthys,445371,30c8f2,3270,268444
445373,"Atypichthys latus",445372,30c8f2,3270,279826
445374,Mado,445373,bbaaaa,3270,
445375,Lotella,444033,30c8f2,3270,269736
445376,"Lotella rhacina",445375,30c8f2,3270,281403
445377,"Rock cod",445376,bbaaaa,3270,
445378,Pseudophycis,444033,30c8f2,3270,270609
445379,"Pseudophycis bachus",445378,30c8f2,3270,282468
445380,"Red cod",445379,bbaaaa,3270,
445381,"Pseudophycis breviuscula",445378,30c8f2,3270,282470
445382,"Northern bastard red cod",445381,bbaaaa,3270,
445383,Mugiliformes,443154,30c8f2,3270,397228
445384,Mugilidae,445383,30c8f2,3270,125546
445385,Aldrichetta,445384,30c8f2,3270,268250
445386,"Aldrichetta forsteri",445385,30c8f2,3270,279546
445387,"Yellow-eyed mullet",445386,bbaaaa,3270,
445388,Mulliformes,443154,30c8f2,3270,1517498
445389,Mullidae,445388,30c8f2,3270,125547
445390,Parupeneus,445389,30c8f2,3270,204915
445391,"Parupeneus spilurus",445390,30c8f2,3270,277825
445392,"Black-spot goatfish",445391,bbaaaa,3270,
445393,Upeneichthys,445389,30c8f2,3270,271192
445394,"Upeneichthys lineatus",445393,30c8f2,3270,283081
445395,"Goatfish (Red mullet)",445394,bbaaaa,3270,
445396,"Red mullet",445394,bbaaaa,3270,
445397,Ophidiiformes,443154,30c8f2,3270,10314
445398,Ophidiidae,445397,30c8f2,3270,125505
445399,Ophidiinae,445398,30c8f2,3270,154739
445400,Genypterus,445399,30c8f2,3270,206206
445401,"Genypterus blacodes",445400,30c8f2,3270,278702
445402,Ling,445401,bbaaaa,3270,
445403,Pempheridae,445129,30c8f2,3270,151460
445404,Pempheris,445403,30c8f2,3270,204125
445405,"Pempheris adspersa",445404,30c8f2,3270,277055
445406,Bigeye,445405,bbaaaa,3270,
445407,Pentacerotidae,445129,30c8f2,3270,151472
445408,Histiopterinae,445407,30c8f2,3270,826605
445409,Evistias,445408,30c8f2,3270,269144
445410,"Evistias acutirostris",445409,30c8f2,3270,280765
445411,"Striped boarfish",445410,bbaaaa,3270,
445412,Paristiopterus,445408,30c8f2,3270,270297
445413,"Paristiopterus labiosus",445412,30c8f2,3270,282150
445414,"Giant boarfish/ Sowfish",445413,bbaaaa,3270,
445415,"Paristiopterus gallipavo",445412,30c8f2,3270,282149
445416,"Yellow boarfish",445415,bbaaaa,3270,
445417,Pentacerotinae,445407,30c8f2,3270,826606
445418,Pentaceros,445417,30c8f2,3270,206879
445419,"Pentaceros richardsoni",445418,30c8f2,3270,313240
445420,"Southern boarfish",445419,bbaaaa,3270,
445421,Zanclistius,445408,30c8f2,3270,271273
445422,"Zanclistius elevatus",445421,30c8f2,3270,283207
445423,"Longfinned boarfish",445422,bbaaaa,3270,
445424,"Parapercis colias",444999,30c8f2,3270,276989
445425,"Blue cod",445424,bbaaaa,3270,
445426,Pleuronectidae,443884,30c8f2,3270,125579
445427,Rhombosoleinae,445426,30c8f2,3270,154757
445428,Colistium,445427,30c8f2,3270,268811
445429,"Colistium nudipinnis",445428,30c8f2,3270,280359
445430,Turbot,445429,bbaaaa,3270,
445431,Pelotretis,445427,30c8f2,3270,270323
445432,"Pelotretis flavilatus",445431,30c8f2,3270,282188
445433,"Lemon sole",445432,bbaaaa,3270,
445434,Peltorhamphus,445427,30c8f2,3270,270326
445435,"Peltorhamphus novaezeelandiae",445434,30c8f2,3270,282191
445436,"English sole",445435,bbaaaa,3270,
445437,Rhombosolea,445427,61c2f2,3270,270749
445438,"Rhombosolea leporina",445437,61c2f2,3270,282600
445439,"Yellow-belly flounder",445438,bbaaaa,3270,
445440,"Rhombosolea plebeia",445437,30c8f2,3270,282601
445441,"Sand flounder",445440,bbaaaa,3270,
445442,"Two spot Demoiselle",445137,bbaaaa,3270,
445443,"Chromis fumea",445136,30c8f2,3270,273728
445444,"Yellow demoiselle",445443,bbaaaa,3270,
445445,"Chromis hypsilepis",445136,30c8f2,3270,273730
445446,"Single-spot demoiselle",445445,bbaaaa,3270,
445447,Parma,445135,30c8f2,3270,270300
445448,"Parma alboscapularis",445447,30c8f2,3270,282152
445449,"Black angelfish",445448,bbaaaa,3270,
445450,Sebastidae,444971,30c8f2,3270,125596
445451,Sebastinae,445450,30c8f2,3270,154407
445452,Helicolenus,445451,30c8f2,3270,126174
445453,"Sea perch",445452,bbaaaa,3270,
445454,Scorpaenidae,444971,30c8f2,3270,125595
445455,Scorpaeninae,445454,30c8f2,3270,154409
445456,Scorpaena,445455,30c8f2,3270,126171
445457,"Scorpaena cardinalis",445456,30c8f2,3270,274702
445458,"Northern scorpionfish",445457,bbaaaa,3270,
445459,"Scorpaena papillosa",445456,30c8f2,3270,274731
445460,"Dwarf scorpionfish",445459,bbaaaa,3270,
445461,Bathystethus,445298,30c8f2,3270,268511
445462,"Bathystethus cultratus",445461,30c8f2,3270,279876
445463,"Grey knifefish",445462,bbaaaa,3270,
445464,Labracoglossa,445298,30e9f2,3270,269589
445465,"Labracoglossa nitida",445464,30e9f2,3270,281246
445466,"Blue knifefish",445465,bbaaaa,3270,
445467,Acanthistius,444977,30c8f2,3270,206247
445468,"Acanthistius cinctus",445467,30c8f2,3270,278721
445469,"Yellow-banded perch",445468,bbaaaa,3270,
445470,Hypoplectrodes,444977,30c8f2,3270,269455
445471,"Hypoplectrodes huntii",445470,30c8f2,3270,281106
445472,"Red-banded perch",445471,bbaaaa,3270,
445473,"Hypoplectrodes maccullochi",445470,30c8f2,3270,281108
445474,"Half-banded perch",445473,bbaaaa,3270,
445475,Caesioperca,444977,30c8f2,3270,268627
445476,"Caesioperca lepidoptera",445475,30c8f2,3270,280011
445477,"Butterfly perch",445476,bbaaaa,3270,
445478,Caprodon,444977,30c8f2,3270,268648
445479,"Caprodon longimanus",445478,30c8f2,3270,280030
445480,"Pink maomao",445479,bbaaaa,3270,
445481,Epinephelidae,444976,30c8f2,3270,1776907
445482,Epinephelus,445481,30c8f2,3270,126068
445483,"Epinephelus daemelii",445482,30c8f2,3270,273846
445484,"Spotted black grouper",445483,bbaaaa,3270,
445485,Polyprionidae,445129,30c8f2,3270,125552
445486,Polyprion,445485,30c8f2,3270,126043
445487,"Polyprion oxygeneios",445486,30c8f2,3270,221430
445488,Hapuku,445487,bbaaaa,3270,
445489,Syngnathidae,445355,30c8f2,3270,125606
445490,Pipefish,445489,bbaaaa,3270,
445491,Tetraodontidae,445265,30c8f2,3270,125612
445492,Canthigaster,445491,30c8f2,3270,126238
445493,"Canthigaster callisterna",445492,30c8f2,3270,275248
445494,"Clown toado",445493,bbaaaa,3270,
445495,Trichiuridae,443982,30c8f2,3270,125571
445496,Lepidopodinae,445495,30c8f2,3270,826593
445497,Lepidopus,445496,30c8f2,3270,126097
445498,"Lepidopus caudatus",445497,30c8f2,3270,127088
445499,Frostfish,445498,bbaaaa,3270,
445500,Chelidonichthys,444972,30c8f2,3270,126178
445501,"Chelidonichthys kumu",445500,30c8f2,3270,218122
445502,"Red gurnard",445501,bbaaaa,3270,
445503,Lepidotrigla,444972,30c8f2,3270,126179
445504,"Lepidotrigla brachyoptera",445503,30c8f2,3270,274885
445505,"Scaly gurnard",445504,bbaaaa,3270,
445507,"Chelidonichthys spinosus",445500,30c8f2,3270,274878
445508,"Japanese gurnard",445507,bbaaaa,3270,
445509,Uranoscopidae,444997,30c8f2,3270,125573
445510,Genyagnus,445509,30c8f2,3270,269194
445511,"Genyagnus monopterygius",445510,30c8f2,3270,280828
445512,"Spotted stargazer",445511,bbaaaa,3270,
445513,Xenocephalus,445509,30c8f2,3270,271233
445514,"Xenocephalus armatus",445513,30c8f2,3270,315934
445515,"Brown stargazer",445514,bbaaaa,3270,
445516,Zeniontidae,443310,30c8f2,3270,826586
445517,Capromimus,445516,30c8f2,3270,268649
445518,"Capromimus abbreviatus",445517,30c8f2,3270,280032
445519,"Capro dory",445518,bbaaaa,3270,
445520,Cyttidae,443310,30c8f2,3270,267042
445521,Cyttus,445520,30c8f2,3270,205201
445522,"Cyttus novaezealandiae",445521,30c8f2,3270,277985
445523,"Silver dory",445522,bbaaaa,3270,
445524,"Cyttus traversi",445521,30c8f2,3270,217957
445525,"Lookdown dory",445524,bbaaaa,3270,
445526,Zeidae,443310,30c8f2,3270,125617
445527,Zenopsis,445526,30c8f2,3270,126250
445528,"Zenopsis nebulosa",445527,30c8f2,3270,275302
445529,"Mirror dory",445528,bbaaaa,3270,
445530,Zeus,445526,30c8f2,3270,126251
445531,"Zeus faber",445530,30c8f2,3270,127427
445532,"John dory",445531,bbaaaa,3270,
445533,Palinuridae,443568,f230b8,3270,106794
445534,Jasus,445533,f230b8,3270,246321
445535,"Jasus edwardsii",445534,f230b8,3270,382879
445536,"Snapper/ Tarakihi type",443158,e645b5,3270,
445537,Sagmariasus,445533,f230b8,3270,382794
445538,"Sagmariasus verreauxi",445537,f230b8,3270,382906
445539,"Sagmariasus verrauxi",445538,f23131,3270,
445540,"Slipper lobster",443569,bbaaaa,3270,
445541,"Brown algae (large)",444678,bbaaaa,3270,
445542,Ecklonia,444657,7cd5b4,3270,144195
445543,"Ecklonia radiata",445542,7cd5b4,3270,214344
445544,"Eklonia radiata",445543,d57c7c,3270,
445545,"Red bladed algae",444678,bbaaaa,3270,
445547,"Fine/turfing algae",444678,b9a8a8,3270,
445548,"Algal assemblages",444678,bbaaaa,3270,
445549,Misc,,560b93,3270,
445550,"School start",445549,560b93,3270,
445551,"School stop",445549,560b93,3270,
445552,Baitfish,445120,bbaaaa,3270,
445553,Serranidae,444976,30c8f2,3270,125561
445554,"Serranidae (groupers)",445553,bbaaaa,3270,
445555,"Triglidae (gurnards)",444972,bbaaaa,3270,
445556,"Uranoscopidae (stargazers)",445509,bbaaaa,3270,
445557,"Good vis",445549,560b93,3270,
445558,"Mod vis",445549,560b93,3270,
445559,"Poor vis",445549,560b93,3270,
445560,"Scorpaenidae (scorpionfish)",445454,bbaaaa,3270,
445561,"Purple cup sponge",443267,bbaaaa,3270,
445562,"Algal debris",443116,f26f55,3270,
445563,Stolidobranchia,443282,30c8f2,3270,103436
445564,Styelidae,445563,30c8f2,3270,103450
445565,Styela,445564,30c8f2,3270,103543
445566,"Styella sp",445565,2ebee6,3270,
445567,Pectininae,443690,f2d649,3270,393857
445568,Pectinini,445567,f2d649,3270,393858
445569,Pecten,445568,f2d649,3270,138323
445570,"Pecten novaezelandiae",445569,f2d649,3270,393937
445571,Scallop,445570,bbaaaa,3270,
445572,Mytilidae,445054,f2d649,3270,211
445573,Crenellinae,445572,f2d649,3270,510721
445574,Perna,445573,f2d649,3270,138229
445575,"Perna canaliculus",445574,f2d649,3270,397169
445576,Mussel,445575,bbaaaa,3270,
445577,Ostreida,443687,f2d649,3270,1774
445578,Pinnoidea,445577,f2d649,3270,382250
445579,Pinnidae,445578,f2d649,3270,1776
445580,Atrina,445579,f2d649,3270,138351
445581,"Atrina zelandica",445580,f2d649,3270,507067
445582,"Horse mussel",445581,bbaaaa,3270,
445583,Lophonectes,445198,30c8f2,3270,269733
445584,"Lophonectes mongonuiensis",445583,30c8f2,3270,281399
445585,"Crested flounder",445584,bbaaaa,3270,
445586,"Kyphosus bigibbus",445295,30c8f2,3270,218707
445587,"grey drummer",445586,bbaaaa,3270,
445588,Blenniiformes,443154,30c8f2,3270,1517542
445589,Tripterygiidae,445588,30c8f2,3270,125572
445590,"Tripterygiidae (Triple fins)",445589,bbaaaa,3270,
445591,"Isopod red (IPY)",443234,bbaaaa,3270,
445592,"Lanternfish (Myctophidae)",444049,bbaaaa,3270,
445593,Gonorynchiformes,443154,30c8f2,3270,154212
445594,Gonorynchidae,445593,30c8f2,3270,267014
445595,Gonorynchus,445594,30c8f2,3270,205076
445596,"Gonorynchus forsteri",445595,30c8f2,3270,277929
445597,Sandfish,445596,bbaaaa,3270,
445598,Kophobelemnidae,444458,c50707,3270,128483
445599,Kophobelemnon,445598,c50707,3270,128492
445600,"Hymeniacidon sp.",444823,ba66ff,3270,
445601,Philodoporidae,444401,ff0f0f,3270,
445602,Ophiodermatidae,443403,2ee693,3270,123197
445603,Ophiopsammus,445602,2ee693,3270,205131
445604,"Ophiopsammus maculata",445603,e62d2d,3270,244004
445605,"TTR Bryozoan thicket (Adeonellopsis, Cinctipora elegans)",443279,bbaaaa,3270,
445606,Hippellozoon,444401,0dff6a,3270,110953
445607,"Hippellozoon novaezelandiae",445606,0dff6a,3270,470146
445608,"TTR Hippellozoon novaezelandiae",445607,0dff6a,3270,
445610,Dictyodendrillidae,444522,ba66ff,3270,164886
445611,Acanthodendrilla,445610,ba66ff,3270,164887
445612,Korethrasteridae,443374,2ee693,3270,123140
445613,Peribolaster,445612,2ee693,3270,172589
445614,"Peribolaster sp.",445613,2ee693,3270,
445615,"ASR 02 Pterasteridae",443375,2ee693,3270,
445616,Coronaster,443331,2ee693,3270,123232
445617,"Coronaster sp.",445616,2ee693,3270,
445618,Ophioleucida,443394,2ee693,3270,1062665
445619,Ophioleucidae,445618,2ee693,3270,123198
445620,Ophioleuce,445619,2ee693,3270,172639
445621,"Ophioleuce brevispinum",445620,2ee693,3270,243708
445622,"Ophiomyxa n. sp. MoV 5486",443405,2ee693,3270,
445623,Asteroschema,444874,2ee693,3270,123581
445624,"Asteroschema sp.",445623,2ee693,3270,
445625,Ophiocreas,444874,2ee693,3270,123582
445626,"Ophiocreas oedipus",445625,2ee693,3270,124956
445627,"Cidaridae 01",443414,bbaaaa,3270,
445628,"Cidaridae 02",443414,bbaaaa,3270,
445629,Aspidodiadematoida,443430,2ee693,3270,510515
445630,Aspidodiadematidae,445629,2ee693,3270,123162
445631,Aspidodiadema,445630,2ee693,3270,123392
445632,"Aspidodiadema tonsum",445631,2ee693,3270,414211
445633,"HOL 01 seapig",443173,bbaaaa,3270,
445634,"HOL 02 furry",443173,bbaaaa,3270,
445635,"HOL 03 blobby",443173,bbaaaa,3270,
445636,"HOL 04 translucent",443173,bbaaaa,3270,
445637,Bourgueticrinina,444861,2ee693,3270,246671
445638,Phrynocrinidae,445637,2ee693,3270,123146
445639,Phrynocrininae,445638,2ee693,3270,412713
445640,Phrynocrinus,445639,2ee693,3270,411399
445641,"Phrynocrinus nudus",445640,2ee693,3270,414154
445642,Pentametrocrinidae,444862,2ee693,3270,123151
445643,"CRI 01 long stalk",443176,bbaaaa,3270,
445644,"CRI 02 curly ends",443176,bbaaaa,3270,
445645,"CRI 03 dark",443176,bbaaaa,3270,
445646,"CRI 04 comatulid",443176,b4a3a3,3270,
445647,"CRI 05 spiky",443176,b4a3a3,3270,
445648,"ALC white 01",443497,bbaaaa,3270,
445649,"ANT 20 white",443264,bbaaaa,3270,
445650,"ANT 21 white tiny",443264,bbaaaa,3270,
445651,"ANT 22 venus flytrap",443264,bbaaaa,3270,
445652,"COB 01 quill",443501,bbaaaa,3270,
445653,"COB 02 fan",443501,b9a8a8,3270,
445654,"COB 03 orange quill",443501,bbaaaa,3270,
445655,"COB 04 thin feather",443501,bbaaaa,3270,
445656,"COB 05 yellow tree",443501,bbaaaa,3270,
445657,"COB 06 pink bush",443501,bbaaaa,3270,
445658,"COB 07 bottlebrush",443501,bbaaaa,3270,
445659,"COB 08 yellow bristles",443501,bbaaaa,3270,
445660,"GOC 01 Isididae spiral",443499,bbaaaa,3270,
445661,"GOC 02 branched",443499,bbaaaa,3270,
445662,"GOC 03 bush",443499,bbaaaa,3270,
445663,"GOC 04 Narella-like",443499,bbaaaa,3270,
445664,"GOC 05 Thouarella-like",443499,bbaaaa,3270,
445665,"GOC 06 pink",443499,bbaaaa,3270,
445666,"GOC 07 yellow messy",443499,bbaaaa,3270,
445667,"GOC 08 primnoid",443499,bbaaaa,3270,
445668,"GOC 09 Keratoisis-like",443499,bbaaaa,3270,
445669,"GOC 10 little orange bush",443499,bbaaaa,3270,
445670,"GOC 11 pink bush",443499,bbaaaa,3270,
445671,"GOC 12 bristly",443499,bbaaaa,3270,
445672,"GOC 13 spiral tree",443499,bbaaaa,3270,
445673,"GOC 14 white feather-like tree",443499,bbaaaa,3270,
445674,"GOC 15 white branched",443499,bbaaaa,3270,
445675,Metallogorgia,443843,c50707,3270,125296
445676,"Metallogorgia melanotrichos",445675,c50707,3270,125355
445677,"PTU 01 purple fluffy",443498,c59c07,3270,
445678,"PTU 02 orange",443498,c59c07,3270,
445679,"PTU 03 white tiny",443498,f2cb49,3270,
445680,"PTU 04 whitish pink",443498,c59c07,3270,
445681,"PTU 06 scant feather",443498,f2cb49,3270,
445682,"Zoanthid 01 cluster",443727,bbaaaa,3270,
445683,"Zoanthid 02 white stalk",443727,bbaaaa,3270,
445684,"Zoanthid 03 orange stalk",443727,bbaaaa,3270,
445685,Zoantharia,443258,c50707,3270,607338
445686,Macrocnemina,445685,c50707,3270,367225
445687,Epizoanthidae,445686,c50707,3270,100688
445688,Epizoanthus,445687,c50707,3270,100790
445689,"Epizoanthus sp.",445688,c50707,3270,
445690,"Mollusc (nudibranch)",444450,bbaaaa,3270,
445691,"Nudi uni 01 (BOI)",445690,bbaaaa,3270,
445692,"Nudi uni 02 (BOI)",445690,bbaaaa,3270,
445693,"Nudi uni 03 (BOI)",445690,bbaaaa,3270,
445694,"Nudi uni 04 (BOI)",445690,bbaaaa,3270,
445695,"ONG 01 holey white ball",443267,bbaaaa,3270,
445696,"ONG 02 tiny white ball",443267,bbaaaa,3270,
445697,"ONG 03 orange blob",443267,bbaaaa,3270,
445698,"ONG 04 fluted translucent",443267,bbaaaa,3270,
445699,"ONG 05 scrappy brown holey",443267,bbaaaa,3270,
445700,"ONG 06 fluted brown",443267,bbaaaa,3270,
445701,"ONG 07 latticed",443267,bbaaaa,3270,
445702,"ONG 08 white lump",443267,bbaaaa,3270,
445703,"ONG 09 tan ear",443267,bbaaaa,3270,
445704,"ONG 10 grey lump",443267,bbaaaa,3270,
445705,"ONG 11 hairy",443267,bbaaaa,3270,
445706,"ONG 12 white pot",443267,bbaaaa,3270,
445707,"ONG 13 perforated white",443267,bbaaaa,3270,
445708,"ONG 14 folded hairy",443267,bbaaaa,3270,
445709,"ONG 15 tan lumpy",443267,bbaaaa,3270,
445710,"ONG 16 flower translucent",443267,bbaaaa,3270,
445711,"ONG 17 ascidian-like flower",443267,bbaaaa,3270,
445712,"ONG 18 tan blobs",443267,bbaaaa,3270,
445713,"ONG 19 white fan",443267,bbaaaa,3270,
445714,"ONG 20 white vase",443267,bbaaaa,3270,
445715,"ONG 21 hairy urn",443267,bbaaaa,3270,
445716,"ONG 22 tan perforated bowl",443267,bbaaaa,3270,
445717,"ONG 23 orange lumpy",443267,bbaaaa,3270,
445718,"ONG 24 cream spiky",443267,bbaaaa,3270,
445719,"Hyalascus sp.",443785,ba66ff,3270,
445720,Phlebobranchia,443282,30c8f2,3270,103435
445721,Octacnemidae,445720,30c8f2,3270,103446
445722,Megalodicopia,445721,30c8f2,3270,249571
445723,"Megalodicopia sp.",445722,30c8f2,3270,
445724,"ASC 01 culeolus-like",443282,bbaaaa,3270,
445725,"ASC 02 orange pots",443282,bbaaaa,3270,
445726,"Bryozoan - filamentous form",443279,bbaaaa,3270,
445727,Cynoglossidae,443884,30c8f2,3270,125578
445728,Cynoglossinae,445727,30c8f2,3270,154690
445729,Cynoglossus,445728,30c8f2,3270,126112
445730,"Cynoglossus capensis",445729,30c8f2,3270,219854
445731,"Tongue fish",445730,bbaaaa,3270,
445732,"CRB 01 brown",443187,bbaaaa,3270,
445733,"CRB 02 orange",443187,bbaaaa,3270,
445734,"BRN 01 stalked",443287,bbaaaa,3270,
445735,"GAL 01 striped",443198,bbaaaa,3270,
445736,"GAL 02 pointy nose",443198,bbaaaa,3270,
445737,"GAL 03 pincers",443198,bbaaaa,3270,
445738,Projasus,445533,f230b8,3270,246439
445739,"Projasus parkeri",445738,f230b8,3270,246440
445740,"Shrimp 01 camouflage",443193,bbaaaa,3270,
445741,"Shrimp 02 tiny",443193,bbaaaa,3270,
445742,"Shrimp 03 striped",443193,bbaaaa,3270,
445743,"Shrimp 04 peppermint",443193,bbaaaa,3270,
445744,"BIV 01 Gigantidas",443275,bbaaaa,3270,
445745,"BIV 02 spout",443275,b1a1a1,3270,
445746,pepperpots,443297,640cf2,3270,
445747,"iron oxide",443115,f26f55,3270,
445748,sulphur,443115,f26f55,3270,
445749,"ANT 23 pale polyp brown stalk",443264,bbaaaa,3270,
445750,Thoracica,443286,f230b8,3270,1107
445751,Thoracicalcarea,445750,f230b8,3270,1422167
445752,Scalpellomorpha,445751,f230b8,3270,106038
445753,Neolepadoidea,445752,f230b8,3270,1422352
445754,Neolepadidae,445753,f230b8,3270,1422822
445755,Vulcanolepas,445754,f230b8,3270,733086
445756,"Vulcanolepas osheai",445755,f230b8,3270,733408
445757,"Vulcanolepas cf. osheai",445756,f230b8,3270,
445758,"GAS 01 vent",443207,bbaaaa,3270,
445759,"ONG 25 Rosella-like",443267,bbaaaa,3270,
445760,"ANT 24 pale purple",443264,bbaaaa,3270,
445761,"COB 09 white bristles",443501,bbaaaa,3270,
445762,Cancellata,444379,0dff6a,3270,238294
445763,Horneridae,445762,0dff6a,3270,110808
445764,Hornera,445763,0dff6a,3270,111041
445765,"Hornera sp.",445764,0dff6a,3270,
445766,"ASR 04 many arms",443166,bbaaaa,3270,
445767,"Wood debris",443116,f26f55,3270,
445768,"OPH 04 spindly bristly",443168,bbaaaa,3270,
445769,Auloplacidae,443791,ba66ff,3270,581295
445770,Auloplax,445769,ba66ff,3270,132109
445771,"Auloplax breviscopulata",445770,ba66ff,3270,577475
445772,Esperiopsidae,443742,ba66ff,3270,168337
445773,Esperiopsis,445772,ba66ff,3270,131906
445774,"Esperiopsis inodes",445773,ba66ff,3270,168360
445775,"Esperiopsis cf. inodes",445774,ba66ff,3270,
445776,Farreidae/Euretidae,443791,ba66ff,3270,
445777,"Poecillastra laminaris",444559,ba66ff,3270,170263
445778,Corbitellinae,443787,ba66ff,3270,171848
445779,Walteria,445778,ba66ff,3270,171883
445780,"Walteria n. sp. anastomosing?",445779,ba66ff,3270,
445781,"Walteria leuckarti",445779,b664fa,3270,171885
445782,"Walteria leuckarti leuckarti",445781,ff6666,3270,171886
445783,"Walteria cf. leuckarti leuckarti",445782,ff6666,3270,
445784,Sericolophus,444627,ff6666,3270,171600
445785,"Sericolphus sp.",445784,ff6666,3270,
445786,Aulocalycidae,443783,ba66ff,3270,131687
445787,Aulocalycinae,445786,ba66ff,3270,605839
445788,Euryplegma,445787,ba66ff,3270,171611
445789,"Euryplegma auriculare",445788,ba66ff,3270,171612
445790,"Euryplegma auriculare?",445789,ba66ff,3270,
445791,"Walteria flemmingii",445779,ba66ff,3270,171884
445792,"Walteria flemming",445791,ff6666,3270,
445793,Farrea,443792,ba66ff,3270,132107
445794,"Farrea similaris",445793,ba66ff,3270,577453
445795,Regadrella,445778,ba66ff,3270,132117
445796,"Regadrella sp.",445795,ba66ff,3270,
445797,"Pleroma turbinatum",444751,ba66ff,3270,171171
445798,"Poecillastra schulzei",444559,ba66ff,3270,170266
445799,"Poecillastra cf. schulzei",445798,ba66ff,3270,
445800,Neosiphonia,443733,ba66ff,3270,171157
445801,"Neosiphonia motukawanui",445800,ba66ff,3270,246620
445802,"Rossella sp.",444578,ba66ff,3270,
445803,Erylinae,443749,ba66ff,3270,597251
445804,Penares,445803,ba66ff,3270,131992
445805,"Penares palmatoclada",445804,ba66ff,3270,169867
445806,"Penares palmatoclada?",445805,ba66ff,3270,
445807,Chonelasmatinae,444570,ba66ff,3270,171658
445808,Chonelasma,445807,ba66ff,3270,132102
445809,"Symplectella sp.",444841,ba66ff,3270,
445810,Tretodictyidae,443791,ba66ff,3270,131690
445811,Hexactinella,445810,ba66ff,3270,132110
445812,"Hexactinella ventilabrum",445811,ba66ff,3270,171805
445813,"Hexactinella ?ventilabrum",445812,ba66ff,3270,
445814,"Geodia sp.",443751,ba66ff,3270,
445815,"Hyalonema (Coscinonema)",444576,ba66ff,3270,171430
445816,"Hyalonema (Coscinonemia) n. sp. 1",445815,ff6666,3270,
445817,"Sceptrulophora incertae sedis",443791,ba66ff,3270,762365
445818,Lefroyella,445817,ba66ff,3270,171715
445819,"Leyfroyella sp. undet.",445818,ff6666,3270,
445820,"Farrea medusiforma",445793,ba66ff,3270,577454
445821,"Farrea ?medusiforma",445820,ba66ff,3270,
445822,"Farrea occa",445793,ba66ff,3270,134391
445823,"Farrea occa occa",445822,ba66ff,3270,171758
445824,"Farrea occa occa?",445823,ba66ff,3270,
445826,Euretinae,444570,ba66ff,3270,171685
445827,Gymnorete,445826,ba66ff,3270,171711
445828,"Gymnorete stabulatum",445827,ba66ff,3270,577463
445829,Periphragella,445807,ba66ff,3270,132105
445830,"Periphragella elisae",445829,ba66ff,3270,171675
445831,"Periphragella elisae?",445830,ba66ff,3270,
445832,"SIA yellow (Enallopsammia?)",443500,bbaaaa,3270,
445833,Portunidae,445064,f230b8,3270,106763
445834,"Hyalonema (Oonema)",444576,ba66ff,3270,171506
445835,Aphrocallistidae,443791,ba66ff,3270,131686
445836,Aphrocallistes,445835,ba66ff,3270,132099
445837,"Aphrocallistes beatrix",445836,ba66ff,3270,134380
445838,"Aphrocallistes beatrix beatrix",445837,ba66ff,3270,195837
445839,Calyptopora,443505,c50707,3270,174809
445840,"Calyptopora sp.",445839,c50707,3270,
445841,Dactylia,444753,ba66ff,3270,166257
445842,"Dactylia palmata",445841,ff6666,3270,166269
445843,Brucerolis,443578,f230b8,3270,413527
445844,"TAN1303 ASC transparent",443282,bbaaaa,3270,
445845,Lissodendoryx,444539,ba66ff,3270,131930
445846,"Lissodendoryx (Ectyodoryx)",445845,ba66ff,3270,168908
445847,"Lissodendoryx (Lissodendoryx)",445845,ba66ff,3270,168935
445848,"Cinachyra barbata_ERROR",444507,ff6666,3270,
445849,Hexactinosida_ERROR,443255,ff6666,3270,
445850,Homoieurete,444570,ba66ff,3270,577460
445851,"Homoieurete macquariense",445850,ba66ff,3270,577461
445852,Actinostoloidea,444307,c50707,3270,888374
445853,Actinostolidae,445852,bd0707,3270,100655
445854,Pyuridae,445563,30c8f2,3270,103449
445855,Culeolus,445854,30c8f2,3270,103517
445856,Culeolus?,445855,30c8f2,3270,
445857,"TAN1303 PTU pink",443498,c59c07,3270,
445858,Rosellidae,443784,ff6666,3270,
445860,Bubarida,443730,ba66ff,3270,845473
445861,Dictyonellidae,445860,ba66ff,3270,131632
445862,Acanthella,445861,ba66ff,3270,165648
445863,"Acanthella n. sp. 2",445862,ba66ff,3270,
445864,"Hyalascus maui sp. nov",443785,ff6666,3270,
445865,Pennatulidae,444458,c50707,3270,128484
445866,Pennatula,445865,c50707,3270,128495
445867,Leptothecata,443502,c50707,3270,13552
445868,Sertularioidea,445867,c50707,3270,1041959
445869,Sertulariidae,445868,c50707,3270,1614
445870,"Ghost shark",445181,bbaaaa,3270,
445871,Stylopathidae,443501,c50707,3270,266965
445872,Stylopathes,445871,c50707,3270,267875
445873,"Stylopathes sp.?",445872,c50707,3270,
445874,Chaunacidae,444028,30c8f2,3270,125488
445875,Chaunax,445874,30c8f2,3270,125796
445876,"Coffin fish",445875,bbaaaa,3270,
445877,Caulophacus,443784,ba66ff,3270,132112
445878,"Caulophacus sp.?",445877,ba66ff,3270,
445879,Scleractinia_branching_1,443500,bbaaaa,3270,
445880,Porifera_tubes_1,443267,bbaaaa,3270,
445881,Porifera_wrinkle_1,443267,bbaaaa,3270,
445882,Porifera_ball_1,443267,bbaaaa,3270,
445883,Porifera_ball_2,443267,bbaaaa,3270,
445884,Porifera_ball_3,443267,bbaaaa,3270,
445885,Chimney_yellow_1,443267,bbaaaa,3270,
445887,"Crinoid (motile) black",443176,bbaaaa,3270,
445888,Gorgonian_pink_bushy_1,443499,bbaaaa,3270,
445889,Gorgonian_white_branched_1,443499,bbaaaa,3270,
445890,Porifera_leaf_1,443267,bbaaaa,3270,
445891,Foram_brains_1,443292,bbaaaa,3270,
445892,Porifera_ball_4,443267,bbaaaa,3270,
445893,Antipatharia_pink_1,443501,a69797,3270,
445894,Gorgonian_yellow_branching_1,443499,bbaaaa,3270,
445895,Pennatulacea_orange_1,443498,c59c07,3270,
445896,Asteroidea_1,443166,bbaaaa,3270,
445897,Porifera_stalked_1,443267,bbaaaa,3270,
445898,Porifera_stalked_2,443267,bbaaaa,3270,
445899,Gorgonian_white_fanlike_1,443499,bbaaaa,3270,
445900,Gorgonian_white_naked_1,443499,bbaaaa,3270,
445901,Alcyonacea_white_1,443497,bbaaaa,3270,
445902,Porifera_wrinkle_brown_1,443267,bbaaaa,3270,
445903,Porifera_yellow_blob_1,443267,bbaaaa,3270,
445904,Ophiuroid_white_1,443168,bbaaaa,3270,
445905,Ophiuroid_red_1,443168,bbaaaa,3270,
445906,Metallogorgia_1,445675,bbaaaa,3270,
445907,Keratoisididae,443824,c50707,3270,1544106
445908,Lepidisis,445907,c50707,3270,125307
445909,Lepidisis_skinny_1,445908,bbaaaa,3270,
445910,Lepidisis_bushy_1,445908,bbaaaa,3270,
445911,Porifera_white_massive_1,443267,bbaaaa,3270,
445912,"Crinoid (motile) yellow",443176,bbaaaa,3270,
445913,"Crinoid (motile) green",443176,bbaaaa,3270,
445914,Gorgonian_white_branched_2,443499,bbaaaa,3270,
445915,Anthomastus_red_1,443827,c50707,3270,
445916,Bryozoan_small_bushy_1,443279,bbaaaa,3270,
445917,Porifera_ball_5,443267,bbaaaa,3270,
445918,Bryozoan_small_coral-like,443279,bbaaaa,3270,
445919,Goniasteridae_1,443358,bbaaaa,3270,
445920,Asteroidea_slim_white_1,443166,bbaaaa,3270,
445921,Porifera_unknown_1,443267,bbaaaa,3270,
445922,Primnoidae_1,443831,bbaaaa,3270,
445923,Echiura_bifurcated_1,443288,bbaaaa,3270,
445924,Antipatharia_white_1,443501,a69797,3270,
445925,Anemone_pink_1,443264,bbaaaa,3270,
445926,Stylasteridae_white_1,443505,bbaaaa,3270,
445927,Echiura_non-bifurcated_1,443288,bbaaaa,3270,
445928,Echinoida_dark_1,443171,bbaaaa,3270,
445929,Porifera_brown_cup_1,443267,bbaaaa,3270,
445930,Porifera_beige_tube_1,443267,bbaaaa,3270,
445931,Alcyonacea_small_white_1,443497,bbaaaa,3270,
445933,"Cup coral_stalked_1",443812,bbaaaa,3270,
445934,"Cup coral_1",443813,bbaaaa,3270,
445935,Anemone_pink_2,443264,bbaaaa,3270,
445936,Anemone_small_orange_1,443264,bbaaaa,3270,
445937,Porifera_white_dish_1,443267,bbaaaa,3270,
445938,Goniasteridae_2,443358,bbaaaa,3270,
445939,Ophiuroid_orange_1,443168,bbaaaa,3270,
445940,Asteroidea_white_small_1,443166,bbaaaa,3270,
445941,Asteroidea_slim_orange_1,443166,bbaaaa,3270,
445942,Asteroidea_v.small,443166,bbaaaa,3270,
445943,Crab_1,443187,bbaaaa,3270,
445944,Scaphopoda_1,443226,bbaaaa,3270,
445945,Holothurian_white_1,443173,bbaaaa,3270,
445946,Cerianthid_1,443859,bbaaaa,3270,
445947,Holothurian_little_pig_1,443173,bbaaaa,3270,
445948,Ophiuroid_white_2,443168,bbaaaa,3270,
445949,Asteroid_buried_1,443166,bbaaaa,3270,
445952,Buccinidae_1,443604,bbaaaa,3270,
445953,Echinoid_birthday_cake,443171,bbaaaa,3270,
445954,Echinoid_darK_star,443171,b8a7a7,3270,
445955,Ophiuroid_frilly_feeding,443168,bbaaaa,3270,
445956,Cerianthid_white_1,443859,bbaaaa,3270,
445957,Anemone_medium_orange_1,443264,bbaaaa,3270,
445958,Liponema_1,444316,bbaaaa,3270,
445959,Cirripedia_1,443287,bbaaaa,3270,
445960,Buccinidae_2,443604,bbaaaa,3270,
445961,Solasteridae_pale_pink_1,443378,bbaaaa,3270,
445962,Unknown,,b47eaf,3270,
445963,Siphon_1,445962,b47eaf,3270,
445964,Cerianthid_blood_red_1,443859,bbaaaa,3270,
445965,Asteroidea_large_yellow_1,443166,bbaaaa,3270,
445966,Anemone_red_1,443264,bbaaaa,3270,
445967,Holothurian_white_2,443173,bbaaaa,3270,
445968,Holothurain_pink_small_1,443173,bbaaaa,3270,
445969,Holothurian?_small_pink,443173,bbaaaa,3270,
445970,Inachidae_pink_1,443522,bbaaaa,3270,
445976,Antipatharia_bush_1,443501,bbaaaa,3270,
445977,Ophiuroid_white_skinny_1,443168,bbaaaa,3270,
445978,Porifera_stalked_3,443267,bbaaaa,3270,
445979,Porifera_white_allyum_1,443267,bbaaaa,3270,
445980,Metallogorgia_gold_1,445675,bbaaaa,3270,
445981,Porifera_ball_6,443267,bbaaaa,3270,
445982,Ophiuroid_white_small_1,443168,bbaaaa,3270,
445983,Porifera_stalked_4,443267,bbaaaa,3270,
445984,Zoanthid_colonised_stalk,443727,bbaaaa,3270,
445985,Lepidisis_pink_bushy_1,445908,bbaaaa,3270,
445986,Pennatulacea_skinny_1,443498,c59c07,3270,
445987,Porifera_mouldy_blob_1,443267,bbaaaa,3270,
445988,Gorgonacea_brown_bushy_1,443499,bbaaaa,3270,
445989,Gorgonacea_pink_antipath-like,443499,bbaaaa,3270,
445990,Porifera_stalked_5,443267,bbaaaa,3270,
445991,Anemone_peach_1,443264,bbaaaa,3270,
445992,Echiura_bifurcated_frilly_1,443288,bbaaaa,3270,
445993,"Crinoid (motile) orange",443176,bbaaaa,3270,
445994,Isidae_beige_1,443795,bbaaaa,3270,
445995,Porifera_wrinkle_white,443267,bbaaaa,3270,
445996,Primnoidae_bushy_1,443831,bbaaaa,3270,
445997,Gorgonian_tree-like_white_1,443499,bbaaaa,3270,
445998,Gorgonian_green_bushy,443499,bbaaaa,3270,
445999,Lepidisis_white_furry,445908,bbaaaa,3270,
446000,Porifera_stalked_ball,443267,bbaaaa,3270,
446001,Holothurian_white_frilly,443173,bbaaaa,3270,
446002,Echinoid_white_test_long_spines,443171,bbaaaa,3270,
446003,Porifera_stalked_6,443267,bbaaaa,3270,
446004,Lithodidae_1,443529,bbaaaa,3270,
446005,Echinoid_pink_blob,443171,bbaaaa,3270,
446006,Crinoid_stalked_weird,443176,bbaaaa,3270,
446007,Anemone_peach_huge,443264,bbaaaa,3270,
446008,Porifera_white_spiky_ball,443267,bbaaaa,3270,
446009,Majidae_1,443539,bbaaaa,3270,
446010,Porifera_barrel_1,443267,bbaaaa,3270,
446012,Hydroid_fern_1,443273,bbaaaa,3270,
446013,Porifera_leafy_HUGE,443267,bbaaaa,3270,
446014,Solasteridae_six-armed_1,443378,bbaaaa,3270,
446015,Pennatulacea_white_1,443498,c59c07,3270,
446016,Porifera_barrel_2,443267,bbaaaa,3270,
446017,Lobster_1,443181,bbaaaa,3270,
446018,Asteroidea_2,443166,bbaaaa,3270,
446019,Gorgonian_fan-coral-like,443499,bbaaaa,3270,
446020,Cerianthid_2,443859,bbaaaa,3270,
446021,Stylasteridae_yellow_1,443505,bbaaaa,3270,
446022,Porifera_stalked_7,443267,bbaaaa,3270,
446023,"Gorgonian_pink whispy",443499,bbaaaa,3270,
446024,Hydriod_white_skinny,443273,bbaaaa,3270,
446025,Antipatharia_bush_2,443501,bbaaaa,3270,
446026,Stylasteridae_pink_1,443505,bbaaaa,3270,
446027,Hormathidae_white,444315,bbaaaa,3270,
446028,Hydriod_brown_branching,443273,bbaaaa,3270,
446029,Antipatharia_skinny_white,443501,a69797,3270,
446030,Brisingid_huge,443225,bbaaaa,3270,
446031,Echinoid_spiky_pink,443171,bbaaaa,3270,
446032,Porifera_skirted,443267,bbaaaa,3270,
446033,Isidae_pink_bush,443795,bbaaaa,3270,
446034,Asteroidea_cushion_star,443166,bbaaaa,3270,
446035,Porifera_bells,443267,bbaaaa,3270,
446036,Antipatharia_black,443501,bbaaaa,3270,
446037,Porifera_tubes_2,443267,bbaaaa,3270,
446038,Primnoid_whip-like,443831,bbaaaa,3270,
446039,Isidae_whip-like,443795,bbaaaa,3270,
446040,Gorgonian_pink_fan,443499,bbaaaa,3270,
446041,Porifera_tube_translucent,443267,bbaaaa,3270,
446042,Porifera_hairy_spire,443267,bbaaaa,3270,
446043,Bryozoan_fluffy,443279,bbaaaa,3270,
446044,Cerianthid_3,443859,bbaaaa,3270,
446045,"Crinoid (motile) brown skinny",443176,bbaaaa,3270,
446046,Asteroidea_cushion_star_2,443166,bbaaaa,3270,
446047,Pennatulacea_fluffy,443498,c59c07,3270,
446048,Ophiuroid_amphiuridae,443168,bbaaaa,3270,
446049,Bryozoan_tall_bushy,443279,bbaaaa,3270,
446050,Echinoid_dark_centre,443171,bbaaaa,3270,
446051,Holothurain_long_pink,443173,bbaaaa,3270,
446052,Porifera_fringed,443267,bbaaaa,3270,
446053,Porifera_white_cup,443267,bbaaaa,3270,
446054,Anemone_purple_grey,443264,bbaaaa,3270,
446055,Unknown_white_bushy,445962,b47eaf,3270,
446060,Chrysogorgia,443843,c50707,3270,125294
446061,Chrysogorgia_1,446060,bbaaaa,3270,
446062,Primnoid_brown_fuzzy,443831,bbaaaa,3270,
446063,Gorgonean_brown_mess,443499,bbaaaa,3270,
446064,Crinoid_stalked_very_weird,443176,bbaaaa,3270,
446065,Lithodidae_2,443529,bbaaaa,3270,
446066,Porifera_veined,443267,bbaaaa,3270,
446067,Porifera_flowerhead,443267,bbaaaa,3270,
446068,Anemone_large_dark,443264,bbaaaa,3270,
446069,Cidaridae_1,443414,bbaaaa,3270,
446070,"Shrimp 01 red",443193,bbaaaa,3270,
446071,"Shrimp 02 pink",443193,b4a4a4,3270,
446072,"Shrimp 03 white",443193,bbaaaa,3270,
446073,"Shrimp 04 brown",443193,bbaaaa,3270,
446074,"Shrimp 06 pink-white",443193,bbaaaa,3270,
446075,Shrimp,443193,bbaaaa,3270,
446076,"Shrimp 05 approx 100",443193,bbaaaa,3270,
446077,"Shrimp 05 htv small",443193,bbaaaa,3270,
446078,"Echiura green 01",443288,bbaaaa,3270,
446079,Chaetopteridae,443864,94ff4d,3270,918
446080,"Ascidian predatory",443282,bbaaaa,3270,
446081,"Lepidisis sp",445908,c50707,3270,
446082,"Polychaete? Star",443216,bbaaaa,3270,
446083,Solasteridae_large_yellow,443378,bbaaaa,3270,
446084,Anemone_white_1,443264,bbaaaa,3270,
446085,"Paralomis sp",443531,f230b8,3270,
446086,"Chaetopteridae n=50",446079,bbaaaa,3270,
446087,Iridogorgia,443843,c50707,3270,125295
446088,Iridigorgia,446087,c59c07,3270,
446089,Anemone_large_orange,443264,bbaaaa,3270,
446090,"V.osheai n = 50",445756,bbaaaa,3270,
446091,Filograninae,444478,94ff4d,3270,886860
446092,Protula,446091,94ff4d,3270,129575
446093,"Farrea sp.",445793,ba66ff,3270,
446094,Limida,443687,f2d649,3270,1777
446095,Limoidea,446094,f2d649,3270,246153
446096,Limidae,446095,f2d649,3270,1778
446097,Acesta,446096,f2d649,3270,138124
446098,"Acesta maui",446097,f2d649,3270,457862
446099,"Calliostoma sp.",443638,f2d649,3270,
446100,"Fusitriton laudandus",443618,f2d649,3270,476493
446101,"manganese nodules",443114,f26f55,3270,
446102,Keratoisis,445907,c50707,3270,125306
446103,Plexauridae,443794,c50707,3270,125277
446104,Hoplichthyidae,444971,30c8f2,3270,196073
446105,Hoplichthys,446104,30c8f2,3270,205533
446106,"Hoplichthys haswelli",446105,30c8f2,3270,278228
446107,"Deepsea flathead",446106,bbaaaa,3270,
446108,Azygopus,445427,30c8f2,3270,268474
446109,"Azygopus pinnifasciatus",446108,30c8f2,3270,279854
446110,"Spotted flounder",446109,bbaaaa,3270,
446111,Warehou,445244,bbaaaa,3270,
446112,Bellowsfish,445357,bbaaaa,3270,
446113,Snipefish,445357,bbaaaa,3270,
446114,Pteropeltarion,443512,f230b8,3270,439188
446115,"Pteropeltarion novaezelandiae",446114,f230b8,3270,440357
446116,Aplousobranchia_ERROR,444741,f23131,3270,
446117,Botrylloides,445564,30c8f2,3270,103528
446118,"Botrylloides sp.",446117,30c8f2,3270,
446119,Didemnidae,444741,30c8f2,3270,103439
446120,Didemnum,446119,30c8f2,3270,103456
446121,Didemnid,446120,bbaaaa,3270,
446122,Diplosoma,446119,30c8f2,3270,103457
446123,Molgulidae,445563,30c8f2,3270,103448
446124,Molgula,446123,30c8f2,3270,103509
446125,"Molgula sp.",446124,30c8f2,3270,
446126,Polycitoridae,444741,30c8f2,3270,103440
446127,Polyclinidae,444741,30c8f2,3270,103441
446128,Synoicum,446127,30c8f2,3270,103479
446129,"Synoicum otagoensis",446128,30c8f2,3270,251473
446130,"Bryozoan - antler (Onchoporoides moseleyi?)",443279,bbaaaa,3270,
446131,"Bryozoan - yellow lacey",443279,bbaaaa,3270,
446132,"Bitectipora retepora",444711,0dff6a,3270,471869
446133,Celleporina,444713,0dff6a,3270,110875
446134,"Celleporina grandis",446133,0dff6a,3270,469548
446135,Galeopsis,444713,0dff6a,3270,146815
446136,"Galeopsis n. sp. (open branched)",446135,0dff6a,3270,
446137,Edwardsid,444305,bbaaaa,3270,
446138,Leiopathidae,443501,c50707,3270,266962
446139,Leiopathes,446138,c50707,3270,103305
446140,Odontaster,444162,2ee693,3270,123310
446141,"Odontaster benhami",446140,2ee693,3270,254911
446142,Sclerasterias,443331,2ee693,3270,123225
446143,"Sclerasterias mollis",446142,2ee693,3270,291602
446144,"Goniocidaris parasol",443416,ff6666,3270,414194
446145,Hygrosomatinae,444878,2ee693,3270,510896
446146,Hygrosoma,446145,2ee693,3270,123400
446147,"Hygrosoma luculentum",446146,2ee693,3270,513347
446148,"Hygrosoma luculentum/Paramaretia peloria",446147,2ee693,3270,
446149,Lepidotheca,443505,c59c07,3270,231552
446150,"Lepidotheca sp.",446149,c59c07,3270,
446151,"Chonelasma lamella",445808,ba66ff,3270,171664
446152,Coelosphaera,444539,ba66ff,3270,131916
446153,"Coelosphaera globosa",446152,ff6666,3270,175234
446154,Desmacididae,443742,ba66ff,3270,131654
446155,Desmacidon,446154,ba66ff,3270,131943
446156,"Desmacidon mamillatum",446155,ba66ff,3270,169114
446157,"Desmacidon mammilatum",446156,ff6666,3270,
446158,Ecionemia,443753,ba66ff,3270,131990
446159,"Ecionemia novaezealandiae",446158,ba66ff,3270,701574
446160,Xestospongia/Poecillastra,444806,a761f2,3270,
446161,"Gracilechinus multidentatus/juvenile Paramaretia peloria",443440,2ee693,3270,
446162,"Notopandalus magnoculus",444908,f230b8,3270,515440
446163,Holothurian_purple,443173,bbaaaa,3270,
446164,Porifera_beige_leaf,443267,bbaaaa,3270,
446165,Gorgonian_green_fan,443499,bbaaaa,3270,
446166,Porifera_vase,443267,bbaaaa,3270,
446167,Crab_2,443187,bbaaaa,3270,
446168,Porifera_stalked_9,443267,bbaaaa,3270,
446169,Echinoderm_black,443163,bbaaaa,3270,
446170,Anemone_small_dark,443264,bbaaaa,3270,
446172,Porifera_stalked_8,443267,bbaaaa,3270,
446173,Porifera_daisy,443267,bbaaaa,3270,
446174,Porifera_mouldy_barrel,443267,bbaaaa,3270,
446175,Unknown_white_cones,445962,b47eaf,3270,
446176,Cidaridae_black,443414,bbaaaa,3270,
446177,Ascidiean_long_stalked,443282,bbaaaa,3270,
446178,Primnoid_stalked,443831,bbaaaa,3270,
446179,Porifera_brown_palm,443267,bbaaaa,3270,
446180,Holothurian_gravel,443173,bbaaaa,3270,
446181,Echinoid_dark_purple,443171,bbaaaa,3270,
446182,Porifera_grey,443267,bbaaaa,3270,
446183,Echinoid_red,443171,bbaaaa,3270,
446184,Antipatharia_purple-grey,443501,bbaaaa,3270,
446185,"Hyalonema sp",444576,ba66ff,3270,
446186,Echinoid_beige,443171,bbaaaa,3270,
446187,Porifera_large_white_leaf,443267,bbaaaa,3270,
446188,Porifera_brainy_cup,443267,bbaaaa,3270,
446189,Porifera_large_mouldy_blob,443267,bbaaaa,3270,
446190,Synaphobranchidae,443324,30c8f2,3270,125436
446191,Synaphobranchinae,446190,30c8f2,3270,151825
446192,Diastobranchus,446191,30c8f2,3270,158655
446193,"Diastobranchus capensis",446192,30c8f2,3270,158656
446194,"Coelorinchus oliverianus",445360,30c8f2,3270,280324
446195,Psychrolutidae,443996,30c8f2,3270,125594
446196,"Basketwork eel",446193,bbaaaa,3270,
446197,"Olivers Rattail",446194,bbaaaa,3270,
446198,Toadfish,446195,bbaaaa,3270,
446199,"Chalk patch",443114,f26f55,3270,
446200,Skates,443320,bbaaaa,3270,
446201,"Black sand",443114,f26f55,3270,
446202,Salmacina,446091,94ff4d,3270,129578
446203,"Salmacina australis",446202,94ff4d,3270,338077
446204,Brisingidae,443225,2ee693,3270,123119
446205,Brisinga,446204,2ee693,3270,123210
446206,"Brisinga chathamica",446205,2ee693,3270,254867
446207,"Rattail bite mark",443297,640cf2,3270,
446209,Narkidae,445168,30c8f2,3270,196076
446210,Numbfish,446209,bbaaaa,3270,
446211,"Coelorinchus fasciatus",445360,30c8f2,3270,280277
446212,"Banded Rattail (Coelorinchus fasciatus)",446211,bbaaaa,3270,
446216,"Asteroid resting place",443297,600ce9,3270,
446219,Notacanthiformes,443154,30c8f2,3270,10294
446220,Notacanthidae,446219,30c8f2,3270,125501
446221,Notacanthus,446220,30c8f2,3270,125840
446222,"Notacanthus sexspinis",446221,30c8f2,3270,221411
446224,"Spineback eel",446222,bbaaaa,3270,
446225,Bythaelurus,445087,30c8f2,3270,296218
446226,"Bythaelurus dawsoni",446225,30c8f2,3270,316764
446227,"Dawsons catshark",446226,bbaaaa,3270,
446228,"Coelorinchus cookianus",445360,30c8f2,3270,280271
446229,"Cooks rattail",446228,bbaaaa,3270,
446230,Protoptilidae,444458,c50707,3270,128485
446231,"Hyalascus track",443297,640cf2,3270,
446232,Etmopteridae,445080,30c8f2,3270,267045
446233,Etmopterus,446232,30c8f2,3270,105775
446234,"shark (Etmopterus sp.)",446233,bbaaaa,3270,
446235,"flathead resting place",443297,640cf2,3270,
446236,Anthoptilidae,444458,c50707,3270,128480
446237,"Coelorinchus maurofasciatus",445360,30c8f2,3270,280311
446238,"Dark banded rattail",446237,bbaaaa,3270,
446239,Mora,444033,30c8f2,3270,125769
446240,"Mora moro",446239,30c8f2,3270,126497
446241,Ribaldo,446240,bbaaaa,3270,
446242,Bathypectinura,445602,2ee693,3270,123543
446243,"Bathypectinura heros",446242,2ee693,3270,124814
446244,Brochiraja,444120,30c8f2,3270,268598
446245,"Brochiraja sp.",446244,30c8f2,3270,
446246,"Coelorinchus aspercephalus",445360,30c8f2,3270,280252
446247,"Oblique banded rattail",446246,bbaaaa,3270,
446248,Priapulida,443147,ffb433,3270,101063
446249,"Priapulida (Penis worm)",446248,bbaaaa,3270,
446250,Acanthascus,443784,ba66ff,3270,171966
446251,"Acanthascus (Rhabdocalyptus)",446250,ba66ff,3270,171972
446252,"Rossellidae Acanthascus (Rhabdocalyptus) sp. 1",446251,ba66ff,3270,
446254,Ambophthalmos,446195,30c8f2,3270,234553
446255,"Ambophthalmos angustus",446254,30c8f2,3270,279357
446256,"pale toadfish",446255,bbaaaa,3270,
446257,"Opisthoteuthis spp.",443666,f2d649,3270,
446258,Notophycis,444033,30c8f2,3270,234577
446259,"Notophycis marginata",446258,30c8f2,3270,234703
446260,"Dwarf cod (Notophycis marginata)",446259,bbaaaa,3270,
446261,"Southern conger (Conger verreauxi)",445263,bbaaaa,3270,
446262,Gadidae,443313,30c8f2,3270,125469
446263,Micromesistius,446262,30c8f2,3270,125735
446264,"Micromesistius australis",446263,30c8f2,3270,234781
446265,"Southern blue whiting",446264,bbaaaa,3270,
446266,"Silverside (Argentina elongata)",445213,bbaaaa,3270,
446267,Neophrynichthys,446195,30c8f2,3270,270014
446268,"Neophrynichthys latus",446267,30c8f2,3270,281699
446269,"Dark toadfish (Neophrynichthys latus)",446268,bbaaaa,3270,
446270,"Neophrynichthys heterospilos",446267,30c8f2,3270,281698
446271,"Variable spotted toadfish (Neophrynichthys heterospilos)",446270,bbaaaa,3270,
446272,Zygochlamys,444915,f2d649,3270,236716
446273,"Zygochlamys delicatula",446272,f2d649,3270,393701
446274,"Queen scallop",446273,bbaaaa,3270,
446275,Jacquinotia,443540,f230b8,3270,439463
446276,"Jacquinotia edwardsii",446275,f230b8,3270,442003
446277,"Giant spider crab",446276,bbaaaa,3270,
446278,"Bryozoan hash",443279,bbaaaa,3270,
446279,Geryonidae,445064,f230b8,3270,106762
446280,Nectocarcinus,446279,f230b8,3270,439668
446281,"Nectocarcinus bennetti",446280,f230b8,3270,442731
446282,"Smooth red swimming crab",446281,bbaaaa,3270,
446283,"Nototodarus sloanii",445070,f2d649,3270,342378
446284,"NZ southern arrow squid",446283,bbaaaa,3270,
446285,Lucigadus,444018,30c8f2,3270,269742
446286,"Lucigadus nigromaculatus",446285,30c8f2,3270,281418
446287,"Black spot rattail (Lucigadus nigromaculatus)",446286,bbaaaa,3270,
446288,"Rhombosolea tapirina",445437,30c8f2,3270,282603
446289,"Greenback flounder (Rhombosolea tapirina)",446288,bbaaaa,3270,
446290,Zoarcinae,444136,30c8f2,3270,267129
446291,Zoarces,446290,30c8f2,3270,126108
446292,"Zoarces viviparus",446291,30c8f2,3270,127123
446293,"Campbell eelpout",446292,bbaaaa,3270,
446294,"Skate egg case",443297,640cf2,3270,
446295,Pyrosomatida,443299,30c8f2,3270,137213
446296,Pyrosomatidae,446295,30c8f2,3270,137216
446297,Pyrosomatinae,446296,30c8f2,3270,719849
446298,Pyrosoma,446297,30c8f2,3270,137224
446299,"Pyrosoma atlanticum",446298,30c8f2,3270,137250
446300,"Nectocarcinus antarcticus",446280,f230b8,3270,442730
446301,"Nectocarcinus antarcticus (Hairy red swimming crab)",446300,bbaaaa,3270,
446302,Amphinomida,443245,94ff4d,3270,893
446303,Amphinomidae,446302,94ff4d,3270,960
446304,Archinominae,446303,94ff4d,3270,863341
446305,Chloeia,446304,94ff4d,3270,129184
446306,"Chloeia sp. (Fire worm)",446305,bbaaaa,3270,
446308,"Red bandfish_ERROR",444989,ff0000,3270,
446309,Beryx,445219,30c8f2,3270,125700
446310,"Beryx splendens",446309,30c8f2,3270,126395
446311,Alfonsino,446310,bbaaaa,3270,
446312,Baracudina,443158,e645b5,3270,
446313,"Etmopterus granulosus",446233,30c8f2,3270,215607
446314,"Baxters dogfish",446313,bbaaaa,3270,
446315,"Helicolenus barathri",445452,30c8f2,3270,274764
446316,"Bigeye seaperch",446315,bbaaaa,3270,
446317,Epigonidae,445129,30c8f2,3270,125535
446318,Epigonus,446317,30c8f2,3270,125967
446319,"Epigonus telescopus",446318,30c8f2,3270,126858
446320,"Black deepsea cardinalfish",446319,bbaaaa,3270,
446321,Mesovagus,444018,30c8f2,3270,1310251
446322,"Mesovagus antipodum",446321,30c8f2,3270,1524323
446323,"Black javelinfish",446322,bbaaaa,3270,
446324,Oreosomatinae,443311,30c8f2,3270,267160
446325,Allocyttus,446324,30c8f2,3270,126246
446326,"Allocyttus niger",446325,30c8f2,3270,234810
446327,"Black oreo",446326,bbaaaa,3270,
446328,Psychrolutes,446195,30c8f2,3270,126169
446329,"Psychrolutes microporos",446328,30c8f2,3270,274676
446330,Blobfish,446329,bbaaaa,3270,
446331,"Brochiraja leviveneta",446244,30c8f2,3270,279995
446332,"Blue skate",446331,bbaaaa,3270,
446333,Bythitidae,445397,30c8f2,3270,125503
446334,Megacataetyx,446333,30c8f2,3270,1310250
446335,"Megacataetyx niki",446334,30c8f2,3270,1524203
446336,"Brown cusk",446335,bbaaaa,3270,
446337,"Cardinal fish",446317,bbaaaa,3270,
446338,"Macrourus carinatus",444025,30c8f2,3270,217773
446339,"Carinate rattail",446338,bbaaaa,3270,
446340,Catshark,445087,bbaaaa,3270,
446341,Halosauridae,446219,30c8f2,3270,125500
446342,Halosaurus,446341,30c8f2,3270,125839
446343,"Halosaurus pectoralis",446342,30c8f2,3270,272743
446344,"Common halosaur",446343,bbaaaa,3270,
446345,"Common warehou",445246,bbaaaa,3270,
446346,Nomeidae,443982,30c8f2,3270,125548
446347,Cubehead,446346,bbaaaa,3270,
446348,Bathysauridae,443892,30c8f2,3270,266998
446349,"Deepsea lizardfish",446348,bbaaaa,3270,
446350,"Brochiraja asperula",446244,30c8f2,3270,279994
446351,"Deepsea smooth skate",446350,bbaaaa,3270,
446352,Dogfish,445081,bbaaaa,3270,
446353,Nettastomatidae,443324,30c8f2,3270,125433
446354,"Duckbill eel",446353,bbaaaa,3270,
446355,"Brochiraja microspinifera",446244,30c8f2,3270,279996
446356,"Dwarf skate",446355,bbaaaa,3270,
446357,Euclichthyidae,443313,30c8f2,3270,267012
446358,"Eucla cod",446357,bbaaaa,3270,
446359,Ipnopidae,443892,30c8f2,3270,125444
446360,Bathypterois,446359,30c8f2,3270,125669
446361,"Bathypterois longifilis",446360,30c8f2,3270,158859
446362,Feelerfish,446361,bbaaaa,3270,
446363,Bathygadinae,443314,30c8f2,3270,154231
446364,Gadomus,446363,30c8f2,3270,125750
446365,"Gadomus aoteanus",446364,30c8f2,3270,272360
446366,"Filamentous rattail",446365,bbaaaa,3270,
446367,"Finless flounder",443885,bbaaaa,3270,
446368,Frogmouth,445875,bbaaaa,3270,
446369,Frostfish_ERROR,445499,d30d0d,3270,
446370,"Lepidion inosimae",444039,30c8f2,3270,272481
446371,"Giant lepidon",446370,bbaaaa,3270,
446372,Hake,445366,bbaaaa,3270,
446373,"Coelorinchus horribilis",445360,30c8f2,3270,280287
446374,"Horrible rattail",446373,bbaaaa,3270,
446375,"Coryphaenoides dossenus",444019,30c8f2,3270,272328
446376,"Humpback rattail",446375,bbaaaa,3270,
446377,"Helicolenus percoides",445452,30c8f2,3270,274770
446378,"Jock Stewart",446377,bbaaaa,3270,
446379,"Johnsons cod",444038,bbaaaa,3270,
446380,"Kayiomaru rattail",443158,e645b5,3270,
446381,Rhinochimaeridae,445182,30c8f2,3270,105697
446382,Harriotta,446381,30c8f2,3270,105735
446383,"Harriotta raleighana",446382,30c8f2,3270,105829
446384,"Longnose ghost shark",446383,bbaaaa,3270,
446385,Malacosteinae,443923,30c8f2,3270,154693
446386,Malacosteus,446385,30c8f2,3270,126213
446387,"Malacosteus australis",446386,30c8f2,3270,398364
446388,Loosejaw,446387,bbaaaa,3270,
446389,"Etmopterus lucifer",446233,30c8f2,3270,215604
446390,"Lucifers dogfish",446389,bbaaaa,3270,
446391,Paraulopus,444983,30c8f2,3270,270275
446392,"Paraulopus okamurai",446391,30c8f2,3270,282134
446393,"Magpie cucumberfish",446392,bbaaaa,3270,
446394,"Coelorinchus matamua",445360,30c8f2,3270,280309
446395,"Mahia rattail",446394,bbaaaa,3270,
446396,Pleuronectinae,445426,26f1ff,3270,154687
446397,Pseudopleuronectes,446396,26f1ff,3270,154701
446398,"Pseudopleuronectes yokohamae",446397,26f1ff,3270,275360
446399,"Marbled flounder",446398,bbaaaa,3270,
446400,"Moray cod",444041,bbaaaa,3270,
446401,Guttigadus,444033,30c8f2,3270,158973
446402,"Guttigadus nudicephalus",446401,30c8f2,3270,275877
446403,"Nakedhead codling",446402,bbaaaa,3270,
446404,"Coelorinchus innotabilis",445360,30c8f2,3270,280291
446405,"Notable rattail",446404,bbaaaa,3270,
446406,Callionymiformes,443154,30c8f2,3270,1517496
446407,Callionymidae,446406,30c8f2,3270,125522
446408,Foetorepus,446407,30c8f2,3270,159622
446409,"Foetorepus phasis",446408,30c8f2,3270,276349
446410,"Orange dragonet",446409,bbaaaa,3270,
446411,Lepidoperca,444977,30c8f2,3270,269637
446412,"Lepidoperca aurantia",446411,30c8f2,3270,281296
446413,"Orange perch",446412,bbaaaa,3270,
446414,"Hydrolagus bemisi",445184,30c8f2,3270,271405
446415,"Pale ghost shark",446414,bbaaaa,3270,
446416,Trachyrincinae,443314,30c8f2,3270,154234
446417,Idiolophorhynchus,446416,30c8f2,3270,269484
446418,"Idiolophorhynchus andriashevi",446417,30c8f2,3270,281156
446419,"Pineapple rattail",446418,bbaaaa,3270,
446420,"Chaunax russatus",445875,30c8f2,3270,835042
446421,"Pink frogmouth",446420,bbaaaa,3270,
446422,Somniosidae,445080,30c8f2,3270,267047
446423,Scymnodon,446422,30c8f2,3270,105778
446424,"Scymnodon macracanthus",446423,30c8f2,3270,299100
446425,"Plunket shark",446424,bbaaaa,3270,
446426,Stichaeidae,444135,30c8f2,3270,125566
446427,Prickleback,446426,bbaaaa,3270,
446428,"Coelorinchus trachycarus",445360,30c8f2,3270,280350
446429,"Roughhead rattail",446428,bbaaaa,3270,
446430,"Scaly gurnard_ERROR",445505,db1414,3270,
446431,Symphurinae,445727,30c8f2,3270,154689
446432,Symphurus,446431,30c8f2,3270,126113
446433,"Symphurus thermophilus",446432,30c8f2,3270,398703
446434,"Seamount tonguefish",446433,bbaaaa,3270,
446435,"Coryphaenoides serrulatus",444019,30c8f2,3270,272352
446436,"Serrulate rattail",446435,bbaaaa,3270,
446437,"Seriolella punctata",445245,30c8f2,3270,282758
446438,"Silver warehou",446437,bbaaaa,3270,
446439,Slickhead,443890,bbaaaa,3270,
446440,"Lepidion microcephalus",444039,30c8f2,3270,272482
446441,"Smallheaded cod",446440,bbaaaa,3270,
446442,Pseudocyttinae,443311,30c8f2,3270,267161
446443,Pseudocyttus,446442,30c8f2,3270,126248
446444,"Pseudocyttus maculatus",446443,30c8f2,3270,127424
446445,"Smooth oreo",446444,bbaaaa,3270,
446446,"Snake eel_ERROR",445167,ed0202,3270,
446447,Centrophoridae,445080,30c8f2,3270,105713
446448,Deania,446447,30c8f2,3270,105771
446449,"Deania calceus",446448,30c8f2,3270,298167
446450,"Shovelnose dogfish",446449,bbaaaa,3270,
446451,Simenchelyinae,446190,30c8f2,3270,267050
446452,Simenchelys,446451,30c8f2,3270,125655
446453,"Simenchelys parasitica",446452,30c8f2,3270,126327
446454,"Snubnose eel",446453,bbaaaa,3270,
446455,"Pseudophycis barbata",445378,30c8f2,3270,282469
446456,"Southern bastard cod",446455,bbaaaa,3270,
446457,Neocyttus,446324,30c8f2,3270,126247
446458,"Neocyttus rhomboidalis",446457,30c8f2,3270,217959
446459,"Spiky oreo",446458,bbaaaa,3270,
446460,Sebastolobinae,445450,30c8f2,3270,154408
446461,Trachyscorpia,446460,30c8f2,3270,126176
446462,Trumpeter,445339,bbaaaa,3270,
446463,Bythitinae,446333,30c8f2,3270,154743
446464,Cataetyx,446463,30c8f2,3270,125849
446465,"Cataetyx chthamalorhynchus",446464,30c8f2,3270,220358
446466,"White brotula",446465,bbaaaa,3270,
446467,Trachyrincus,446416,30c8f2,3270,125759
446468,"Trachyrincus aphyodes",446467,30c8f2,3270,272444
446469,"White rattail",446468,bbaaaa,3270,
446470,"Seriolella caerulea",445245,30c8f2,3270,282756
446471,"White warehou",446470,bbaaaa,3270,
446472,Rhinochimaera,446381,30c8f2,3270,105736
446473,"Rhinochimaera pacifica",446472,30c8f2,3270,271420
446474,"Widenose chimaera",446473,bbaaaa,3270,
446475,"Yellow cod",445000,bbaaaa,3270,
446476,"Pterygotrigla pauli",444973,30c8f2,3270,277048
446477,"Yellowspotted gurnard",446476,bbaaaa,3270,
446478,Plumularioidea,445867,c50707,3270,731048
446479,Aglaopheniidae,446478,c50707,3270,1605
446480,Lytocarpia,446479,c50707,3270,117002
446481,"Lytocarpia sp.",446480,c50707,3270,
446482,Funiculinidae,444458,c50707,3270,128481
446483,Funiculina,446482,c50707,3270,128490
446484,"Funiculina sp.",446483,c50707,3270,
446485,Astrothorax,444250,2ee693,3270,204653
446486,"Astrothorax waitei",446485,2ee693,3270,214611
446487,"Bathymodiolus sp.",445057,f2d649,3270,
446488,Homolidae,444891,f230b8,3270,106744
446489,Oxynotidae,445080,30c8f2,3270,267046
446490,Oxynotus,446489,30c8f2,3270,105776
446491,"Oxynotus bruniensis",446490,30c8f2,3270,271648
446492,"Prickly dogfish",446491,bbaaaa,3270,
446493,Tentorium,444550,ba66ff,3270,132053
446494,"Tentorium papillatum",446493,ba66ff,3270,170689
446495,Narella,443831,c50707,3270,125319
446496,"Narella sp.",446495,c50707,3270,
446497,Tokoprymno,443831,c50707,3270,173565
446498,"Tokoprymno sp.",446497,c50707,3270,
446499,Siboglinidae,443866,94ff4d,3270,129096
446500,"Frenulate worms",446499,bbaaaa,3270,
446501,Imparidentia,443698,f2d649,3270,869600
446502,Venerida,446501,f2d649,3270,217
446503,Glossoidea,446502,f2d649,3270,14637
446504,Vesicomyidae,446503,f2d649,3270,23140
446505,Pliocardiinae,446504,f2d649,3270,1059317
446506,Calyptogena,446505,f2d649,3270,367971
446507,"Calyptogena sp.",446506,f2d649,3270,
446508,Protobranchia,443274,f2d649,3270,106
446509,Solemyida,446508,f2d649,3270,22629
446510,Solemyoidea,446509,f2d649,3270,22630
446511,Solemyidae,446510,f2d649,3270,22632
446512,Acharacinae,446511,f2d649,3270,889627
446513,Acharax,446512,f2d649,3270,293237
446514,"Acharax clarificata",446513,f2d649,3270,599353
446515,"Amblyraja hyperborea",444118,30c8f2,3270,105863
446516,"Amblyraja cf. hyperborea",446515,30c8f2,3270,
446517,Antarctoneptunea,443608,f2d649,3270,196924
446518,"Antarctoneptunea benthicola",446517,f2d649,3270,1023279
446519,Aristeidae,443557,f230b8,3270,106725
446520,Munidopsidae,443196,f230b8,3270,562642
446521,Munidopsis,446520,f230b8,3270,106836
446522,Halcampidae,444314,c50707,3270,100667
446523,Ctenostomatida,444352,0dff6a,3270,110723
446524,Stolonifera,446523,0dff6a,3270,153683
446525,Anthoptilum,446236,c50707,3270,128489
446526,Trachylinae,443272,c50707,3270,22754
446527,Trachymedusae,446526,c50707,3270,16350
446528,Rhopalonematidae,446527,c50707,3270,16842
446529,Crossota,446528,c50707,3270,117216
446530,Brissidae,443454,2ee693,3270,123173
446531,Brissopsinae,446530,2ee693,3270,510878
446532,Brissopsis,446531,2ee693,3270,123418
446533,"Brissopsis oldhami",446532,2ee693,3270,414240
446534,"Trachyrincus longirostris",446467,30c8f2,3270,272446
446535,"Coryphaenoides subserrulatus",444019,30c8f2,3270,217761
446536,Halosauropsis,446341,30c8f2,3270,125838
446537,"Halosauropsis macrochir",446536,30c8f2,3270,126639
446538,Astrorhizida,443293,7cd5b4,3270,394016
446539,Astrorhizina,446538,7cd5b4,3270,736979
446540,Astrorhizoidea,446539,7cd5b4,3270,465767
446541,Rhabdamminidae,446540,7cd5b4,3270,414878
446542,Bathysiphoninae,446541,7cd5b4,3270,737017
446543,Bathysiphon,446542,7cd5b4,3270,112300
446544,"Haliclona (Halichoclona)",444533,ba66ff,3270,166575
446545,"Haliclona (Halichoclona) sonnae",446544,ba66ff,3270,1338667
446546,Lamellibrachia,446499,94ff4d,3270,129107
446547,"Lamellibrachia columna",446546,94ff4d,3270,265813
446548,Polyacanthonotus,446220,30c8f2,3270,125841
446549,"Polyacanthonotus rissoanus",446548,30c8f2,3270,126645
446550,"Harriotta haeckeli",446382,f23131,3270,105828
446551,Notoraja,444120,30c8f2,3270,270053
446552,"Notacanthus chemnitzii",446221,30c8f2,3270,126643
446553,"Lepidion schmidti",444039,30c8f2,3270,126496
446554,"Four-Rayed Rattail",446535,bbaaaa,3270,
446555,Nezumia,444018,30c8f2,3270,125754
446556,"Nezumia namatahi",446555,30c8f2,3270,272420
446557,Sternoptychidae,443922,30c8f2,3270,125603
446558,Maurolicinae,446557,30c8f2,3270,154224
446559,Maurolicus,446558,30c8f2,3270,126197
446560,"Maurolicus australis",446559,30c8f2,3270,274968
446561,"Pearlside (Maurolicus australis)",446560,bbaaaa,3270,
446562,"Cutthroat eel",446190,bbaaaa,3270,
446563,Actinoscyphiidae,444314,c50707,3270,100654
446564,Phelliactis,444315,c50707,3270,100762
446565,Heteropolypus,443826,c50707,3270,345446
446566,Acanella,445907,c50707,3270,125303
446567,Distichoptilum,446230,c50707,3270,128497
446568,"Distichoptilum gracile",446567,c50707,3270,128524
446569,Lipkiidae,443552,f230b8,3270,1067596
446570,Lipkius,446569,f230b8,3270,513970
446571,"Lipkius holthuisi",446570,f230b8,3270,514301
446572,Astromesites,443348,2ee693,3270,291686
446573,"Astromesites primigenius",446572,2ee693,3270,291688
446574,Diplopteraster,443375,2ee693,3270,123331
446575,"Diplopteraster sp.",446574,2ee693,3270,
446576,Pentagonasterinae,443358,2ee693,3270,196205
446577,Pentagonaster,446576,2ee693,3270,123302
446578,"Pentagonaster pulchellus",446577,2ee693,3270,254778
446579,"Mediaster sladeni",443363,2ee693,3270,291645
446580,Clarkcomidae,443396,0cf2c4,3270,1116874
446581,Clarkcoma,446580,0cf2c4,3270,242487
446582,"Clarkcoma bollonsi",446581,0cf2c4,3270,243239
446583,Ophionereidina,443398,2ee693,3270,1062667
446584,Ophionereidoidea,446583,2ee693,3270,1077084
446585,Ophionereididae,446584,2ee693,3270,123199
446586,Ophiochiton,446585,2ee693,3270,123552
446587,"Ophiochiton lentus",446586,2ee693,3270,243553
446588,Ophiactoidea,443399,2ee693,3270,1079036
446589,Ophiactidae,446588,2ee693,3270,123207
446590,"Oneirophanta sp.",444233,2ee693,3270,
446591,Ellipinion,443673,2ee693,3270,123511
446592,"Ellipinion sp.",446591,2ee693,3270,
446593,Benthogone,443475,2ee693,3270,123522
446594,"Benthogone sp.",446593,2ee693,3270,
446595,"Goniocidaris umbraculum",443416,e62d2d,3270,414196
446596,"Caenopedina otagoensis",443445,2ee693,3270,512988
446597,"Hygrosoma sp.",446146,2ee693,3270,
446598,Sperosomatinae,444878,2ee693,3270,510905
446599,Sperosoma,446598,2ee693,3270,123402
446600,"Sperosoma sp.",446599,2ee693,3270,
446601,"Caenopedina porphyrogigas",443445,2ee693,3270,456755
446602,Urechinidae,444211,2ee693,3270,123169
446603,Urechinus,446602,2ee693,3270,123409
446604,"Urechinus sp.",446603,2ee693,3270,
446605,Sepiolidae,444968,f2d649,3270,11725
446606,Heteroteuthinae,446605,f2d649,3270,877778
446607,Iridoteuthis,446606,f2d649,3270,341436
446608,"Iridoteuthis maoria",446607,f24a4a,3270,342351
446609,Chondrocladia,444775,ba66ff,3270,131894
446610,"Chondrocladia sp.",446609,ba66ff,3270,
446611,"Dactylia varia",445841,ba66ff,3270,166273
446612,Scopalinida,443730,ba66ff,3270,845472
446613,Scopalinidae,446612,ba66ff,3270,598620
446614,Stylissa,446613,ba66ff,3270,131781
446615,"Stylissa sp.",446614,ba66ff,3270,
446616,"Ciocalypta sp.",444772,ba66ff,3270,
446617,"Lamellomorpha australis",444736,ba66ff,3270,1334592
446618,Cymbastela,443769,ba66ff,3270,165527
446619,"Cymbastela lamellata",446618,ba66ff,3270,1027221
446620,"Poecillastra ducitriaena",444559,ba66ff,3270,1335191
446621,"Euplectella imperialis",443789,ba66ff,3270,171901
446622,"Chonelasma australe",445808,ba66ff,3270,577465
446623,"Rossella antarctica",444578,ba66ff,3270,172090
446624,"Farrea ananchorata",445793,ba66ff,3270,577457
446625,Anomochone,445810,ba66ff,3270,171792
446626,"Anomochone expansa",446625,ba66ff,3270,171793
446627,Aulocalyx,445787,ba66ff,3270,171608
446628,"Aulocalyx australis",446627,ba66ff,3270,577477
446629,Bolosominae,443787,ba66ff,3270,171836
446630,"Chonelasma biscopulatum",445808,ba66ff,3270,577466
446631,Ijimalophus,444627,ba66ff,3270,1423588
446632,"Ijimalophus reflexus",446631,ba66ff,3270,1424563
446633,"Ijimalophus cf. reflexus",446632,ba66ff,3270,
446634,Malacosaccus,443788,ba66ff,3270,132116
446635,"Malacosaccus microglobus",446634,ba66ff,3270,1287710
446636,Ampharetidae,444476,94ff4d,3270,981
446637,Bassanago,445007,30c8f2,3270,268499
446638,"Bassanago hirsutus",446637,30c8f2,3270,279866
446639,"Hairy conger",446638,bbaaaa,3270,
446640,Lanternshark,446232,bbaaaa,3270,
446641,Siphonophorae,443502,c50707,3270,1371
446642,Siphonophore,446641,bbaaaa,3270,
446643,Saccocalyx,446629,ba66ff,3270,171844
446644,"Saccocalyx tetractinus",446643,ba66ff,3270,1287781
446645,Triadopathes,445871,c50707,3270,267918
446646,"Bathyraja shuntovi",444121,30c8f2,3270,271533
446647,"Longnose deepsea skate",446646,bbaaaa,3270,
446648,Paractinopoda,443172,2ee693,3270,1393260
446649,Apodida,446648,2ee693,3270,123108
446650,"ANT bright purple 25",443264,bbaaaa,3270,
446651,"Foram black glossy",443292,bbaaaa,3270,
446652,Rhynchonelliformea,443276,bbe62e,3270,104018
446653,Rhynchonellata,446652,bbe62e,3270,104020
446654,Terebratulida,446653,bbe62e,3270,104023
446655,Terebratellidina,446654,bbe62e,3270,235251
446656,Terebratelloidea,446655,bbe62e,3270,235331
446657,Terebratellidae,446656,bbe62e,3270,235332
446658,Terebratellinae,446657,bbe62e,3270,235333
446659,Neothyris,446658,bbe62e,3270,235341
446660,"Neothyris lenticularis",446659,bbe62e,3270,235676
446661,Actinoscyphia,446563,c50707,3270,100707
446662,Ophiura,444261,2ee693,3270,123574
446663,Psolus,444243,2ee693,3270,146121
446664,"Psolus antarcticus",446663,2ee693,3270,174103
446665,Fannyella,443831,c50707,3270,267435
446666,Paraconotrochus,443802,c50707,3270,267677
446667,"Paraconotrochus antarcticus",446666,c50707,3270,290632
446668,"Muraenolepis evseenkoi",444043,30c8f2,3270,712466
446669,"Polymastia invaginata",444790,ba66ff,3270,170639
446670,Ophlitaspongiinae,444776,ba66ff,3270,167842
446671,Artemisina,446670,ba66ff,3270,131866
446672,"Artemisina jovis",446671,ba66ff,3270,175136
446673,"Inflatella coelosphaeroides",444540,ba66ff,3270,168898
446674,"Chonelasma choanoides",445808,ba66ff,3270,171662
446675,"Lefroyella ceramensis",445818,ba66ff,3270,171716
446676,"Lefroyella cf. ceramensis",446675,ba66ff,3270,
446677,Cornulum,444808,ba66ff,3270,131862
446678,"Cornulum antarcticum",446677,ba66ff,3270,737513
446679,"Carpophyllum maschalocarpum",444653,7cd5b4,3270,373377
446680,"Coralline algae",444678,bbaaaa,3270,
446681,Distromium,445027,7cd5b4,3270,204154
446682,Seirococcaceae,444651,7cd5b4,3270,325417
446683,Marginariella,446682,7cd5b4,3270,369864
446684,"Marginariella sp.?",446683,7cd5b4,3270,
446686,Prasinodermatophyta,444670,f25124,3270,1648792
446687,Palmophyllophyceae,446686,f25124,3270,1648794
446688,Palmophyllales,446687,f25124,3270,599682
446689,Palmophyllaceae,446688,f25124,3270,599683
446690,Palmophyllum,446689,f25124,3270,144281
446691,"Palmophyllum umbracola",446690,f25124,3270,373401
446692,Rhodolith,444662,bbaaaa,3270,
446693,Aplidium,446127,30c8f2,3270,103471
446694,"Aplidium knoxi",446693,30c8f2,3270,249875
446695,Clionaida,443730,ba66ff,3270,845506
446696,Clionaidae,446695,ba66ff,3270,170417
446697,Cliona,446696,ba66ff,3270,132026
446698,"Cliona celata",446697,b966fe,3270,134121
446699,"Cliona cf. celata",446698,b966fe,3270,
446700,"Didemnum densum",446120,30c8f2,3270,250494
446701,"Didemnum jucundum",446120,30c8f2,3270,250528
446702,Holozoidae,444741,30c8f2,3270,154135
446703,Hypsistozoa,446702,30c8f2,3270,249544
446704,"Hypsistozoa fasmeriana",446703,30c8f2,3270,250706
446705,Leptoclinides,446119,30c8f2,3270,103458
446706,"Leptoclinides novaezelandiae",446705,30c8f2,3270,250753
446707,Polyclinum,446127,30c8f2,3270,103474
446708,"Polyclinum novaezelandiae",446707,30c8f2,3270,251107
446709,Clavelinidae,444741,30c8f2,3270,103438
446710,Pycnoclavella,446709,30c8f2,3270,103454
446711,"Pycnoclavella kottae",446710,30c8f2,3270,266050
446712,"Diplosoma velatum",446122,30c8f2,3270,250420
446713,Corynactis,444311,c50707,3270,100785
446714,"Corynactis australis",446713,c50707,3270,283834
446715,Parazoanthidae,445686,c50707,3270,100689
446716,Parazoanthus,446715,c50707,3270,100793
446717,"Parazoanthus sp.",446716,c50707,3270,
446718,Myriopathidae,443501,f22b24,3270,266963
446719,Antipathella,446718,f22b24,3270,267233
446720,"Antipathella fiordensis",446719,f22b24,3270,289445
446721,"Antipathella sp.",446719,f22b24,3270,
446722,Lillipathes,443850,c50707,3270,267553
446723,"Lillipathes lillei",446722,c50707,3270,290291
446724,"Lillipathes lilliei",446723,c59c07,3270,
446725,Stichopathes,443857,c50707,3270,103308
446726,"Stichopathes sp.",446725,c50707,3270,
446727,"Stylopathes tenuispina",445872,c50707,3270,589751
446728,Caryophyllia,443802,c50707,3270,135085
446729,Monomyces,443817,c50707,3270,135116
446730,"Monomyces rubrum",446729,c50707,3270,287039
446731,Oculinidae,443801,c50707,3270,135078
446732,Oculina,446731,c50707,3270,135124
446733,"Oculina virgosa",446732,c50707,3270,287103
446734,Ellisellidae,443824,c50707,3270,125274
446735,Metafannyella,443831,c50707,3270,409513
446736,"Metafannyella moseleyi",446735,c50707,3270,1774508
446737,Perissogorgia,443831,c50707,3270,267723
446738,"Perissogorgia vitrea",446737,c50707,3270,290724
446739,"Perissogorgia sp.",446737,c50707,3270,
446740,Melithaeidae,443794,c50707,3270,196230
446741,Alcyonium,443852,c50707,3270,125284
446742,"Alcyonium sp.",446741,c50707,3270,
446743,Eleutherobia,443852,c50707,3270,203986
446744,"Eleutherobia sp.",446743,c50707,3270,
446745,"Eleutherobia splendens",446743,c50707,3270,287767
446746,"Eleutherobia cf. splendens",446745,c50707,3270,
446747,"Lytocarpia spiralis",446480,c50707,3270,284180
446748,Terebratulidina,446654,bbe62e,3270,235210
446749,Terebratuloidea,446748,bbe62e,3270,235211
446750,Terebratulidae,446749,bbe62e,3270,104035
446751,Terebratulinae,446750,bbe62e,3270,235212
446752,Liothyrella,446751,bbe62e,3270,231829
446753,"Liothyrella sp.",446752,bbe62e,3270,
446754,Candidae,444361,0dff6a,3270,110734
446755,Catenicelloidea,444354,00f234,3270,393231
446756,Catenicellidae,446755,00f234,3270,393232
446757,Cinctiporidae,444392,0dff6a,3270,467943
446758,Cinctipora,446757,0dff6a,3270,468606
446759,"Cinctipora elegans",446758,0dff6a,3270,472127
446760,Cerioporina,444379,ff0f0f,3270,238295
446761,Heteroporidae,446760,ff0f0f,3270,248341
446762,Heteropora,446761,ff0f0f,3270,248342
446763,"Heteropora neozelanica",446762,ff0f0f,3270,471602
446764,Iodictyum,444401,0dff6a,3270,391469
446765,"Iodictyum yaldwyni",446764,0dff6a,3270,471623
446766,Margarettidae,444717,0dff6a,3270,110761
446767,Margaretta,446766,0dff6a,3270,110937
446768,"Margaretta barbata",446767,0dff6a,3270,469942
446769,Thalamoporellina,444353,0dff6a,3270,827609
446770,Thalamoporelloidea,446769,0dff6a,3270,827612
446771,Steginoporellidae,446770,0dff6a,3270,196092
446772,Steginoporella,446771,0dff6a,3270,204810
446773,"Steginoporella neozelanica",446772,0dff6a,3270,471413
446774,"Steginoporella perplexa",446772,0dff6a,3270,471425
446775,Buccinulum,443611,f2d649,3270,137700
446776,"Buccinulum pertinax",446775,f2d649,3270,491393
446777,Maurea,443637,f2d649,3270,465583
446778,"Maurea waikanae",446777,f2d649,3270,759503
446779,Talochlamys,444915,f2d649,3270,236713
446780,"Talochlamys gemmulata",446779,f2d649,3270,393593
446781,"Acanthella dendyi",445862,ba66ff,3270,410697
446782,Antho,446670,ba66ff,3270,131865
446783,"Antho (Antho)",446782,ba66ff,3270,167877
446784,"Antho (Antho) brondstedi",446783,ba66ff,3270,167881
446785,Biemnida,443730,ba66ff,3270,736911
446786,Biemnidae,446785,ba66ff,3270,150266
446787,Biemna,446786,ba66ff,3270,131897
446788,"Biemna rufescens",446787,ba66ff,3270,168284
446789,"Callyspongia annulata",444754,ba66ff,3270,166064
446790,"Callyspongia cf. annulata",446789,ba66ff,3270,
446791,"Callyspongia ramosa",444754,ff6666,3270,166143
446792,Cinachyrella,443775,ba66ff,3270,171287
446793,"Cinachyrella sp.",446792,ba66ff,3270,
446794,"Clathria (Thalysias)",444779,ba66ff,3270,167703
446795,"Clathria (Thalysias) coriocrassus",446794,ba66ff,3270,167721
446796,"Clathria terraenovae",444779,ff6666,3270,175227
446797,"Clathria (Microciona)",444779,ba66ff,3270,167605
446798,"Clathria (Microciona) scotti",446797,ba66ff,3270,167680
446799,Clathria scotti,446798,ba66ff,3270,
446800,Darwinella,444523,ba66ff,3270,131740
446801,"Darwinella gardineri",446800,ba66ff,3270,132308
446802,"Darwinella cf. gardineri",446801,ba66ff,3270,
446803,"Darwinella oxeata",446800,ba66ff,3270,164871
446804,"Dendrilla sp.",444524,ba66ff,3270,
446805,"Dysidea sp.",444528,ba66ff,3270,
446806,"Ecionemia alata",446158,ba66ff,3270,701569
446807,"Geodia rex",443751,ba66ff,3270,414490
446808,"Haliclona sp.",444533,ba66ff,3270,
446809,"Haliclona (Gellius) regia",444821,ba66ff,3270,166554
446810,"Homaxinella erecta",444537,ba66ff,3270,184525
446811,Hymedesmia,444555,ba66ff,3270,131950
446812,"Hymedesmia (Stylopus)",446811,ba66ff,3270,169279
446813,"Hymedesmia (Stylopus) australis",446812,ba66ff,3270,239395
446814,"Leucettusa tubulosa",444846,ff6666,3270,164729
446815,"Mycale novaezealandiae",444543,ff6666,3270,192564
446817,"Myxilla (Ectyomyxilla)",444546,ff6666,3270,169427
446818,"Myxilla (Ectyomyxilla) ramosa",446817,ff6666,3270,169439
446819,Desmanthidae,445860,ba66ff,3270,131680
446820,Petromica,446819,ba66ff,3270,131813
446821,"Petromica sp.",446820,ba66ff,3270,
446822,"Pleroma sp.",444751,ba66ff,3270,
446823,Podospongiidae,443742,ba66ff,3270,168707
446824,Podospongia,446823,ba66ff,3270,132040
446825,"Podospongia virga",446824,ba66ff,3270,578735
446826,"Polymastia aurantia",444790,ba66ff,3270,246102
446827,"Polymastia massalis",444790,ba66ff,3270,170648
446828,Calcarea?,444630,ba66ff,3270,
446829,"Calyx sp.?",444501,ba66ff,3270,
446830,Phloeodictyidae?,444500,ba66ff,3270,
446831,"Psammocinia sp.",444831,ba66ff,3270,
446832,"Psammocinia beresfordae",444831,ba66ff,3270,165063
446833,"Raspailia (Raspaxilla)",444786,ba66ff,3270,168134
446834,"Raspailia (Raspaxilla) inaequalis",446833,ba66ff,3270,987077
446835,Crateromorpha,443784,ba66ff,3270,172068
446837,Reidispongia,443733,ba66ff,3270,171161
446838,"Reidispongia coerulea",446837,ba66ff,3270,171162
446839,Siphonochalina,444753,ba66ff,3270,131827
446840,"Siphonochalina sp.",446839,ba66ff,3270,
446842,"Stelletta maori",444738,ba66ff,3270,169959
446843,Stryphnus,443753,ba66ff,3270,131995
446844,"Stryphnus ariena",446843,ba66ff,3270,701600
446845,"Stryphnus levis",446843,ba66ff,3270,701580
446846,"Stryphnus sp.",446843,ba66ff,3270,
446847,"Tedania diversirhaphidiophora",444566,ba66ff,3270,194286
446848,"Tedania diversiraphidiophora",446847,ff6666,3270,
446849,"Tethyopsis mortenseni",443754,ba66ff,3270,170028
446850,Tetilla,443775,ba66ff,3270,132095
446851,"Tetilla australis",446850,ba66ff,3270,171370
446852,"Xestospongia novaezealandiae",444806,ba66ff,3270,166895
446853,"Xestospongia novaezelandiae",446852,ff6666,3270,
446854,"Raspailia n. sp.",444786,ba66ff,3270,
446855,Asterininae,444185,2ee693,3270,1424618
446856,Knightaster,446855,2ee693,3270,291671
446857,"Knightaster sp.",446856,2ee693,3270,
446858,Ophidiaster,444858,2ee693,3270,123314
446859,"Ophidiaster macknighti",446858,2ee693,3270,291674
446860,Diplodontias,444162,40ff96,3270,177910
446861,"Diplodontias miliaris",446860,40ff96,3270,291660
446862,Diadema,445032,2ee693,3270,123395
446863,"Diadema palmeri",446862,2ee693,3270,414213
446864,"Pseudechinus huttoni",443449,2ee693,3270,414220
446865,Astrobrachion,444874,2ee693,3270,242380
446866,"Astrobrachion constrictum",446865,2ee693,3270,243146
446867,"Astrobrachion contrictum",446866,e62d2d,3270,
446868,"Ophiopsammus sp.",445603,2ee693,3270,
446869,Holothuriida,443462,2ee693,3270,1036233
446870,Holothuriidae,446869,2ee693,3270,731943
446871,Holothuria,446870,2ee693,3270,123456
446872,"Holothuria integra",446871,e62d2d,3270,732347
446873,"Dendrilla cf. rosea",444818,ba66ff,3270,
446874,"Xestospongia coralloides",444806,ba66ff,3270,166882
446875,"Suberites australiensis",443764,ba66ff,3270,170836
446876,"Suberites perfectus",443764,ba66ff,3270,170864
446877,"Suberites cf. perfectus",446876,ba66ff,3270,
446878,"Aaptos conferta",445045,ba66ff,3270,170733
446879,Hamigera,444555,ba66ff,3270,131947
446880,"Hamigera tarangaensis",446879,ba66ff,3270,169132
446881,"Styela plicata",445565,30c8f2,3270,103936
446882,Sycozoa,446702,30c8f2,3270,103469
446883,"Sycozoa sigillinoides",446882,30c8f2,3270,173399
446884,Pararhaphoxya,443769,ba66ff,3270,165567
446885,"Pararhaphoxya sinclairi",446884,ba66ff,3270,410700
446886,Clathrinidae,444844,ba66ff,3270,131619
446887,Clathrina,446886,ba66ff,3270,131729
446888,"Clathrina sp.",446887,ba66ff,3270,
446889,"Desmacidon sp.",446155,ba66ff,3270,
446890,Thorectandra,444835,ba66ff,3270,131770
446891,"Thorectandra papillosus",446890,ba66ff,3270,1042654
446892,Chelonaplysilla,444523,ba66ff,3270,131739
446893,"Chelonaplysilla violacea",446892,ba66ff,3270,164869
446894,Guitarridae,443742,ba66ff,3270,131646
446895,Tetrapocillon,446894,ba66ff,3270,168410
446896,"Tetrapocillon novaezealandiae",446895,ba66ff,3270,168414
446897,"Callyspongia latituba",444754,ba66ff,3270,166119
446898,Cenolia,444870,2ee693,3270,246686
446899,"Cenolia novaezealandiae",446898,2ee693,3270,1389717
446900,Menipea,446754,0dff6a,3270,173123
446901,"Menipea vectifera",446900,0dff6a,3270,471146
446902,"Tumbleweed sponge",443267,bbaaaa,3270,
446903,Acanthogorgiidae,443794,c50707,3270,125272
446904,Arntzia,443831,c50707,3270,267237
446905,"Arntzia gracilis",446904,c50707,3270,289455
446906,Inferiolabiata,443505,c50707,3270,231558
446907,"Inferiolabiata labiata",446906,be9607,3270,289283
446908,Balanomorpha,445751,f230b8,3270,106039
446909,Coronuloidea,446908,f230b8,3270,106043
446910,Bathylasmatidae,446909,f230b8,3270,106064
446911,Bathylasmatinae,446910,f230b8,3270,106078
446912,Bathylasma,446911,f230b8,3270,106134
446913,Scalpelloidea,445752,f230b8,3270,1422306
446914,Scalpellidae,446913,f230b8,3270,106055
446915,Valvifera,443234,f230b8,3270,13800
446916,Chaetiliidae,446915,f230b8,3270,118281
446917,Glyptonotus,446916,f230b8,3270,174801
446918,Asellota,443234,f230b8,3270,13794
446919,Janiroidea,446918,f230b8,3270,155716
446920,Munnopsidae,446919,f230b8,3270,118264
446921,Eurycopinae,446920,f230b8,3270,325351
446922,"Macroptychaster accrescens",444177,2ee693,3270,234930
446923,Pergamaster,443358,2ee693,3270,172587
446924,"Peribolaster macleani",445613,2ee693,3270,172764
446925,"Odontaster meridionalis",446140,2ee693,3270,172774
446926,Lophaster,443378,2ee693,3270,123337
446927,"Lophaster gaini",446926,2ee693,3270,172785
446928,Abatus,444202,2ee693,3270,160735
446929,Adapedonta,446501,f2d649,3270,869601
446930,Hiatelloidea,446929,f2d649,3270,14624
446931,Hiatellidae,446930,f2d649,3270,251
446932,Hiatella,446931,f2d649,3270,138068
446933,Neobuccinum,443605,f2d649,3270,196931
446934,"Neobuccinum eatoni",446933,f2d649,3270,197303
446935,Pleurobranchida,444449,f2d649,3270,1059020
446936,Pleurobranchoidea,446935,f2d649,3270,412548
446937,Pleurobranchidae,446936,f2d649,3270,1755
446938,Bathyberthella,446937,f2d649,3270,196969
446939,"Bathyberthella antarctica",446938,f2d649,3270,197058
446940,Bathydoridoidei,444451,f2bf18,3270,1056908
446941,Bathydoridoidea,446940,f2bf18,3270,412556
446942,Bathydorididae,446941,f2bf18,3270,22991
446943,Bathydoris,446942,f2bf18,3270,137691
446944,"Bathydoris hodgsoni",446943,f2bf18,3270,197061
446945,Callozostron,443831,c50707,3270,173448
446946,"Suberites microstomus",443764,ba66ff,3270,170859
446947,"Suberites microstomus?",446946,ba66ff,3270,
446948,"Myxilla mollis",444546,ff6666,3270,192652
446949,"?Myxilla mollis",446948,ff6666,3270,
446950,Isodictyidae,443742,ba66ff,3270,131648
446951,Isodictya,446950,ba66ff,3270,131905
446952,Muusoctopus,443648,f2d649,3270,527126
446953,"Odontaster validus",446140,2ee693,3270,172775
446954,Notasterias,443331,2ee693,3270,172533
446955,Thracioidea,443699,f2d649,3270,382318
446956,Laternulidae,446955,f2d649,3270,2092
446957,Laternula,446956,f2d649,3270,138106
446958,"Laternula elliptica",446957,f2d649,3270,197217
446959,Sphaerotylus,444550,ba66ff,3270,132051
446960,"Sphaerotylus antarcticus",446959,ba66ff,3270,170680
446961,Niphatidae,443778,ba66ff,3270,131637
446962,Hemigellius,446961,ba66ff,3270,131843
446963,"Hemigellius fimbriatus",446962,ba66ff,3270,166758
446964,"Homaxinella balfourensis",444537,ba66ff,3270,170758
446965,Microxina,446961,ba66ff,3270,166763
446966,"Microxina benedeni",446965,ba66ff,3270,166764
446967,"?Microxina benedeni",446966,ba66ff,3270,
446968,"Isodictya setifera",446951,ba66ff,3270,168471
446969,"Haliclona scotti",444533,ff6666,3270,166455
446970,"Suberites caminatus",443764,ba66ff,3270,134273
446971,Pilidiophora,443213,f28f0c,3270,1320351
446972,Heteronemertea,446971,f28f0c,3270,122305
446973,Lineidae,446972,f28f0c,3270,122314
446974,Parborlasia,446973,f28f0c,3270,147829
446975,"Parborlasia corrugatus",446974,f40b0b,3270,1776775
446976,Cnemidocarpa,445564,30c8f2,3270,103530
446977,"Cnemidocarpa verrucosa",446976,30c8f2,3270,173893
446978,"Staurocucumis liouvillei",444247,2ee693,3270,325442
446979,Hemimycale,444555,ba66ff,3270,131948
446980,"Hemimycale topsenti",446979,ba66ff,3270,1460699
446981,Distaplia,446702,30c8f2,3270,103464
446982,"Distaplia cylindrica",446981,30c8f2,3270,173392
446983,Mopseidae,443824,c50707,3270,1544107
446984,Ganeriinae,444185,2ee693,3270,370975
446985,Perknaster,446984,2ee693,3270,172579
446986,Heliometrinae,444863,2ee693,3270,340801
446987,Promachocrinus,446986,2ee693,3270,173828
446988,"Promachocrinus kerguelensis",446987,2ee693,3270,173830
446989,"Staurocucumis turqueti",444247,2ee693,3270,529672
446990,"Icefish nest",443297,640cf2,3270,
446991,"Mycale acerata",444543,ff6666,3270,175118
446992,"Clathria (Axosuberites)",444779,ba66ff,3270,167470
446993,"Clathria (Axosuberites) nidificata",446992,ba66ff,3270,167479
446994,"Clathria nidificata",446993,ba66ff,3270,
446995,Velutinoidea,443614,f2d649,3270,387339
446996,Velutinidae,446995,f2d649,3270,143
446997,Marseniopsinae,446996,f2d649,3270,1614200
446998,Marseniopsis,446997,f2d649,3270,196957
446999,"Marseniopsis mollis",446998,f2d649,3270,197269
447000,"Marseniopsis mollis?",446999,f2d649,3270,
447001,Leucascidae,444844,ba66ff,3270,131621
447002,Leucascus,447001,ba66ff,3270,164740
447003,"Leucascus leptoraphis",447002,ba66ff,3270,720264
447004,Tritonioidea,444944,f2d649,3270,412595
447005,Tritoniidae,447004,f2d649,3270,183
447006,Tritoniinae,447005,f2d649,3270,1669234
447007,Tritoniella,447006,f2d649,3270,196984
447008,"Tritoniella belli",447007,f2d649,3270,197498
447009,"ASC stalked 01 TAN2101",443282,bbaaaa,3270,
447010,Desmarestiales,444650,7cd5b4,3270,21237
447011,Desmarestiaceae,447010,7cd5b4,3270,143705
447012,Himantothallus,447011,7cd5b4,3270,325516
447013,"Himantothallus grandifolius",447012,7cd5b4,3270,325517
447014,"Algae fleshy TAN2101",444678,bbaaaa,3270,
447016,"ASC stalked 02 TAN2101",443282,bbaaaa,3270,
447017,"Marseniopsis syowaensis",446998,f2d649,3270,197273
447018,Branchiocerianthus,444334,c50707,3270,117058
447019,"Euplectella plumosa",443789,ba66ff,3270,1474673
447020,"Euplectella cf. plumosa",447019,ba66ff,3270,
447021,"Euplectella semisimplex",443789,ba66ff,3270,1287696
447022,"Euplectella cf. semisimplex",447021,ba66ff,3270,
447023,Rhabdodictyum,445787,ba66ff,3270,132101
447024,"Hyalonema (Thamnonemiella)",444576,ba66ff,3270,171546
447025,"Hyalonema (Thamnonemiella?)",447024,ba66ff,3270,
447026,Eurete,445826,ba66ff,3270,132104
447027,Anthenoides,443358,2ee693,3270,178060
447028,Hoplocarida,443180,f230b8,3270,1087
447029,Stomatopoda,447028,f230b8,3270,14355
447030,Unipeltata,447029,f230b8,3270,148540
447031,Gonodactyloidea,447030,f230b8,3270,155825
447032,Odontodactylidae,447031,f230b8,3270,196129
447033,Odontodactylus,447032,f230b8,3270,203960
447034,"Odontodactylus hawaiiensis",447033,f230b8,3270,408966
447035,"Polyprion americanus",445486,30c8f2,3270,126998
447036,Paracis,446903,c39a07,3270,267673
447037,Paracis?,447036,c39a07,3270,
447038,Villogorgia,446903,c50707,3270,125316
447039,Villogorgia?,447038,c50707,3270,
447040,Metanarella,443831,c50707,3270,719486
447041,Coscinasterias,443331,2ee693,3270,123220
447042,"Coscinasterias muricata",447041,2ee693,3270,291596
447043,Desmacellida,443730,ba66ff,3270,845474
447044,Desmacellidae,447043,ba66ff,3270,131645
447045,Microtylostylifer,447044,ba66ff,3270,168314
447046,Alternatipathes,443850,c50707,3270,994317
447051,Ctenophora,443147,176bab,3270,1248
447052,Stauropathes,443850,c50707,3270,267854
447053,Stauropathes?,447052,c50707,3270,
447054,"Calyptogena x10",446506,bbaaaa,3270,
447055,"Calyptogena x50",446506,bbaaaa,3270,
447056,"Calyptogena x100",446506,bbaaaa,3270,
447057,"Calyptogena x500",446506,bbaaaa,3270,
447058,"Bathymodiolus x10",445057,bbaaaa,3270,
447059,"Bathymodiolus x50",445057,bbaaaa,3270,
447060,"Bathymodiolus x100",445057,bbaaaa,3270,
447061,"Bathymodiolus x500",445057,bbaaaa,3270,
447062,"Lamellibrachia columna x10",446547,bbaaaa,3270,
447063,"Lamellibrachia columna x50",446547,bbaaaa,3270,
447064,"Lamellibrachia columna x100",446547,bbaaaa,3270,
447065,"Lamellibrachia columna x500",446547,bbaaaa,3270,
447066,"Munidopsis x10",446521,bbaaaa,3270,
447067,"Munidopsis x50",446521,bbaaaa,3270,
447068,"Munidopsis x100",446521,bbaaaa,3270,
447069,"Munidopsis x500",446521,bbaaaa,3270,
447070,"Barnacles x 10",443287,bbaaaa,3270,
447071,"Barnacles x 50",443287,bbaaaa,3270,
447072,"Barnacles x 100",443287,bbaaaa,3270,
447073,"Barnacles x 500",443287,bbaaaa,3270,
447074,x10,445549,560b93,3270,
447075,x50,445549,560b93,3270,
447076,x100,445549,560b93,3270,
447077,x500,445549,560b93,3270,
447078,Pasiphaeoidea,443192,f230b8,3270,106717
447079,Pasiphaeidae,447078,f230b8,3270,106790
447080,Pasiphaea,447079,f230b8,3270,107052
447081,"Lepidoperca tasmanica",446411,30c8f2,3270,281304
447082,"Waveyline perch",447081,bbaaaa,3270,
447083,Astrostole,443331,2ee693,3270,255045
447084,Pleurobranchaeidae,446936,f2d649,3270,412554
447085,Pleurobranchaea,447084,f2d649,3270,138363
447086,"Pleurobranchaea maculata",447085,f2d649,3270,531612
447087,Anthothela,443852,c50707,3270,125324
447088,Aristaeomorpha,446519,f230b8,3270,158325
447089,"Aristaeomorpha foliacea",447088,f230b8,3270,158326
447090,Babamunida,443561,f230b8,3270,387290
447091,"Babamunida javieri",447090,f230b8,3270,392185
447092,"Babamunida cf. javieri",447091,f230b8,3270,
447093,Oligotrema,446123,30c8f2,3270,146730
447094,"Oligotrema lyra",447093,30c8f2,3270,103942
447095,Bellonella,443852,c50707,3270,267263
447096,Nidaliidae,443794,c50707,3270,196169
447097,Paraminabea,443825,c50707,3270,267691
447098,Taeniurops,445175,30c8f2,3270,712240
447099,"Taeniurops meyeni",447098,30c8f2,3270,712972
447100,"Blotched Fantail Ray",447099,bbaaaa,3270,
447101,"Seriola dumerili",445232,30c8f2,3270,126816
447102,"Great amberjack?",447101,bbaaaa,3270,
447103,Lutjanidae,444985,30c8f2,3270,151453
447104,Lutjanus,447103,30c8f2,3270,159791
447105,"Lutjanus kasmira",447104,30c8f2,3270,218482
447106,"Common bluestripe snapper",447105,bbaaaa,3270,
447107,"Parupeneus multifasciatus",445390,30c8f2,3270,277820
447108,"Manybar Goatfish",447107,bbaaaa,3270,
447109,Zanclidae,445248,30c8f2,3270,151428
447110,Zanclus,447109,30c8f2,3270,204304
447111,"Zanclus cornutus",447110,30c8f2,3270,220083
447112,"Moorish idol",447111,bbaaaa,3270,
447113,Synchiropus,446407,30c8f2,3270,125932
447114,"Synchiropus splendidus",447113,30c8f2,3270,273264
447115,"Deepwater dragonet",447114,bbaaaa,3270,
447116,"Paraulopus nigripinnis",446391,30c8f2,3270,282131
447117,"Tropical Cucumberfish",447116,bbaaaa,3270,
447118,"Tropical snapper unspecified",443158,e645b5,3270,
447119,"Tropical cardinalfish",443158,e645b5,3270,
447120,"Tropical snapper Lethrinidae or Lutjanidae",443158,e645b5,3270,
447121,"Unspecified halosaur",446341,bbaaaa,3270,
447122,Thoracotremata,443507,f230b8,3270,106682
447123,Grapsoidea,447122,f230b8,3270,106706
447124,Xenograpsidae,447123,f230b8,3270,439147
447125,Siganidae,445248,30c8f2,3270,125562
447126,Rabbitfish,447125,bbaaaa,3270,
447127,Heniochus,445249,30c8f2,3270,203886
447128,"Heniochus sp.",447127,30c8f2,3270,
447129,"Tonguefish (Symphurus sp.)",446432,bbaaaa,3270,
447130,Grapsidae,447123,f230b8,3270,106772
447131,Cyrtomaia,443524,f230b8,3270,203984
447132,Micropygoida,445030,2ee693,3270,510528
447133,Micropygidae,447132,2ee693,3270,510784
447134,Micropyga,447133,2ee693,3270,512435
447135,"Micropyga sp.",447134,2ee693,3270,
447136,Butterflyfish,445249,bbaaaa,3270,
447137,Carcharhinidae,445086,30c8f2,3270,105689
447138,Carcharhinus,447137,30c8f2,3270,105719
447139,"shark (Carcharhinus sp. )",447138,bbaaaa,3270,
447140,"unspecified Roughy (Hoplostethus sp.)",443307,bbaaaa,3270,
447141,Platycephalidae,444971,30c8f2,3270,125593
447142,Onigocia,447141,30c8f2,3270,205789
447143,"Flathead (Onegocia sp.)",447142,bbaaaa,3270,
447144,"Damselfish (Pomacentrid)",445135,bbaaaa,3270,
447145,"Heniochus acuminatus",447127,30c8f2,3270,218765
447146,"Pennant coralfish",447145,bbaaaa,3270,
447147,Aphanipathidae,443501,c50707,3270,266960
447148,Anozopathes,447147,c50707,3270,1514476
447149,Anozopathes?,447148,c50707,3270,
447150,Stylopathes?,445872,c50707,3270,
447151,Tridopathes?,446645,c49b07,3270,
447152,Tylopathes,445871,c50707,3270,267934
447153,Tylopathes?,447152,c50707,3270,
447154,Aphanipathinae,447147,c50707,3270,723397
447155,Asteriopathes,447154,c50707,3270,267240
447156,Asteriopathes?,447155,c50707,3270,
447157,Oculinidae?,446731,c50707,3270,
447158,Aphanostichopathes,447147,c50707,3270,1514479
447159,Aphanostichopathes?,447158,c50707,3270,
447160,"Naked column anemone",443264,bbaaaa,3270,
447161,"Himantothallus grandifolius (drifting)",447013,bbaaaa,3270,
447163,HIGHLIGHT,445549,560b93,3270,
447164,Staurozoa,443256,c50707,3270,265044
447165,"Algae fleshy TAN2101 (drifting)",447014,bbaaaa,3270,
447168,Antigoniidae,445248,30c8f2,3270,1517543
447169,Antigonia,447168,30c8f2,3270,126242
447170,"Antigonia sp.",447169,30c8f2,3270,
447171,Paracaesio,447103,30c8f2,3270,206169
447172,"Paracaesio xanthura",447171,f23131,3270,218502
447173,Aulostomidae,445355,30c8f2,3270,154576
447174,Aulostomus,447173,30c8f2,3270,205363
447175,"Aulostomus chinensis",447174,30c8f2,3270,217964
447176,"Epinephelus amblycephalus",445482,30c8f2,3270,273834
447177,"Epinephalus amblycephalus",447176,f23131,3270,
447178,?Berycidae,445219,30c8f2,3270,
447179,Lethrinidae,444985,30c8f2,3270,151458
447180,Monotaxis,447179,30c8f2,3270,206935
447181,"Monotaxis heterodon",447180,30c8f2,3270,1042872
447182,"?Monotaxis heterodon",447181,30c8f2,3270,
447183,Holocentriformes,443154,30c8f2,3270,1517488
447184,Holocentridae,447183,30c8f2,3270,125458
447185,Holocentrinae,447184,30c8f2,3270,267057
447186,Sargocentron,447185,30c8f2,3270,125704
447187,Neobythitinae,445398,30c8f2,3270,154740
447188,Dicrolene,447187,30c8f2,3270,159129
447189,"Dicrolene sp.?",447188,30c8f2,3270,
447190,Lethrinus,447179,30c8f2,3270,206059
447191,"Lethrinus atkinsoni",447190,30c8f2,3270,278632
447192,Lampriformes,443154,30c8f2,3270,10310
447193,Trachipteridae,447192,30c8f2,3270,125483
447194,Trachipterus,447193,30c8f2,3270,125788
447195,"Trachipterus trachypterus",447194,30c8f2,3270,126528
447196,"silver ribbonfish shape",447195,bbaaaa,3270,
447197,Pseudochromidae,445134,30c8f2,3270,151438
447198,Pseudochrominae,447197,30c8f2,3270,151765
447199,Pseudochromis,447198,30c8f2,3270,205515
447200,Dottyback,447199,bbaaaa,3270,
447201,"Parupeneus sp.",445390,30c8f2,3270,
447202,Malacanthidae,444985,30c8f2,3270,151447
447203,Malacanthinae,447202,30c8f2,3270,151772
447204,Hoplolatilus,447203,30c8f2,3270,205418
447205,"Hoplolatilus luteus",447204,30c8f2,3270,278090
447206,"Hoploatilus luteus?",447205,f23131,3270,
447207,Pteroidichthys,445455,30c8f2,3270,270645
447208,"Pteroidichthys sp",447207,30c8f2,3270,
447209,"Chromis circumaurea",445136,30c8f2,3270,345846
447210,"Chromis circummaurea",447209,f23131,3270,
447211,Ogcocephalidae,444028,30c8f2,3270,125495
447212,Batfish?,447211,bbaaaa,3270,
447213,"Green bladed algae",444678,bbaaaa,3270,
447214,Lamniformes,445085,30c8f2,3270,10209
447215,Lamnidae,447214,30c8f2,3270,105702
447216,Lamna,447215,30c8f2,3270,105744
447217,"Lamna nasus",447216,30c8f2,3270,105841
447218,"Porbeagle shark",447217,bbaaaa,3270,
447219,"Araeosoma sp.6",444880,2ee693,3270,
447220,"Araeosoma sp.1",444880,2ee693,3270,
447221,Scyphozoa,443271,c50707,3270,135220
447222,Coronamedusae,447221,c50707,3270,135223
447223,Coronatae,447222,c50707,3270,851649
447224,Periphyllidae,447223,c50707,3270,135233
447225,Periphylla,447224,c50707,3270,135252
447226,"Periphylla periphylla",447225,c50707,3270,135294
447227,"Anthoptilum sp.1",446525,c50707,3270,
447228,"Ophiurida sp.6",443389,2ee693,3270,
447229,"Geodidae sp.",443749,ba66ff,3270,
447230,Novodiniidae,443225,2ee693,3270,1724198
447231,Novodinia,447230,2ee693,3270,123213
447232,"Novodiva sp.",447231,e62d2d,3270,
447233,Hyocrinida,444860,17e6ae,3270,246674
447234,Hyocrinidae,447233,17e6ae,3270,123155
447235,Hyocrinus,447234,17e6ae,3270,340805
447236,"Hyocrinus sp.",447235,17e6ae,3270,
447237,Heterocarpus,443550,f230b8,3270,107042
447238,"Heterocarpus sp.",447237,f230b8,3270,
447239,Synoicum?,446128,30c8f2,3270,
447240,Sharks,445080,bbaaaa,3270,
447241,"Shark egg case",443297,640cf2,3270,
447242,"Myxilla novaezealandiae",444546,ff6666,3270,192655
447243,"Myxilla novaezelandiae",447242,ff6666,3270,
447244,Mycale novaezelandiae,446815,ff6666,3270,
447245,"Jaspis sp.",444829,ba66ff,3270,
447246,"Red bladed algae (drifting)",445545,bbaaaa,3270,
447247,"Crustose coralline algae",446680,bbaaaa,3270,
447248,"Non-geniculate coralline algae",446680,bbaaaa,3270,
447249,"Coraline algae UNI 01 (BOI)",446680,bbaaaa,3270,
447250,"Coraline algae UNI 02 (BOI)",446680,bbaaaa,3270,
447251,"Burrow (large)",443682,640cf2,3270,
447252,"Burrow (small)",443682,640cf2,3270,
447253,"Paired burrow",443682,640cf2,3270,
447254,"rayed burrow",443682,640cf2,3270,
447255,"Rayed Burrow",443682,640cf2,3270,
447256,"Ring of burrows",443682,640cf2,3270,
447257,"Scampi burrow",443682,640cf2,3270,
