#Date	Time	PC_Time	SHIP_Lat	SHIP_Lon	SHIP_SOG	SHIP_COG	Water_Depth	SHIP_Hdg	SUB1_Lat	SUB1_Lon	REF_Lat	REF_Lon
03.11.2006	14:09:02	04.11.2006 03:09:01	-40.0474	178.1458833	0.5	310.7	1000.7	356.6	0	0	-40.0472654	178.1458735	
03.11.2006	14:09:07	04.11.2006 03:09:06	-40.0474	178.1458833	0.4	320.6	986.8	357.2	0	0	-40.0472654	178.1458735	
03.11.2006	14:09:12	04.11.2006 03:09:11	-40.0473833	178.1458667	0.4	308.1	986.4	358.7	0	0	-40.0472487	178.1458645	
03.11.2006	14:09:17	04.11.2006 03:09:16	-40.0473667	178.1458667	0.5	323.8	978.1	359.8	0	0	-40.047232	178.1458663	
03.11.2006	14:09:22	04.11.2006 03:09:21	-40.0473667	178.1458667	0.5	331.9	998.6	1.2	0	0	-40.047232	178.1458699	
03.11.2006	14:09:27	04.11.2006 03:09:26	-40.04735	178.14585	0.6	337.2	981.7	2.4	-40.0475027	178.145963	-40.0472153	178.1458572	
03.11.2006	14:09:32	04.11.2006 03:09:31	-40.0473333	178.14585	0.5	338.6	988.2	3.7	-40.0474818	178.1460715	-40.0471986	178.1458626	
03.11.2006	14:09:37	04.11.2006 03:09:36	-40.0473167	178.14585	0.5	347.2	975	5.6	-40.047461	178.1459901	-40.0471819	178.1458699	
03.11.2006	14:09:42	04.11.2006 03:09:41	-40.0473	178.14585	0.7	346.7	993.7	6.9	-40.0474818	178.1459359	-40.0471652	178.1458717	
03.11.2006	14:09:47	04.11.2006 03:09:46	-40.0473	178.14585	0.7	4.4	983.6	8.6	-40.047461	178.1459359	-40.0471666	178.1458789	
03.11.2006	14:09:52	04.11.2006 03:09:51	-40.0472833	178.14585	0.7	1.7	979.2	10.6	-40.047461	178.1459359	-40.0471499	178.1458844	
03.11.2006	14:09:57	04.11.2006 03:09:56	-40.04725	178.14585	0.7	8.5	976.2	11.4	-40.0474401	178.1459088	-40.0471165	178.1458844	
03.11.2006	14:10:02	04.11.2006 03:10:01	-40.0472333	178.14585	0.9	9.2	973.4	12.4	-40.0474401	178.1459088	-40.0471012	178.145888	
03.11.2006	14:10:07	04.11.2006 03:10:06	-40.0472167	178.1458667	0.9	20.9	989.8	13.2	-40.0474401	178.1459088	-40.0470845	178.145906	
03.11.2006	14:10:12	04.11.2006 03:10:11	-40.0472	178.1458833	0.9	20.7	983.8	14.4	-40.0474401	178.1459088	-40.0470678	178.1459259	
03.11.2006	14:10:17	04.11.2006 03:10:16	-40.0471667	178.1459	0.8	24.5	977.7	15.1	-40.0474401	178.1459088	-40.0470372	178.1459458	
03.11.2006	14:10:22	04.11.2006 03:10:21	-40.04715	178.1459167	0.7	27.6	971.2	15.1	-40.0474401	178.1459088	-40.0470205	178.1459621	
03.11.2006	14:10:27	04.11.2006 03:10:26	-40.0471333	178.1459167	0.8	27.8	956.8	15.2	-40.0474401	178.1459088	-40.0470038	178.1459621	
03.11.2006	14:10:32	04.11.2006 03:10:31	-40.0471333	178.1459333	1	27.3	992.9	15.2	-40.0473148	178.1458816	-40.0470038	178.1459802	
03.11.2006	14:10:37	04.11.2006 03:10:36	-40.0471167	178.14595	1	32.5	970.6	15.1	-40.0473148	178.1458816	-40.0469871	178.1459964	
03.11.2006	14:10:42	04.11.2006 03:10:41	-40.0471	178.1459667	1.1	27.8	969.2	14.5	-40.0473357	178.1459088	-40.046969	178.1460091	
03.11.2006	14:10:47	04.11.2006 03:10:46	-40.0470833	178.1459833	1	31.7	971.7	13.7	-40.0473357	178.1459088	-40.0469523	178.1460254	
03.11.2006	14:10:52	04.11.2006 03:10:51	-40.0470667	178.146	1	35.7	969.8	12.5	-40.0473148	178.1459088	-40.0469356	178.1460362	
03.11.2006	14:10:57	04.11.2006 03:10:56	-40.0470333	178.1460167	0.9	39.8	964.1	10.2	-40.0471687	178.1458545	-40.0469008	178.146047	
03.11.2006	14:11:02	04.11.2006 03:11:01	-40.047	178.1460333	0.9	36.7	950.6	7.8	-40.0471687	178.1458545	-40.046866	178.1460579	
03.11.2006	14:11:07	04.11.2006 03:11:06	-40.0469833	178.14605	1.1	28.1	955.7	4.5	-40.0471687	178.1458545	-40.0468493	178.1460615	
03.11.2006	14:11:12	04.11.2006 03:11:11	-40.0469667	178.1460667	1.2	24.9	958.4	2	-40.0471687	178.1458545	-40.0468326	178.1460724	
03.11.2006	14:11:17	04.11.2006 03:11:16	-40.04695	178.1460667	1	22.9	975.4	359.2	-40.0471687	178.1458545	-40.0468159	178.1460633	
03.11.2006	14:11:22	04.11.2006 03:11:21	-40.0469333	178.1460833	0.8	32.1	972	356.5	-40.0471687	178.1458545	-40.0467992	178.1460724	
03.11.2006	14:11:27	04.11.2006 03:11:26	-40.0469167	178.1460833	1	19	946.6	353.4	-40.0471687	178.1458545	-40.0467825	178.1460633	
03.11.2006	14:11:32	04.11.2006 03:11:31	-40.0469	178.1461	1.1	9.1	962.4	351.8	-40.0471687	178.1458545	-40.0467658	178.146076	
03.11.2006	14:11:37	04.11.2006 03:11:36	-40.0468667	178.1461	1.2	5.6	1037	349.3	-40.0471687	178.1458545	-40.0467338	178.1460669	
03.11.2006	14:11:42	04.11.2006 03:11:41	-40.04685	178.1461	1	3.3	1048.6	347.8	-40.0471687	178.1458545	-40.0467185	178.1460633	
03.11.2006	14:11:47	04.11.2006 03:11:46	-40.0468167	178.1460833	1	348.5	1048.6	345.7	-40.0471687	178.1458545	-40.0466851	178.1460416	
03.11.2006	14:11:52	04.11.2006 03:11:51	-40.0467833	178.1460833	1.1	350.9	1055.8	344	-40.0471687	178.1458545	-40.0466531	178.1460362	
03.11.2006	14:11:57	04.11.2006 03:11:56	-40.04675	178.1460667	1.2	347.8	942	342.6	-40.0471687	178.1458545	-40.046621	178.1460145	
03.11.2006	14:12:02	04.11.2006 03:12:01	-40.0467333	178.14605	1.2	339.9	937.4	341.3	-40.0471687	178.1458545	-40.0466057	178.1459928	
03.11.2006	14:12:07	04.11.2006 03:12:06	-40.0467	178.1460333	1.3	337.5	947.7	340.2	-40.0471687	178.1458545	-40.0465723	178.1459729	
03.11.2006	14:12:12	04.11.2006 03:12:11	-40.0466667	178.1460167	1.6	333.9	949.6	340.4	-40.0471687	178.1458545	-40.0465389	178.1459567	
03.11.2006	14:12:18	04.11.2006 03:12:16	-40.0466333	178.146	1.6	337.4	948.3	340.5	-40.0471687	178.1458545	-40.0465055	178.1459386	
03.11.2006	14:12:23	04.11.2006 03:12:21	-40.0466	178.1459833	1.7	336.8	935.6	341.7	-40.0471687	178.1458545	-40.0464707	178.1459295	
03.11.2006	14:12:28	04.11.2006 03:12:26	-40.0465667	178.14595	1.7	329.2	933.6	341.9	-40.0471687	178.1458545	-40.0464373	178.145897	
03.11.2006	14:12:33	04.11.2006 03:12:31	-40.0465333	178.1459333	1.6	335.9	930.7	342.7	-40.0471687	178.1458545	-40.0464039	178.1458825	
03.11.2006	14:12:38	04.11.2006 03:12:36	-40.0465	178.1459	1.6	331.9	922.2	343.2	-40.0471687	178.1458545	-40.0463719	178.1458482	
03.11.2006	14:12:43	04.11.2006 03:12:41	-40.04645	178.1458833	1.7	337.8	926.8	344	-40.0471687	178.1458545	-40.0463204	178.1458355	
03.11.2006	14:12:48	04.11.2006 03:12:46	-40.0464167	178.14585	1.8	333.1	921.8	345.7	-40.0471687	178.1458545	-40.0462856	178.1458084	
03.11.2006	14:12:53	04.11.2006 03:12:51	-40.0463833	178.1458333	1.6	334.9	930.5	346.4	-40.0471687	178.1458545	-40.0462522	178.1457903	
03.11.2006	14:12:58	04.11.2006 03:12:56	-40.0463333	178.1458	1.5	332.9	923.3	346.9	-40.0471687	178.1458545	-40.0462021	178.1457614	
03.11.2006	14:13:03	04.11.2006 03:13:01	-40.0463	178.1458	1.5	340.1	916	347.2	-40.0471687	178.1458545	-40.0461687	178.1457614	
03.11.2006	14:13:08	04.11.2006 03:13:06	-40.0462833	178.1457667	1.7	333.2	922.2	348.6	-40.0471687	178.1458545	-40.0461506	178.1457325	
03.11.2006	14:13:13	04.11.2006 03:13:11	-40.0462667	178.1457667	1.5	339.9	923.4	349	-40.0471687	178.1458545	-40.0461339	178.1457325	
03.11.2006	14:13:18	04.11.2006 03:13:17	-40.0462333	178.14575	1.6	337.7	911.4	349.5	-40.0471687	178.1458545	-40.0461005	178.1457198	
03.11.2006	14:13:23	04.11.2006 03:13:22	-40.0461833	178.1457333	1.5	341.9	916	350.2	-40.0471687	178.1458545	-40.0460504	178.1457036	
03.11.2006	14:13:28	04.11.2006 03:13:27	-40.04615	178.1457167	1.6	339.1	911.2	351.2	-40.0471687	178.1458545	-40.046017	178.1456891	
03.11.2006	14:13:33	04.11.2006 03:13:32	-40.0461167	178.1457	1.6	344.9	908.5	352.1	-40.0471687	178.1458545	-40.0459822	178.1456764	
03.11.2006	14:13:38	04.11.2006 03:13:37	-40.0460833	178.1456833	1.7	343.6	911.4	352.7	-40.0471687	178.1458545	-40.0459488	178.145662	
03.11.2006	14:13:43	04.11.2006 03:13:42	-40.04605	178.1456833	1.6	347.5	910.3	353.8	-40.0471687	178.1458545	-40.0459154	178.1456638	
03.11.2006	14:13:48	04.11.2006 03:13:47	-40.0460167	178.1456667	1.4	343.3	894.7	353.9	-40.0471687	178.1458545	-40.045882	178.1456475	
03.11.2006	14:13:53	04.11.2006 03:13:52	-40.0459833	178.1456667	1.3	349.1	894.5	353.7	-40.0471687	178.1458545	-40.0458486	178.1456475	
03.11.2006	14:13:58	04.11.2006 03:13:57	-40.0459333	178.14565	1.6	345.6	915.4	354.7	-40.0471687	178.1458545	-40.0457985	178.1456349	
03.11.2006	14:14:03	04.11.2006 03:14:02	-40.0459167	178.14565	1.5	349.3	912.3	354.3	-40.0471687	178.1458545	-40.0457818	178.1456349	
03.11.2006	14:14:08	04.11.2006 03:14:07	-40.0459	178.14565	1.3	344.9	910.6	355.4	-40.0471687	178.1458545	-40.0457651	178.1456349	
03.11.2006	14:14:13	04.11.2006 03:14:12	-40.0458667	178.1456333	0.9	343.3	892.8	354.9	-40.0471687	178.1458545	-40.0457317	178.1456186	
03.11.2006	14:14:18	04.11.2006 03:14:17	-40.0458333	178.1456167	1	349.3	889.5	354.4	-40.0471687	178.1458545	-40.0456997	178.1455969	
03.11.2006	14:14:23	04.11.2006 03:14:22	-40.0458167	178.1456167	1.1	348.5	877.4	353.3	-40.0471687	178.1458545	-40.045683	178.1455969	
03.11.2006	14:14:28	04.11.2006 03:14:27	-40.0458	178.1456	1.1	344.2	899.8	352.8	-40.0471687	178.1458545	-40.0456663	178.1455788	
03.11.2006	14:14:33	04.11.2006 03:14:32	-40.0457833	178.1456	1	342.2	905.1	352	-40.0471687	178.1458545	-40.0456496	178.1455788	
03.11.2006	14:14:38	04.11.2006 03:14:37	-40.0457667	178.1455833	0.8	345.7	889.5	351	-40.0471687	178.1458545	-40.0456329	178.1455589	
03.11.2006	14:14:43	04.11.2006 03:14:42	-40.04575	178.1455833	0.7	339.5	904	350.2	-40.0471687	178.1458545	-40.0456176	178.1455535	
03.11.2006	14:14:48	04.11.2006 03:14:47	-40.0457333	178.1455833	0.6	336.2	878.8	349	-40.0471687	178.1458545	-40.0456009	178.1455499	
03.11.2006	14:14:53	04.11.2006 03:14:52	-40.0457167	178.1455667	0.8	333.2	875.3	348	-40.0471687	178.1458545	-40.0455856	178.14553	
03.11.2006	14:14:58	04.11.2006 03:14:57	-40.0457	178.14555	1	340.1	872.3	347.3	-40.0471687	178.1458545	-40.0455688	178.1455138	
03.11.2006	14:15:03	04.11.2006 03:15:02	-40.0457	178.14555	0.9	343.9	884.4	346.2	-40.0471687	178.1458545	-40.0455688	178.1455083	
03.11.2006	14:15:08	04.11.2006 03:15:07	-40.0456667	178.1455333	0.9	339.3	886.8	345.5	-40.0471687	178.1458545	-40.0455354	178.1454902	
03.11.2006	14:15:13	04.11.2006 03:15:12	-40.04565	178.1455167	1	336.4	888.4	344	-40.0471687	178.1458545	-40.0455201	178.1454686	
03.11.2006	14:15:18	04.11.2006 03:15:17	-40.0456167	178.1455	1.1	339.5	867.1	342.8	-40.0463545	178.1456647	-40.0454881	178.1454487	
03.11.2006	14:15:23	04.11.2006 03:15:22	-40.0455833	178.1454833	1.2	337.3	872.1	342	-40.0463545	178.1456647	-40.0454714	178.1454487	
03.11.2006	14:15:28	04.11.2006 03:15:27	-40.0455667	178.1454833	1.1	334.9	869.4	341.2	-40.0463545	178.1456647	-40.0454394	178.145427	
03.11.2006	14:15:33	04.11.2006 03:15:32	-40.04555	178.1454667	1.1	330.1	874	340.3	-40.0463754	178.1456918	-40.0454227	178.1454053	
03.11.2006	14:15:38	04.11.2006 03:15:37	-40.0455167	178.14545	1.3	336.9	866.9	339.7	-40.0463754	178.1456918	-40.0453893	178.145389	
03.11.2006	14:15:43	04.11.2006 03:15:42	-40.0454833	178.1454333	1.4	330.1	871	339.9	-40.0463754	178.1456918	-40.0453559	178.1453727	
03.11.2006	14:15:48	04.11.2006 03:15:47	-40.04545	178.1454167	1.4	333.6	867.8	339.4	-40.0463754	178.1456918	-40.0453239	178.1453547	
03.11.2006	14:15:53	04.11.2006 03:15:52	-40.0454167	178.1454	1.3	332.6	867.4	339.5	-40.0463754	178.1456918	-40.0452891	178.1453402	
03.11.2006	14:15:58	04.11.2006 03:15:57	-40.0453833	178.1453667	1.5	334.8	858.2	339.4	-40.0463754	178.1456918	-40.0452571	178.145304	
03.11.2006	14:16:03	04.11.2006 03:16:02	-40.04535	178.14535	1.8	331.1	872	340.2	-40.0463754	178.1456918	-40.0452223	178.1452896	
03.11.2006	14:16:08	04.11.2006 03:16:07	-40.0453167	178.1453333	1.6	333.6	869.2	341.1	-40.0463754	178.1456918	-40.0451889	178.1452769	
03.11.2006	14:16:13	04.11.2006 03:16:12	-40.0452833	178.1453	1.6	337	857.4	341.4	-40.0463754	178.1456918	-40.0451555	178.1452426	
03.11.2006	14:16:18	04.11.2006 03:16:17	-40.04525	178.1452833	1.6	335	883	342.9	-40.0463754	178.1456918	-40.0451207	178.1452317	
03.11.2006	14:16:23	04.11.2006 03:16:22	-40.0452167	178.1452667	1.5	333.4	857.7	343.1	-40.0463754	178.1456918	-40.0450873	178.1452155	
03.11.2006	14:16:28	04.11.2006 03:16:27	-40.0451833	178.1452333	1.6	337.3	841.5	344.4	-40.0463754	178.1456918	-40.0450539	178.1451847	
03.11.2006	14:16:33	04.11.2006 03:16:32	-40.04515	178.1452167	1.8	337.3	842.3	344.7	-40.0463754	178.1456918	-40.0450205	178.1451703	
03.11.2006	14:16:38	04.11.2006 03:16:37	-40.0451	178.1452	1.8	339.2	846.1	345.9	-40.0463754	178.1456918	-40.044969	178.1451576	
03.11.2006	14:16:43	04.11.2006 03:16:42	-40.0450667	178.1451833	1.6	337.5	852.9	347.3	-40.0463754	178.1456918	-40.0449523	178.145145	
03.11.2006	14:16:48	04.11.2006 03:16:47	-40.04505	178.1451667	1.6	338.1	845.6	348.2	-40.0463754	178.1456918	-40.0449189	178.1451305	
03.11.2006	14:16:53	04.11.2006 03:16:52	-40.0450167	178.14515	1.5	341.5	842.3	348.7	-40.0463754	178.1456918	-40.0448841	178.145116	
03.11.2006	14:16:58	04.11.2006 03:16:57	-40.0449833	178.1451333	1.5	337.9	838	348.7	-40.0463754	178.1456918	-40.0448507	178.1450998	
03.11.2006	14:17:03	04.11.2006 03:17:02	-40.0449333	178.1451167	1.4	339.7	838.5	348.5	-40.0463754	178.1456918	-40.0448187	178.1450799	
03.11.2006	14:17:08	04.11.2006 03:17:07	-40.0449	178.1451	1.7	339.5	830.9	349.5	-40.0463754	178.1456918	-40.0447839	178.1450708	
03.11.2006	14:17:13	04.11.2006 03:17:12	-40.0448667	178.1450833	1.7	339	846.5	350.4	-40.0463754	178.1456918	-40.0447338	178.1450528	
03.11.2006	14:17:18	04.11.2006 03:17:17	-40.04485	178.1450667	1.3	341.6	831.2	350.6	-40.0463754	178.1456918	-40.0447171	178.1450546	
03.11.2006	14:17:23	04.11.2006 03:17:22	-40.0448333	178.1450667	1	331.8	828.4	350.7	-40.0463754	178.1456918	-40.0446837	178.1450383	
03.11.2006	14:17:28	04.11.2006 03:17:27	-40.0448	178.14505	1.3	337.7	829.2	350.4	-40.0463754	178.1456918	-40.044667	178.1450202	
03.11.2006	14:17:33	04.11.2006 03:17:32	-40.0447667	178.1450333	1.2	334.9	834.4	350.7	-40.0463754	178.1456918	-40.0446336	178.1450058	
03.11.2006	14:17:38	04.11.2006 03:17:37	-40.04475	178.1450167	1.2	331.2	832.7	351.4	-40.0463754	178.1456918	-40.0446336	178.1450058	
03.11.2006	14:17:43	04.11.2006 03:17:42	-40.0447333	178.1450167	1.1	341	840	351.9	-40.0463754	178.1456918	-40.0446155	178.1449931	
03.11.2006	14:17:48	04.11.2006 03:17:47	-40.0447167	178.145	1.1	335.1	827.6	352.7	-40.0463754	178.1456918	-40.0445821	178.1449787	
03.11.2006	14:17:53	04.11.2006 03:17:52	-40.0446833	178.145	0.9	343.8	826.9	353.4	-40.0463754	178.1456918	-40.0445654	178.1449787	
03.11.2006	14:17:58	04.11.2006 03:17:57	-40.0446667	178.1449833	0.9	336.8	826.6	353.2	-40.0463754	178.1456918	-40.044532	178.1449624	
03.11.2006	14:18:03	04.11.2006 03:18:02	-40.0446333	178.1449667	0.9	342.5	824.8	353.2	-40.0463754	178.1456918	-40.0444986	178.1449461	
03.11.2006	14:18:08	04.11.2006 03:18:07	-40.0446167	178.1449667	1.2	341.2	825.8	354	-40.0463754	178.1456918	-40.0444818	178.1449479	
03.11.2006	14:18:13	04.11.2006 03:18:12	-40.0446	178.1449667	1.2	343.6	830	354.9	-40.0463754	178.1456918	-40.0444652	178.1449515	
03.11.2006	14:18:18	04.11.2006 03:18:17	-40.0445833	178.14495	1	340.7	826.8	354.9	-40.0463754	178.1456918	-40.0444484	178.1449353	
03.11.2006	14:18:23	04.11.2006 03:18:22	-40.0445667	178.14495	0.8	336.6	826.3	354.9	-40.0463754	178.1456918	-40.0444317	178.1449353	
03.11.2006	14:18:28	04.11.2006 03:18:27	-40.0445333	178.1449167	0.8	329.3	821.4	354.7	-40.0463754	178.1456918	-40.0443983	178.1449172	
03.11.2006	14:18:33	04.11.2006 03:18:32	-40.0445167	178.1449167	0.9	347.2	821.7	354.5	-40.0463754	178.1456918	-40.044383	178.1448973	
03.11.2006	14:18:38	04.11.2006 03:18:37	-40.0445	178.1449167	1.1	342.5	822.4	355.6	-40.0463754	178.1456918	-40.0443663	178.1449045	
03.11.2006	14:18:43	04.11.2006 03:18:42	-40.0444667	178.1449167	1	347.5	824.5	356.2	-40.0463754	178.1456918	-40.0443329	178.1449045	
03.11.2006	14:18:48	04.11.2006 03:18:47	-40.04445	178.1448833	1.1	337.8	823.1	357.7	-40.0463754	178.1456918	-40.0443162	178.1448774	
03.11.2006	14:18:53	04.11.2006 03:18:52	-40.0444167	178.1448833	1.1	350.9	849	357.9	-40.0463754	178.1456918	-40.0442828	178.1448774	
03.11.2006	14:18:58	04.11.2006 03:18:57	-40.0444	178.1448833	1.1	350	822.7	358.6	-40.0463754	178.1456918	-40.0442661	178.144881	
03.11.2006	14:19:03	04.11.2006 03:19:02	-40.0443833	178.1448667	1	347.4	821.8	359.2	-40.0463754	178.1456918	-40.0442494	178.1448648	
03.11.2006	14:19:08	04.11.2006 03:19:07	-40.04435	178.1448667	1	351.5	821.6	0.1	-40.0463754	178.1456918	-40.044216	178.1448684	
03.11.2006	14:19:13	04.11.2006 03:19:12	-40.0443167	178.1448667	1.1	349.1	819.3	1.4	-40.0463754	178.1456918	-40.0441826	178.1448702	
03.11.2006	14:19:18	04.11.2006 03:19:17	-40.0443	178.1448667	1.3	359.5	820.3	1.9	-40.0463754	178.1456918	-40.0441659	178.1448738	
03.11.2006	14:19:23	04.11.2006 03:19:22	-40.0442667	178.1448667	1.4	357.2	820.7	2.9	-40.0463754	178.1456918	-40.0441325	178.1448774	
03.11.2006	14:19:28	04.11.2006 03:19:27	-40.04425	178.1448667	1.2	1.2	816.8	3.2	-40.0463754	178.1456918	-40.0441158	178.1448774	
03.11.2006	14:19:33	04.11.2006 03:19:32	-40.0442167	178.1448667	1	7.5	814.3	3.4	-40.0463754	178.1456918	-40.0440824	178.1448774	
03.11.2006	14:19:38	04.11.2006 03:19:37	-40.0441833	178.1448667	1.2	358.4	811.4	3.8	-40.0463754	178.1456918	-40.044049	178.1448792	
03.11.2006	14:19:43	04.11.2006 03:19:42	-40.04415	178.1448833	1.4	6.3	817.7	4	-40.0463754	178.1456918	-40.0440156	178.1448955	
03.11.2006	14:19:48	04.11.2006 03:19:47	-40.0441333	178.1448667	1.3	4.4	814.5	4.7	-40.0463754	178.1456918	-40.0439989	178.1448828	
03.11.2006	14:19:53	04.11.2006 03:19:52	-40.0441	178.1448833	1.2	8.1	814.9	4.9	-40.0463754	178.1456918	-40.0439822	178.1448991	
03.11.2006	14:19:58	04.11.2006 03:19:57	-40.0440833	178.1448833	1	4.7	810.3	4.7	-40.0463754	178.1456918	-40.0439488	178.1448991	
03.11.2006	14:20:03	04.11.2006 03:20:02	-40.04405	178.1449	0.9	10.3	808.8	4	-40.0463754	178.1456918	-40.0439154	178.1449118	
03.11.2006	14:20:08	04.11.2006 03:20:07	-40.0440167	178.1449	1.1	13	808.9	3.5	-40.0463754	178.1456918	-40.043882	178.1449118	
03.11.2006	14:20:13	04.11.2006 03:20:12	-40.044	178.1449	1.1	8.3	813.7	2.8	-40.0463754	178.1456918	-40.0438653	178.14491	
03.11.2006	14:20:18	04.11.2006 03:20:17	-40.0439833	178.1449	1.1	5.2	808.3	2.2	-40.0463754	178.1456918	-40.0438486	178.1449063	
03.11.2006	14:20:23	04.11.2006 03:20:22	-40.04395	178.1449	1.2	9.6	808	1.5	-40.0463754	178.1456918	-40.0438152	178.1449063	
03.11.2006	14:20:28	04.11.2006 03:20:27	-40.0439333	178.1449167	1.3	10.1	814.8	0.7	-40.0463754	178.1456918	-40.0437985	178.144919	
03.11.2006	14:20:33	04.11.2006 03:20:32	-40.0439	178.1449167	1.2	9.6	812.7	359.6	-40.0463754	178.1456918	-40.0437651	178.1449154	
03.11.2006	14:20:38	04.11.2006 03:20:37	-40.0438667	178.1449333	1.3	8.2	805	359	-40.0463754	178.1456918	-40.043733	178.1449298	
03.11.2006	14:20:43	04.11.2006 03:20:42	-40.0438333	178.1449333	1.5	5.3	804.1	357.5	-40.0463754	178.1456918	-40.0436996	178.1449262	
03.11.2006	14:20:48	04.11.2006 03:20:47	-40.0438	178.1449333	1.4	6	803.5	356	-40.0463754	178.1456918	-40.0436662	178.1449208	
03.11.2006	14:20:53	04.11.2006 03:20:52	-40.0437667	178.14495	1.5	3.7	803.6	354.3	-40.0463754	178.1456918	-40.0436328	178.1449353	
03.11.2006	14:20:58	04.11.2006 03:20:57	-40.0437167	178.1449333	1.7	1.2	801.8	352.8	-40.0463754	178.1456918	-40.0435827	178.1449118	
03.11.2006	14:21:03	04.11.2006 03:21:02	-40.0436833	178.14495	1.7	1.9	803.6	351.7	-40.0463754	178.1456918	-40.0435493	178.1449262	
03.11.2006	14:21:08	04.11.2006 03:21:07	-40.04365	178.1449333	1.5	355	801.1	349.7	-40.0463754	178.1456918	-40.0435173	178.1449027	
03.11.2006	14:21:13	04.11.2006 03:21:12	-40.0436167	178.1449333	1.4	359.2	800.8	348.2	-40.0463754	178.1456918	-40.0434853	178.1448955	
03.11.2006	14:21:18	04.11.2006 03:21:17	-40.0435833	178.1449167	1.5	355.2	800.2	346.7	-40.0463754	178.1456918	-40.0434519	178.1448774	
03.11.2006	14:21:23	04.11.2006 03:21:22	-40.04355	178.1449167	1.6	353	799.4	345.8	-40.0463754	178.1456918	-40.0434185	178.1448738	
03.11.2006	14:21:28	04.11.2006 03:21:27	-40.0435	178.1449	1.6	351.8	799.1	345.6	-40.0463754	178.1456918	-40.0433684	178.1448575	
03.11.2006	14:21:33	04.11.2006 03:21:32	-40.0434667	178.1449	1.6	345.9	802	344.7	-40.0463754	178.1456918	-40.0433364	178.1448539	
03.11.2006	14:21:38	04.11.2006 03:21:37	-40.0434333	178.1448833	1.6	350.5	799.3	343.3	-40.0463754	178.1456918	-40.0433044	178.1448322	
03.11.2006	14:21:43	04.11.2006 03:21:42	-40.0433833	178.1448667	1.7	345.2	798.1	343.5	-40.0463754	178.1456918	-40.0432529	178.1448196	
03.11.2006	14:21:48	04.11.2006 03:21:47	-40.04335	178.14485	1.9	346	797.7	342.5	-40.0463754	178.1456918	-40.0432208	178.1447961	
03.11.2006	14:21:53	04.11.2006 03:21:52	-40.0433	178.1448333	1.8	343.2	798.6	343.1	-40.0463754	178.1456918	-40.0431708	178.1447816	
03.11.2006	14:21:58	04.11.2006 03:21:57	-40.0432667	178.1448167	1.7	343.8	797.9	342.9	-40.0463754	178.1456918	-40.0431373	178.1447635	
03.11.2006	14:22:03	04.11.2006 03:22:02	-40.0432167	178.1448	1.8	342.1	796.9	343.1	-40.0463754	178.1456918	-40.0430872	178.1447491	
03.11.2006	14:22:08	04.11.2006 03:22:07	-40.0431667	178.1447833	1.9	344.4	796.9	342.7	-40.0463754	178.1456918	-40.0430385	178.144731	
03.11.2006	14:22:13	04.11.2006 03:22:12	-40.0431333	178.1447667	2	340.8	796.9	344.2	-40.0463754	178.1456918	-40.0430037	178.1447183	
03.11.2006	14:22:18	04.11.2006 03:22:17	-40.0431	178.14475	2	341.1	796	344.1	-40.0463754	178.1456918	-40.0429703	178.144702	
03.11.2006	14:22:23	04.11.2006 03:22:22	-40.0430667	178.1447333	1.7	341.7	796.4	344.2	-40.0463754	178.1456918	-40.0429369	178.1446858	
03.11.2006	14:22:28	04.11.2006 03:22:27	-40.0430167	178.1447167	1.7	345.2	797	344.3	-40.0463754	178.1456918	-40.0428868	178.1446695	
03.11.2006	14:22:33	04.11.2006 03:22:32	-40.0429833	178.1447	1.9	341.3	797.2	345.5	-40.0463754	178.1456918	-40.042852	178.1446569	
03.11.2006	14:22:38	04.11.2006 03:22:37	-40.04295	178.1446833	1.9	340.6	796.2	345.7	-40.0463754	178.1456918	-40.0428186	178.1446406	
03.11.2006	14:22:43	04.11.2006 03:22:42	-40.0429	178.1446833	1.7	343.6	796	345.7	-40.0453733	178.1454478	-40.0427685	178.1446406	
03.11.2006	14:22:48	04.11.2006 03:22:47	-40.04285	178.1446667	1.8	344.2	797.9	346.1	-40.0451019	178.1454478	-40.0427184	178.1446243	
03.11.2006	14:22:53	04.11.2006 03:22:52	-40.0428167	178.14465	2	343.4	797	346.4	-40.0451019	178.1454478	-40.042685	178.144608	
03.11.2006	14:22:58	04.11.2006 03:22:57	-40.0427833	178.1446333	2	343	790.9	347.2	-40.0451437	178.1450681	-40.0426516	178.1445936	
03.11.2006	14:23:03	04.11.2006 03:23:02	-40.0427333	178.1446167	1.8	346.3	795	347.1	-40.0451228	178.1449054	-40.0426015	178.1445773	
03.11.2006	14:23:08	04.11.2006 03:23:07	-40.0426833	178.1446	1.9	347.2	795.4	347.9	-40.0451228	178.1449054	-40.0425514	178.1445628	
03.11.2006	14:23:13	04.11.2006 03:23:12	-40.04265	178.1445833	2	346.7	794.5	348.2	-40.0451228	178.1449054	-40.042518	178.1445466	
03.11.2006	14:23:18	04.11.2006 03:23:17	-40.0426	178.1445833	2.1	346.5	794.4	349.2	-40.0451228	178.1449054	-40.0424665	178.1445502	
03.11.2006	14:23:23	04.11.2006 03:23:22	-40.0425667	178.1445667	1.8	346.8	793.8	348.9	-40.0451228	178.1449054	-40.0424331	178.1445339	
03.11.2006	14:23:28	04.11.2006 03:23:27	-40.0425167	178.14455	1.8	348.6	794.1	349.2	-40.0451228	178.1449054	-40.0423844	178.1445158	
03.11.2006	14:23:33	04.11.2006 03:23:32	-40.0424667	178.14455	2	348.3	793.7	349.4	-40.0451228	178.1449054	-40.0423342	178.1445158	
03.11.2006	14:23:39	04.11.2006 03:23:37	-40.0424333	178.1445333	2	348.9	791.8	349.7	-40.0451228	178.1449054	-40.0423008	178.1445032	
03.11.2006	14:23:44	04.11.2006 03:23:42	-40.0423833	178.1445167	1.9	349.1	792.8	349.4	-40.0451228	178.1449054	-40.0422507	178.1444833	
03.11.2006	14:23:49	04.11.2006 03:23:47	-40.0423333	178.1445167	1.9	352.2	791.8	349.5	-40.0451228	178.1449054	-40.0422006	178.1444869	
03.11.2006	14:23:54	04.11.2006 03:23:52	-40.0423	178.1445	2.1	348.5	791.1	349	-40.0451228	178.1449054	-40.0421672	178.144467	
03.11.2006	14:23:59	04.11.2006 03:23:57	-40.04225	178.1445	2	348.5	789.9	349	-40.0451228	178.1449054	-40.0421171	178.144467	
03.11.2006	14:24:04	04.11.2006 03:24:02	-40.0422167	178.1444833	1.9	348.6	790	348.9	-40.0451228	178.1449054	-40.0420837	178.1444508	
03.11.2006	14:24:08	04.11.2006 03:24:07	-40.0421833	178.1444833	1.7	351.3	789.9	348.6	-40.0451228	178.1449054	-40.0420503	178.1444508	
03.11.2006	14:24:14	04.11.2006 03:24:12	-40.0421333	178.1444667	1.8	349.2	789.6	348	-40.0451228	178.1449054	-40.0420016	178.1444291	
03.11.2006	14:24:19	04.11.2006 03:24:17	-40.0420833	178.14445	1.9	349.3	789.2	348	-40.0451228	178.1449054	-40.0419515	178.1444128	
03.11.2006	14:24:24	04.11.2006 03:24:22	-40.04205	178.1444333	1.9	350.1	788.3	347.9	-40.0451228	178.1449054	-40.0419181	178.1443965	
03.11.2006	14:24:29	04.11.2006 03:24:27	-40.0420167	178.1444333	1.9	351.8	787.9	347.5	-40.0451228	178.1449054	-40.0418847	178.1443965	
03.11.2006	14:24:34	04.11.2006 03:24:32	-40.0419667	178.1444167	1.9	347.3	788	347.2	-40.0451228	178.1449054	-40.0418346	178.1443785	
03.11.2006	14:24:39	04.11.2006 03:24:37	-40.0419167	178.1444167	1.9	354	787.2	346.8	-40.0451228	178.1449054	-40.0417845	178.1443785	
03.11.2006	14:24:44	04.11.2006 03:24:42	-40.0418833	178.1444	1.8	347	787.5	346.5	-40.0451228	178.1449054	-40.0417524	178.1443568	
03.11.2006	14:24:49	04.11.2006 03:24:48	-40.0418333	178.1444	1.9	352.7	786.7	345.5	-40.0451228	178.1449054	-40.0417023	178.1443568	
03.11.2006	14:24:54	04.11.2006 03:24:53	-40.0417833	178.1443833	2	346.6	786.3	345.2	-40.0451228	178.1449054	-40.0416536	178.1443369	
03.11.2006	14:24:59	04.11.2006 03:24:58	-40.04175	178.1443667	2	348	785.1	344.2	-40.0451228	178.1449054	-40.0416202	178.1443188	
03.11.2006	14:25:04	04.11.2006 03:25:03	-40.0417167	178.1443667	1.9	347.9	785.4	344	-40.0451228	178.1449054	-40.0415868	178.1443188	
03.11.2006	14:25:09	04.11.2006 03:25:08	-40.0416667	178.14435	1.8	346	784.8	343.2	-40.0451228	178.1449054	-40.0415381	178.1442989	
03.11.2006	14:25:14	04.11.2006 03:25:13	-40.0416333	178.1443333	1.8	344.8	784.6	342.7	-40.0451228	178.1449054	-40.0415047	178.1442826	
03.11.2006	14:25:19	04.11.2006 03:25:18	-40.0415833	178.1443167	1.7	346.5	783.8	341.3	-40.0451228	178.1449054	-40.041456	178.1442592	
03.11.2006	14:25:24	04.11.2006 03:25:23	-40.04155	178.1443	1.9	344	784.4	341.3	-40.0451228	178.1449054	-40.0414226	178.1442429	
03.11.2006	14:25:29	04.11.2006 03:25:28	-40.0415	178.1442833	1.9	341.2	782.3	340.8	-40.0451228	178.1449054	-40.0413725	178.1442266	
03.11.2006	14:25:34	04.11.2006 03:25:33	-40.0414667	178.1442667	1.7	343.2	782.4	340.2	-40.0451228	178.1449054	-40.0413391	178.1442067	
03.11.2006	14:25:39	04.11.2006 03:25:38	-40.0414167	178.14425	1.7	340.4	782.7	339.5	-40.0451228	178.1449054	-40.041289	178.1441886	
03.11.2006	14:25:44	04.11.2006 03:25:43	-40.0413833	178.1442167	1.8	338.4	782.2	339.3	-40.0451228	178.1449054	-40.0412569	178.1441543	
03.11.2006	14:25:49	04.11.2006 03:25:48	-40.04135	178.1442	1.9	336.6	781.7	338.6	-40.0451228	178.1449054	-40.0412235	178.144138	
03.11.2006	14:25:54	04.11.2006 03:25:53	-40.0413167	178.1441833	1.7	336.7	781.1	338.8	-40.0451228	178.1449054	-40.0411901	178.1441218	
03.11.2006	14:25:59	04.11.2006 03:25:58	-40.0413	178.1441667	1.5	335.5	781.2	338.7	-40.0451228	178.1449054	-40.0411734	178.1441037	
03.11.2006	14:26:04	04.11.2006 03:26:03	-40.0412667	178.14415	1.4	335.3	780.9	338	-40.0451228	178.1449054	-40.0411414	178.1440838	
03.11.2006	14:26:09	04.11.2006 03:26:08	-40.0412333	178.1441333	1.3	333.9	780.7	338.2	-40.0451228	178.1449054	-40.0411094	178.1440675	
03.11.2006	14:26:14	04.11.2006 03:26:13	-40.0412	178.1441	1.4	334.5	781	337.9	-40.0451228	178.1449054	-40.041076	178.1440332	
03.11.2006	14:26:19	04.11.2006 03:26:18	-40.0411667	178.1440833	1.6	333.1	780	338.5	-40.0451228	178.1449054	-40.0410426	178.1440169	
03.11.2006	14:26:24	04.11.2006 03:26:23	-40.04115	178.1440667	1.5	334.5	783.1	338.9	-40.0451228	178.1449054	-40.0410245	178.1440042	
03.11.2006	14:26:29	04.11.2006 03:26:28	-40.0411167	178.14405	1.3	332.9	779	338.7	-40.0451228	178.1449054	-40.0409911	178.143988	
03.11.2006	14:26:34	04.11.2006 03:26:33	-40.0410833	178.1440333	1.3	332.1	779.4	338.8	-40.0451228	178.1449054	-40.0409577	178.1439717	
03.11.2006	14:26:39	04.11.2006 03:26:38	-40.0410667	178.1440167	1.3	332.2	779.4	338.7	-40.0451228	178.1449054	-40.040941	178.1439536	
03.11.2006	14:26:44	04.11.2006 03:26:43	-40.0410333	178.1439833	1.4	330.9	777.6	339.6	-40.0451228	178.1449054	-40.0409062	178.1439229	
03.11.2006	14:26:49	04.11.2006 03:26:48	-40.041	178.1439833	1.4	334.5	778.5	340.2	-40.0451228	178.1449054	-40.0408728	178.1439229	
03.11.2006	14:26:54	04.11.2006 03:26:53	-40.0409667	178.1439667	1.4	334.2	778.2	341.2	-40.0439328	178.1445258	-40.0408394	178.1439102	
03.11.2006	14:26:59	04.11.2006 03:26:58	-40.0409333	178.14395	1.4	333.7	778	342.1	-40.0441207	178.1446343	-40.0408046	178.1438958	
03.11.2006	14:27:04	04.11.2006 03:27:03	-40.0409	178.1439333	1.5	337.7	778.3	343.1	-40.0439537	178.144797	-40.0407712	178.1438813	
03.11.2006	14:27:09	04.11.2006 03:27:08	-40.0408833	178.1439167	1.4	338.5	777.9	343.4	-40.0438075	178.1448241	-40.0407545	178.143865	
03.11.2006	14:27:14	04.11.2006 03:27:13	-40.04085	178.1439167	1.3	338.1	777.9	344.1	-40.0438075	178.1448241	-40.0407197	178.1438687	
03.11.2006	14:27:19	04.11.2006 03:27:18	-40.0408167	178.1439	1.3	339.2	778	344.2	-40.0438075	178.1448241	-40.0406863	178.1438524	
03.11.2006	14:27:24	04.11.2006 03:27:23	-40.0407833	178.1438667	1.5	336.5	773.1	344.7	-40.0438075	178.1448241	-40.0406529	178.143818	
03.11.2006	14:27:29	04.11.2006 03:27:28	-40.04075	178.1438667	1.4	342.5	776.3	344.7	-40.0438075	178.1448241	-40.0406194	178.1438198	
03.11.2006	14:27:34	04.11.2006 03:27:33	-40.0407333	178.14385	1.3	338.7	776.2	344.7	-40.0438075	178.1448241	-40.0406028	178.1438036	
03.11.2006	14:27:39	04.11.2006 03:27:38	-40.0407	178.1438333	1.2	342.9	768.5	344.9	-40.0438075	178.1448241	-40.0405693	178.1437873	
03.11.2006	14:27:44	04.11.2006 03:27:43	-40.0406667	178.1438167	1.4	334.5	762.8	345.2	-40.0441207	178.1446885	-40.0405359	178.143771	
03.11.2006	14:27:49	04.11.2006 03:27:48	-40.0406333	178.1438	1.3	347.1	775.8	345.6	-40.0441207	178.1446885	-40.0405025	178.1437548	
03.11.2006	14:27:54	04.11.2006 03:27:53	-40.0406	178.1438	1.3	340.5	773.7	345.6	-40.0441207	178.1446885	-40.0404872	178.1437548	
03.11.2006	14:27:59	04.11.2006 03:27:58	-40.0405833	178.1437833	1.2	346	776	345.4	-40.0441207	178.1446885	-40.0404538	178.1437367	
03.11.2006	14:28:04	04.11.2006 03:28:03	-40.04055	178.1437667	1.4	343.4	761.7	345.5	-40.0441207	178.1446885	-40.040419	178.143724	
03.11.2006	14:28:09	04.11.2006 03:28:08	-40.0405167	178.14375	1.5	340.3	760.3	346.2	-40.0441207	178.1446885	-40.0403856	178.1437114	
03.11.2006	14:28:14	04.11.2006 03:28:13	-40.0404833	178.14375	1.4	344.7	768	346.9	-40.0441207	178.1446885	-40.0403689	178.1437114	
03.11.2006	14:28:19	04.11.2006 03:28:18	-40.0404667	178.1437333	1.1	345.9	769	345.9	-40.0441207	178.1446885	-40.0403355	178.1436915	
03.11.2006	14:28:24	04.11.2006 03:28:23	-40.0404333	178.1437333	1.3	343.4	757.4	345.8	-40.0441207	178.1446885	-40.0403021	178.1436915	
03.11.2006	14:28:29	04.11.2006 03:28:28	-40.0404	178.1437167	1.4	339.1	756.7	346.7	-40.0441207	178.1446885	-40.0402854	178.143677	
03.11.2006	14:28:34	04.11.2006 03:28:33	-40.0403833	178.1437	1.4	345	764.8	346.6	-40.0441207	178.1446885	-40.040252	178.1436608	
03.11.2006	14:28:39	04.11.2006 03:28:38	-40.04035	178.1437	1.3	344.6	755.3	346.4	-40.0441207	178.1446885	-40.0402186	178.1436572	
03.11.2006	14:28:44	04.11.2006 03:28:43	-40.0403167	178.1436833	1.3	345.7	755.7	346.6	-40.0441207	178.1446885	-40.0402019	178.1436445	
03.11.2006	14:28:49	04.11.2006 03:28:48	-40.0403	178.1436667	1.3	342.7	754.7	346.7	-40.0441207	178.1446885	-40.0401685	178.1436282	
03.11.2006	14:28:54	04.11.2006 03:28:53	-40.0402667	178.1436667	1.4	348.4	754.2	346.6	-40.0441207	178.1446885	-40.0401351	178.1436282	
03.11.2006	14:28:59	04.11.2006 03:28:58	-40.0402333	178.14365	1.4	345.3	754	346.2	-40.0441207	178.1446885	-40.0401017	178.143612	
03.11.2006	14:29:04	04.11.2006 03:29:03	-40.0402	178.1436333	1.4	347.2	753.3	346.7	-40.0441207	178.1446885	-40.0400683	178.143612	
03.11.2006	14:29:09	04.11.2006 03:29:08	-40.0401667	178.1436333	1.3	345.5	753.4	346.7	-40.0441207	178.1446885	-40.0400349	178.1435939	
03.11.2006	14:29:14	04.11.2006 03:29:13	-40.0401333	178.1436167	1.2	349	753.1	346	-40.0441207	178.1446885	-40.0400182	178.143574	
03.11.2006	14:29:19	04.11.2006 03:29:18	-40.0401	178.1436167	1.4	347.3	752.8	346.3	-40.0437866	178.1444716	-40.039968	178.143574	
03.11.2006	14:29:24	04.11.2006 03:29:23	-40.0400667	178.1436	1.5	345.8	752.3	346	-40.0431812	178.1444444	-40.0399346	178.1435577	
03.11.2006	14:29:29	04.11.2006 03:29:28	-40.04005	178.1435833	1.5	343.3	751.3	346.6	-40.0431812	178.1444444	-40.0399346	178.1435577	
03.11.2006	14:29:34	04.11.2006 03:29:33	-40.0400333	178.1435833	1.1	339.9	751.6	345.7	-40.0431812	178.1444444	-40.0399012	178.1435415	
03.11.2006	14:29:39	04.11.2006 03:29:38	-40.04	178.1435833	1	346.5	752.1	344.5	-40.0432856	178.1444173	-40.0398692	178.143536	
03.11.2006	14:29:44	04.11.2006 03:29:43	-40.0399667	178.1435667	1	344.4	751.7	344.2	-40.0432856	178.1444173	-40.0398372	178.143518	
03.11.2006	14:29:49	04.11.2006 03:29:48	-40.03995	178.14355	1.3	338.2	750.6	344.6	-40.0432856	178.1444173	-40.0398205	178.1435035	
03.11.2006	14:29:54	04.11.2006 03:29:53	-40.0399333	178.14355	1.1	339.7	750.3	344.4	-40.0432856	178.1444173	-40.0398038	178.1435017	
03.11.2006	14:29:59	04.11.2006 03:29:58	-40.0399	178.1435333	1	344	751.1	343.7	-40.0432856	178.1444173	-40.0397704	178.1434854	
03.11.2006	14:30:04	04.11.2006 03:30:03	-40.0398667	178.1435167	1.1	345	750.7	343.5	-40.0432856	178.1444173	-40.0397537	178.1434691	
03.11.2006	14:30:09	04.11.2006 03:30:08	-40.03985	178.1435	1.3	335.6	750.1	344	-40.0432856	178.1444173	-40.0397203	178.1434529	
03.11.2006	14:30:14	04.11.2006 03:30:13	-40.0398333	178.1435	1.2	338	749.1	343.9	-40.0432856	178.1444173	-40.0397036	178.1434529	
03.11.2006	14:30:19	04.11.2006 03:30:18	-40.0398167	178.1434833	0.9	336.5	750.4	343.4	-40.0432856	178.1444173	-40.0396883	178.1434312	
03.11.2006	14:30:24	04.11.2006 03:30:23	-40.0397833	178.1434833	0.7	342.1	750.6	342.7	-40.0432856	178.1444173	-40.0396549	178.1434312	
03.11.2006	14:30:29	04.11.2006 03:30:28	-40.0397667	178.1434667	0.9	336.1	750.9	343.1	-40.0432856	178.1444173	-40.0396382	178.1434149	
03.11.2006	14:30:34	04.11.2006 03:30:33	-40.03975	178.14345	1	335.2	750	343.4	-40.0432856	178.1444173	-40.0396215	178.1433986	
03.11.2006	14:30:39	04.11.2006 03:30:38	-40.0397333	178.14345	0.9	335.3	749.3	343.4	-40.0432856	178.1444173	-40.0396048	178.1433986	
03.11.2006	14:30:44	04.11.2006 03:30:43	-40.0397167	178.1434333	0.8	339.5	749.7	343.3	-40.0432856	178.1444173	-40.039588	178.1433824	
03.11.2006	14:30:49	04.11.2006 03:30:48	-40.0397	178.1434167	0.8	335.1	748	343.2	-40.0432856	178.1444173	-40.0395714	178.1433643	
03.11.2006	14:30:54	04.11.2006 03:30:53	-40.0396667	178.1434	1	336.9	750.5	343.9	-40.0432856	178.1444173	-40.0395366	178.1433516	
03.11.2006	14:30:59	04.11.2006 03:30:58	-40.03965	178.1434	1.1	335.7	749.9	343.8	-40.0432856	178.1444173	-40.0395198	178.1433516	
03.11.2006	14:31:04	04.11.2006 03:31:03	-40.0396333	178.1433833	1	334.5	749.2	344.7	-40.0432856	178.1444173	-40.0395032	178.1433372	
03.11.2006	14:31:09	04.11.2006 03:31:08	-40.0396167	178.1433833	0.8	325.7	748.9	344.1	-40.0432856	178.1444173	-40.0394864	178.1433354	
03.11.2006	14:31:14	04.11.2006 03:31:13	-40.0396167	178.1433667	0.5	325.1	750.6	343.2	-40.0432856	178.1444173	-40.0394878	178.1433155	
03.11.2006	14:31:19	04.11.2006 03:31:18	-40.0395833	178.14335	0.7	333.1	750	342.8	-40.0432856	178.1444173	-40.0394544	178.1432992	
03.11.2006	14:31:24	04.11.2006 03:31:23	-40.0395667	178.14335	0.9	319.3	749.2	343.4	-40.0432856	178.1444173	-40.0394377	178.1432992	
03.11.2006	14:31:29	04.11.2006 03:31:28	-40.0395667	178.1433333	0.7	335.2	749.2	343.4	-40.0432856	178.1444173	-40.0394377	178.1432811	
03.11.2006	14:31:34	04.11.2006 03:31:33	-40.03955	178.1433333	0.7	331.9	750.1	343.6	-40.0432856	178.1444173	-40.0394196	178.1432848	
03.11.2006	14:31:39	04.11.2006 03:31:38	-40.0395333	178.1433167	0.6	329.1	749.9	343.9	-40.0432856	178.1444173	-40.0394029	178.1432685	
03.11.2006	14:31:44	04.11.2006 03:31:43	-40.0395167	178.1433	0.7	328.9	750	344.1	-40.0432856	178.1444173	-40.0393862	178.1432522	
03.11.2006	14:31:49	04.11.2006 03:31:48	-40.0395	178.1432833	0.8	330.8	750	344.4	-40.0432856	178.1444173	-40.0393695	178.1432359	
03.11.2006	14:31:54	04.11.2006 03:31:53	-40.0394833	178.1432833	0.8	335.1	749.8	344.9	-40.0432856	178.1444173	-40.0393528	178.1432378	
03.11.2006	14:31:59	04.11.2006 03:31:58	-40.0394667	178.1432667	0.8	334.1	750	345.6	-40.0432856	178.1444173	-40.0393347	178.1432233	
03.11.2006	14:32:04	04.11.2006 03:32:03	-40.0394333	178.14325	0.8	336.6	749.8	346.1	-40.0432856	178.1444173	-40.0393013	178.143207	
03.11.2006	14:32:09	04.11.2006 03:32:08	-40.0394167	178.14325	0.9	340.7	749.8	346.9	-40.0432856	178.1444173	-40.0392846	178.1432106	
03.11.2006	14:32:14	04.11.2006 03:32:13	-40.0394	178.1432333	1	337.8	749.8	347.4	-40.0432856	178.1444173	-40.0392679	178.1431944	
03.11.2006	14:32:19	04.11.2006 03:32:18	-40.0393833	178.1432167	0.8	342	749.4	347.6	-40.0432856	178.1444173	-40.0392512	178.1431799	
03.11.2006	14:32:24	04.11.2006 03:32:23	-40.03935	178.1432	0.8	338.1	750.1	347.2	-40.0432856	178.1444173	-40.0392178	178.1431618	
03.11.2006	14:32:29	04.11.2006 03:32:28	-40.0393333	178.1432	0.9	340.5	749.9	347.4	-40.0432856	178.1444173	-40.0392025	178.1431618	
03.11.2006	14:32:34	04.11.2006 03:32:33	-40.0393167	178.1432	1	343.6	749	348.1	-40.0432856	178.1444173	-40.0391858	178.1431636	
03.11.2006	14:32:39	04.11.2006 03:32:38	-40.0393	178.1431833	0.9	337.1	748.9	348.4	-40.0432856	178.1444173	-40.0391691	178.1431456	
03.11.2006	14:32:44	04.11.2006 03:32:43	-40.0392833	178.1431833	0.8	344.1	748.8	348.2	-40.0419285	178.1442817	-40.0391524	178.1431456	
03.11.2006	14:32:49	04.11.2006 03:32:48	-40.03925	178.1431667	0.9	348.1	749.3	348.7	-40.0425549	178.1440648	-40.0391176	178.1431329	
03.11.2006	14:32:55	04.11.2006 03:32:53	-40.0392333	178.1431667	1	342.3	749	349.4	-40.0426384	178.1436309	-40.0391009	178.1431329	
03.11.2006	14:32:59	04.11.2006 03:32:58	-40.0392167	178.14315	1	348	748.3	349.9	-40.0422208	178.1441462	-40.0390842	178.1431202	
03.11.2006	14:33:05	04.11.2006 03:33:03	-40.0392	178.14315	0.9	348.7	748.8	350.1	-40.0422208	178.1441462	-40.0390675	178.1431202	
03.11.2006	14:33:10	04.11.2006 03:33:08	-40.0391667	178.1431333	1	352.9	749.2	349.7	-40.0422208	178.1441462	-40.0390341	178.143104	
03.11.2006	14:33:15	04.11.2006 03:33:13	-40.03915	178.1431333	1.2	349.4	747.8	350.9	-40.0422208	178.1441462	-40.0390174	178.1431058	
03.11.2006	14:33:20	04.11.2006 03:33:18	-40.0391333	178.1431333	1.1	350.4	748	351.1	-40.0422208	178.1441462	-40.0390007	178.1431058	
03.11.2006	14:33:25	04.11.2006 03:33:23	-40.0391167	178.1431333	1	358.2	748.5	351.1	-40.0422208	178.1441462	-40.038984	178.1431058	
03.11.2006	14:33:30	04.11.2006 03:33:28	-40.0390833	178.1431167	1.1	351.2	748.7	351	-40.0422208	178.1441462	-40.0389506	178.1430895	
03.11.2006	14:33:35	04.11.2006 03:33:33	-40.0390667	178.1431167	1.2	351.1	747.4	351.2	-40.0422208	178.1441462	-40.0389338	178.1430895	
03.11.2006	14:33:40	04.11.2006 03:33:38	-40.03905	178.1431167	1.1	353.7	747.7	351.6	-40.0422208	178.1441462	-40.0389158	178.1430931	
03.11.2006	14:33:45	04.11.2006 03:33:43	-40.0390333	178.1431167	0.9	355.3	748.1	351.1	-40.0425757	178.1439835	-40.0389004	178.1430895	
03.11.2006	14:33:50	04.11.2006 03:33:48	-40.039	178.1431	0.9	357.4	748.8	350.8	-40.0425757	178.1439835	-40.038867	178.1430714	
03.11.2006	14:33:55	04.11.2006 03:33:53	-40.0389667	178.1431	1.1	351.5	748.1	350.9	-40.0425757	178.1439835	-40.0388336	178.1430714	
03.11.2006	14:34:00	04.11.2006 03:33:58	-40.03895	178.1431	1.1	359.2	747.6	351.4	-40.0425757	178.1439835	-40.0388169	178.1430714	
03.11.2006	14:34:05	04.11.2006 03:34:04	-40.0389167	178.1431	1.1	354.9	747.7	350.8	-40.0425757	178.1439835	-40.0387835	178.1430714	
03.11.2006	14:34:10	04.11.2006 03:34:09	-40.0389	178.1431	1.2	358.5	747.8	351.2	-40.0425757	178.1439835	-40.0387668	178.1430714	
03.11.2006	14:34:15	04.11.2006 03:34:14	-40.0388833	178.1431	1.1	355.4	746.9	350.5	-40.0425757	178.1439835	-40.0387501	178.1430696	
03.11.2006	14:34:20	04.11.2006 03:34:19	-40.03885	178.1431	1	2.6	747.6	350.2	-40.0425757	178.1439835	-40.0387167	178.1430696	
03.11.2006	14:34:25	04.11.2006 03:34:24	-40.0388167	178.1430833	1	357.5	747.9	349.2	-40.0425757	178.1439835	-40.0386833	178.1430497	
03.11.2006	14:34:30	04.11.2006 03:34:29	-40.0388	178.1430833	1.1	356	748.1	348.8	-40.0421373	178.1439292	-40.0386666	178.1430497	
03.11.2006	14:34:35	04.11.2006 03:34:34	-40.0387667	178.1430833	1.2	355.7	747.7	348.4	-40.0418868	178.1439563	-40.0386346	178.1430461	
03.11.2006	14:34:40	04.11.2006 03:34:39	-40.03875	178.1430833	1.2	356.6	747.5	347.3	-40.0418868	178.1440648	-40.0386179	178.1430443	
03.11.2006	14:34:45	04.11.2006 03:34:44	-40.0387167	178.1430833	1.1	354.7	747.5	346.8	-40.0419911	178.144119	-40.0385845	178.1430443	
03.11.2006	14:34:50	04.11.2006 03:34:49	-40.0387	178.1430667	1	356.8	747.9	345.5	-40.0419911	178.144119	-40.0385678	178.1430244	
03.11.2006	14:34:55	04.11.2006 03:34:54	-40.0386667	178.1430667	1	355.6	748.1	344.8	-40.0419911	178.144119	-40.0385372	178.1430208	
03.11.2006	14:35:00	04.11.2006 03:34:59	-40.0386333	178.1430667	1.1	349.2	748.4	343.7	-40.0419911	178.144119	-40.0385037	178.143019	
03.11.2006	14:35:05	04.11.2006 03:35:04	-40.0386167	178.1430667	1.2	349.4	748	342.8	-40.0419911	178.144119	-40.0384884	178.1430154	
03.11.2006	14:35:10	04.11.2006 03:35:09	-40.0385833	178.1430667	1.1	348.8	747.2	341.3	-40.0419911	178.144119	-40.0384564	178.14301	
03.11.2006	14:35:15	04.11.2006 03:35:14	-40.03855	178.14305	1.2	348.5	748.1	340.5	-40.0419911	178.144119	-40.038423	178.1429901	
03.11.2006	14:35:20	04.11.2006 03:35:19	-40.0385333	178.14305	1.1	344.8	746.8	339.7	-40.0419911	178.144119	-40.0384063	178.1429901	
03.11.2006	14:35:25	04.11.2006 03:35:24	-40.0385	178.1430333	1.3	341.3	748	338.8	-40.0419911	178.144119	-40.0383743	178.1429702	
03.11.2006	14:35:30	04.11.2006 03:35:29	-40.0384667	178.1430333	1.3	346.8	746.5	338.5	-40.0419911	178.144119	-40.0383423	178.1429666	
03.11.2006	14:35:35	04.11.2006 03:35:34	-40.03845	178.143	1.4	337.8	747.4	337.3	-40.0419911	178.144119	-40.0383256	178.1429322	
03.11.2006	14:35:40	04.11.2006 03:35:39	-40.0384167	178.143	1.3	342.6	746.6	337	-40.0419911	178.144119	-40.0382922	178.1429322	
03.11.2006	14:35:45	04.11.2006 03:35:44	-40.0383833	178.1429833	1.3	337.3	746.8	336.3	-40.0419911	178.144119	-40.0382602	178.1429124	
03.11.2006	14:35:50	04.11.2006 03:35:49	-40.0383667	178.14295	1.4	337.8	746.9	336.6	-40.0419911	178.144119	-40.0382421	178.1428816	
03.11.2006	14:35:55	04.11.2006 03:35:54	-40.0383333	178.1429333	1.3	332.6	746.6	335.7	-40.0419911	178.144119	-40.03821	178.1428617	
03.11.2006	14:36:00	04.11.2006 03:35:59	-40.0383	178.1429167	1.3	337.6	747.5	335	-40.0419911	178.144119	-40.038178	178.1428436	
03.11.2006	14:36:05	04.11.2006 03:36:04	-40.0382667	178.1429	1.3	336.1	747	334.6	-40.0419911	178.144119	-40.0381446	178.1428274	
03.11.2006	14:36:10	04.11.2006 03:36:09	-40.03825	178.1428833	1.3	330.8	747.2	333.8	-40.0419911	178.144119	-40.0381279	178.1428057	
03.11.2006	14:36:15	04.11.2006 03:36:14	-40.0382167	178.14285	1.5	326.3	747.3	333.2	-40.0414274	178.144119	-40.0380959	178.1427695	
03.11.2006	14:36:20	04.11.2006 03:36:19	-40.0382	178.1428333	1.4	330.3	746	333.9	-40.0414274	178.144119	-40.0380778	178.1427569	
03.11.2006	14:36:25	04.11.2006 03:36:24	-40.0381667	178.1428167	1.3	326.9	745.8	333.2	-40.0414274	178.144119	-40.0380625	178.142737	
03.11.2006	14:36:30	04.11.2006 03:36:29	-40.03815	178.1428	1.1	329.1	746.7	333.1	-40.0414274	178.144119	-40.0380291	178.1427189	
03.11.2006	14:36:35	04.11.2006 03:36:34	-40.0381333	178.1427667	1.2	322.1	746.5	333.1	-40.0415318	178.1439835	-40.0380124	178.1426864	
03.11.2006	14:36:40	04.11.2006 03:36:39	-40.0381	178.1427667	1.3	330.5	747.1	334.1	-40.0414901	178.143414	-40.0379776	178.14269	
03.11.2006	14:36:45	04.11.2006 03:36:44	-40.0380833	178.1427333	1.3	325.5	746.1	334.6	-40.0411143	178.1439835	-40.0379609	178.1426593	
03.11.2006	14:36:50	04.11.2006 03:36:49	-40.03805	178.1427167	1.3	329.8	747.2	335.6	-40.0415945	178.1436038	-40.0379275	178.1426448	
03.11.2006	14:36:55	04.11.2006 03:36:54	-40.0380167	178.1426833	1.4	331	747.2	336.9	-40.0415945	178.1436038	-40.0378927	178.1426159	
03.11.2006	14:37:00	04.11.2006 03:36:59	-40.038	178.1426833	1.5	330.8	746.7	338.4	-40.0415945	178.1436038	-40.037876	178.1426177	
03.11.2006	14:37:05	04.11.2006 03:37:04	-40.0379667	178.14265	1.4	333.1	745.8	339.5	-40.0415945	178.1436038	-40.0378398	178.1425887	
03.11.2006	14:37:10	04.11.2006 03:37:09	-40.03795	178.14265	1.3	332.8	745.5	340.9	-40.0415945	178.1436038	-40.0378231	178.1425924	
03.11.2006	14:37:15	04.11.2006 03:37:14	-40.0379	178.1426167	1.4	338.8	746.3	342.1	-40.0415945	178.1436038	-40.0377883	178.1425634	
03.11.2006	14:37:20	04.11.2006 03:37:19	-40.0378667	178.1426	1.5	337	745.1	343.9	-40.0415945	178.1436038	-40.0377368	178.1425526	
03.11.2006	14:37:25	04.11.2006 03:37:24	-40.0378333	178.1425833	1.5	340	745	345.6	-40.0415945	178.1436038	-40.0377187	178.1425418	
03.11.2006	14:37:30	04.11.2006 03:37:29	-40.0378167	178.1425667	1.3	340.4	744.7	347.1	-40.0415945	178.1436038	-40.0376853	178.1425454	
03.11.2006	14:37:35	04.11.2006 03:37:34	-40.0378	178.1425667	1.3	343.2	745.2	347.9	-40.0415945	178.1436038	-40.0376686	178.1425291	
03.11.2006	14:37:40	04.11.2006 03:37:39	-40.0377667	178.14255	1.2	344.6	745.2	348.7	-40.0415945	178.1436038	-40.0376338	178.1425164	
03.11.2006	14:37:45	04.11.2006 03:37:44	-40.0377333	178.1425333	1.3	341.2	744.9	349.7	-40.0415945	178.1436038	-40.0376004	178.1425038	
03.11.2006	14:37:50	04.11.2006 03:37:49	-40.0377	178.1425333	1.3	349.5	743.5	350.4	-40.0415945	178.1436038	-40.0375837	178.1425038	
03.11.2006	14:37:55	04.11.2006 03:37:54	-40.0376833	178.1425167	1.3	343.7	744.3	351.4	-40.0415945	178.1436038	-40.0375503	178.1424893	
03.11.2006	14:38:00	04.11.2006 03:37:59	-40.0376667	178.1425167	1.2	352.1	743.3	351.9	-40.0415945	178.1436038	-40.0375322	178.1424929	
03.11.2006	14:38:05	04.11.2006 03:38:04	-40.0376167	178.1425	1.3	350.9	743.9	352.9	-40.0415945	178.1436038	-40.037482	178.1424785	
03.11.2006	14:38:10	04.11.2006 03:38:09	-40.0376	178.1425167	1.2	355.1	743.1	352.7	-40.0408637	178.1433327	-40.0374654	178.1424966	
03.11.2006	14:38:15	04.11.2006 03:38:14	-40.0375667	178.1425	1.3	356.2	744.2	353.7	-40.0408637	178.1433327	-40.0374319	178.1424803	
03.11.2006	14:38:20	04.11.2006 03:38:19	-40.0375167	178.1425	1.3	356.4	742.4	354.9	-40.0408637	178.1433327	-40.0373985	178.1424839	
03.11.2006	14:38:25	04.11.2006 03:38:24	-40.0375	178.1425	1.3	359.6	743.2	355.2	-40.0408637	178.1433327	-40.0373651	178.1424839	
03.11.2006	14:38:30	04.11.2006 03:38:29	-40.0374667	178.1425	1.3	359.7	740	355.4	-40.0407385	178.1433055	-40.0373317	178.1424839	
03.11.2006	14:38:35	04.11.2006 03:38:34	-40.0374333	178.1425167	1.3	2.2	740.5	355.6	-40.0329991	178.1357128	-40.0372981	178.1425035	
03.11.2006	14:38:40	04.11.2006 03:38:39	-40.0374	178.1425167	1.4	2.3	741.3	355.4	-40.0388872	178.142727	-40.0372656	178.1425011	
03.11.2006	14:38:45	04.11.2006 03:38:44	-40.0373667	178.1425	1.4	1.7	740.1	355.9	-40.0408498	178.1433417	-40.037248	178.1424878	
03.11.2006	14:38:50	04.11.2006 03:38:49	-40.03735	178.1425167	1.4	4.6	736.4	355.4	-40.0407663	178.1431971	-40.0372155	178.1425011	
03.11.2006	14:38:55	04.11.2006 03:38:54	-40.0373167	178.1425	1.4	4.6	735.5	355	-40.0407663	178.1431971	-40.037183	178.1424854	
03.11.2006	14:39:00	04.11.2006 03:38:59	-40.0372833	178.1425	1.4	1.9	736.4	354.8	-40.0407663	178.1431971	-40.0371496	178.1424854	
03.11.2006	14:39:05	04.11.2006 03:39:04	-40.03725	178.1425167	1.4	4.7	741.2	353.5	-40.0407663	178.1431971	-40.0371329	178.1424975	
03.11.2006	14:39:10	04.11.2006 03:39:09	-40.0372167	178.1425167	1.4	2.3	735.8	352.3	-40.0407663	178.1431971	-40.0370828	178.142495	
03.11.2006	14:39:15	04.11.2006 03:39:14	-40.0372	178.1425167	1.4	358.7	732.7	351	-40.0407663	178.1431971	-40.0370661	178.1424914	
03.11.2006	14:39:20	04.11.2006 03:39:19	-40.0371667	178.1425167	1.3	358.3	733.8	350.2	-40.0407663	178.1431971	-40.0370336	178.1424854	
03.11.2006	14:39:25	04.11.2006 03:39:24	-40.03715	178.1425167	1.2	0	732.5	348.8	-40.0407663	178.1431971	-40.0370178	178.142483	
03.11.2006	14:39:30	04.11.2006 03:39:29	-40.0371167	178.1425167	1.2	359.3	731.9	347.8	-40.0407663	178.1431971	-40.0369844	178.1424794	
03.11.2006	14:39:35	04.11.2006 03:39:34	-40.0370833	178.1425167	1.3	358.3	731.7	347.2	-40.0407663	178.1431971	-40.036952	178.142477	
03.11.2006	14:39:40	04.11.2006 03:39:39	-40.03705	178.1425167	1.3	353.4	732	346.2	-40.0407663	178.1431971	-40.0369185	178.1424734	
03.11.2006	14:39:45	04.11.2006 03:39:44	-40.0370333	178.1425333	1.2	359.7	731.8	345.3	-40.0407663	178.1431971	-40.0369028	178.1424878	
03.11.2006	14:39:50	04.11.2006 03:39:49	-40.037	178.1425167	1.3	354.1	731.6	344.7	-40.0407663	178.1431971	-40.0368694	178.1424709	
03.11.2006	14:39:55	04.11.2006 03:39:54	-40.0369667	178.1425167	1.3	352.8	730.6	343.7	-40.0407663	178.1431971	-40.0368369	178.1424673	
03.11.2006	14:40:00	04.11.2006 03:39:59	-40.0369333	178.1425	1.2	356.8	731.5	343	-40.0407663	178.1431971	-40.0368035	178.1424492	
03.11.2006	14:40:05	04.11.2006 03:40:04	-40.0369	178.1425	1.2	351.6	729.9	341.5	-40.0407663	178.1431971	-40.0367719	178.1424468	
03.11.2006	14:40:10	04.11.2006 03:40:09	-40.0368667	178.1424833	1.3	353	731.2	340.2	-40.0407663	178.1431971	-40.0367394	178.1424264	
03.11.2006	14:40:15	04.11.2006 03:40:14	-40.0368333	178.1424667	1.3	345.4	729.8	339.2	-40.0407663	178.1431971	-40.036707	178.1424071	
03.11.2006	14:40:20	04.11.2006 03:40:19	-40.0368167	178.1424667	1.3	349.2	730.2	338	-40.0407663	178.1431971	-40.0366921	178.142401	
03.11.2006	14:40:25	04.11.2006 03:40:24	-40.0367833	178.14245	1.2	343	729.8	336.8	-40.0398337	178.1432332	-40.0366596	178.1423818	
03.11.2006	14:40:30	04.11.2006 03:40:29	-40.03675	178.14245	1.3	346.7	729.7	335.7	-40.0400147	178.1432513	-40.0366272	178.1423781	
03.11.2006	14:40:35	04.11.2006 03:40:34	-40.0367167	178.1424333	1.3	340.7	729.6	335.1	-40.0400147	178.1432513	-40.0365937	178.1423613	
03.11.2006	14:40:40	04.11.2006 03:40:39	-40.0367	178.1424167	1.3	341.4	729.1	334.6	-40.0400147	178.1432513	-40.036578	178.142342	
03.11.2006	14:40:45	04.11.2006 03:40:44	-40.0366667	178.1424	1.3	336.7	730.2	333.7	-40.0400147	178.1432513	-40.0365455	178.1423239	
03.11.2006	14:40:50	04.11.2006 03:40:49	-40.03665	178.1423833	1.3	337.3	729.2	332.8	-40.0400147	178.1432513	-40.0365297	178.1423034	
03.11.2006	14:40:55	04.11.2006 03:40:54	-40.0366167	178.1423667	1.3	335.8	730	332.6	-40.0400147	178.1432513	-40.0364963	178.1422866	
03.11.2006	14:41:00	04.11.2006 03:40:59	-40.0365833	178.14235	1.4	336.2	728.8	332.2	-40.0400147	178.1432513	-40.0364638	178.1422673	
03.11.2006	14:41:05	04.11.2006 03:41:04	-40.0365667	178.1423333	1.4	334.1	729.5	332.4	-40.0400147	178.1432513	-40.0364471	178.1422504	
03.11.2006	14:41:10	04.11.2006 03:41:09	-40.0365333	178.1423333	1.4	334.6	729.2	332.7	-40.0400147	178.1432513	-40.0364128	178.1422528	
03.11.2006	14:41:15	04.11.2006 03:41:14	-40.0365	178.1423	1.4	332.1	730.1	332.9	-40.0400147	178.1432513	-40.0363803	178.1422178	
03.11.2006	14:41:20	04.11.2006 03:41:19	-40.0364667	178.1422833	1.4	334.2	729.4	333.2	-40.0400147	178.1432513	-40.0363469	178.1422034	
03.11.2006	14:41:25	04.11.2006 03:41:24	-40.0364333	178.1422667	1.5	330.5	729.6	334.4	-40.0400147	178.1432513	-40.0363126	178.1421901	
03.11.2006	14:41:30	04.11.2006 03:41:29	-40.0364167	178.1422333	1.5	329.4	730.2	334.7	-40.0400147	178.1432513	-40.0362949	178.1421588	
03.11.2006	14:41:35	04.11.2006 03:41:34	-40.0363833	178.1422333	1.5	334.6	730.8	336.1	-40.0400147	178.1432513	-40.0362606	178.1421612	
03.11.2006	14:41:40	04.11.2006 03:41:39	-40.0363667	178.1422	1.3	329.8	731.3	336.7	-40.0400147	178.1432513	-40.036243	178.1421323	
03.11.2006	14:41:45	04.11.2006 03:41:44	-40.0363333	178.1421833	1.3	332.9	730.1	337.6	-40.0400147	178.1432513	-40.0362086	178.1421178	
03.11.2006	14:41:50	04.11.2006 03:41:49	-40.0363	178.1421667	1.4	338.3	730.3	338.4	-40.0400147	178.1432513	-40.0361752	178.142101	
03.11.2006	14:41:55	04.11.2006 03:41:54	-40.0362667	178.14215	1.4	332.7	730	339.9	-40.0400147	178.1432513	-40.03614	178.1420901	
03.11.2006	14:42:00	04.11.2006 03:41:59	-40.03625	178.1421333	1.4	335.7	731.6	341.1	-40.0400147	178.1432513	-40.0361223	178.1420756	
03.11.2006	14:42:05	04.11.2006 03:42:04	-40.0362167	178.1421167	1.3	340.2	732.8	342.3	-40.0400147	178.1432513	-40.036088	178.1420636	
03.11.2006	14:42:10	04.11.2006 03:42:09	-40.0362	178.1421	1.3	341	732.6	343.2	-40.0400147	178.1432513	-40.0360704	178.1420491	
03.11.2006	14:42:15	04.11.2006 03:42:14	-40.0361667	178.1421	1.4	342.5	731.5	344.4	-40.0400147	178.1432513	-40.036037	178.1420515	
03.11.2006	14:42:20	04.11.2006 03:42:19	-40.0361333	178.1420833	1.4	343.1	731.3	346.1	-40.0394997	178.1429078	-40.0360017	178.1420407	
03.11.2006	14:42:25	04.11.2006 03:42:24	-40.0361	178.1420833	1.3	346.9	734	346.9	-40.0394997	178.1429078	-40.0359683	178.1420443	
03.11.2006	14:42:30	04.11.2006 03:42:29	-40.0360667	178.1420667	1.2	347.4	734	347.4	-40.0394997	178.1429078	-40.0359358	178.1420274	
03.11.2006	14:42:35	04.11.2006 03:42:34	-40.0360333	178.1420667	1.1	349.2	741.9	347.9	-40.0394997	178.1429078	-40.0359015	178.1420298	
03.11.2006	14:42:40	04.11.2006 03:42:39	-40.036	178.14205	1.3	347.9	732.6	348.4	-40.0394997	178.1429078	-40.0358681	178.142013	
03.11.2006	14:42:45	04.11.2006 03:42:44	-40.0359833	178.14205	1.3	350.6	731.1	349.1	-40.0394997	178.1429078	-40.0358514	178.1420166	
03.11.2006	14:42:50	04.11.2006 03:42:49	-40.03595	178.14205	1.3	351.1	735.8	349	-40.0394997	178.1429078	-40.035818	178.1420166	
03.11.2006	14:42:55	04.11.2006 03:42:54	-40.0359333	178.1420333	1.2	356.8	740.8	349.6	-40.0394997	178.1429078	-40.0358003	178.1420021	
03.11.2006	14:43:00	04.11.2006 03:42:59	-40.0359	178.1420333	1.2	350	743.3	349.4	-40.0394997	178.1429078	-40.0357678	178.1419997	
03.11.2006	14:43:05	04.11.2006 03:43:04	-40.0358667	178.1420333	1.2	356.2	741.1	349.4	-40.0394997	178.1433598	-40.0357344	178.1419997	
03.11.2006	14:43:10	04.11.2006 03:43:09	-40.0358333	178.1420333	1.3	352.7	741.8	348.9	-40.0388594	178.1432513	-40.035701	178.1419997	
03.11.2006	14:43:15	04.11.2006 03:43:14	-40.0358167	178.1420333	1.3	358.4	740.8	349.4	-40.0388594	178.1432513	-40.0356843	178.1419997	
03.11.2006	14:43:20	04.11.2006 03:43:19	-40.0358	178.1420167	1.1	354	744.7	348.3	-40.0391238	178.1429982	-40.0356676	178.1419804	
03.11.2006	14:43:25	04.11.2006 03:43:24	-40.0357667	178.1420167	1.1	356	745.2	347.7	-40.0391238	178.1429982	-40.0356342	178.1419804	
03.11.2006	14:43:30	04.11.2006 03:43:29	-40.0357333	178.1420167	1.3	358.6	738.9	347.3	-40.0391238	178.1429982	-40.0356017	178.141978	
03.11.2006	14:43:35	04.11.2006 03:43:34	-40.0357167	178.1420167	1.3	354.5	745.6	346.8	-40.0391238	178.1429982	-40.035585	178.141978	
03.11.2006	14:43:40	04.11.2006 03:43:39	-40.0356833	178.1420167	1.3	356.7	747.1	346.4	-40.0391238	178.1429982	-40.0355516	178.1419744	
03.11.2006	14:43:46	04.11.2006 03:43:44	-40.03565	178.142	1.2	353.8	749.2	345.5	-40.0391238	178.1429982	-40.0355191	178.1419575	
03.11.2006	14:43:50	04.11.2006 03:43:49	-40.0356333	178.142	1.1	353.1	748.2	344.7	-40.0391238	178.1429982	-40.0355034	178.1419551	
03.11.2006	14:43:56	04.11.2006 03:43:54	-40.0356	178.1419833	1.1	355.4	750	343.7	-40.0391238	178.1429982	-40.0354709	178.1419346	
03.11.2006	14:44:01	04.11.2006 03:43:59	-40.0355833	178.1419667	1.1	348.9	748.5	343	-40.0391238	178.1429982	-40.0354542	178.1419154	
03.11.2006	14:44:05	04.11.2006 03:44:04	-40.03555	178.1419667	1.1	352.6	745.9	342.6	-40.0391238	178.1429982	-40.0354208	178.1419154	
03.11.2006	14:44:11	04.11.2006 03:44:09	-40.0355333	178.14195	1.1	347.5	749.8	341.8	-40.0391238	178.1429982	-40.035405	178.1418961	
03.11.2006	14:44:16	04.11.2006 03:44:14	-40.0355	178.1419667	1.1	354.1	748.6	340.7	-40.0391238	178.1429982	-40.0353725	178.1419093	
03.11.2006	14:44:21	04.11.2006 03:44:19	-40.0354667	178.14195	1.1	346.5	750.3	340.4	-40.0391238	178.1429982	-40.03534	178.14189	
03.11.2006	14:44:26	04.11.2006 03:44:24	-40.03545	178.1419333	1.1	345.1	749.7	339.7	-40.0391238	178.1429982	-40.0353233	178.1418732	
03.11.2006	14:44:31	04.11.2006 03:44:29	-40.0354167	178.1419333	1.1	349.6	755.1	338.8	-40.0391238	178.1429982	-40.0352908	178.1418696	
03.11.2006	14:44:36	04.11.2006 03:44:34	-40.0354	178.1419167	1.1	343.7	750.7	338.3	-40.0391238	178.1429982	-40.0352751	178.1418515	
03.11.2006	14:44:41	04.11.2006 03:44:39	-40.0353667	178.1419	1.1	349.3	750.4	337.5	-40.0391238	178.1429982	-40.0352417	178.1418346	
03.11.2006	14:44:46	04.11.2006 03:44:44	-40.0353333	178.1419	1.3	339.5	750.7	337.5	-40.0391238	178.1429982	-40.0352082	178.1418346	
03.11.2006	14:44:51	04.11.2006 03:44:49	-40.0353167	178.1418833	1.2	342.7	751.9	337.6	-40.0391238	178.1429982	-40.0351916	178.1418177	
03.11.2006	14:44:56	04.11.2006 03:44:54	-40.0353	178.1418667	1.1	339.6	752.2	336.3	-40.0391238	178.1429982	-40.0351767	178.1417948	
03.11.2006	14:45:01	04.11.2006 03:44:59	-40.0352667	178.1418667	1	339.6	758	335.5	-40.0391238	178.1429982	-40.0351433	178.1417948	
03.11.2006	14:45:06	04.11.2006 03:45:04	-40.0352333	178.14185	1.1	338.2	757.5	335.1	-40.0391238	178.1429982	-40.0351117	178.1417756	
03.11.2006	14:45:11	04.11.2006 03:45:09	-40.0352167	178.1418333	1.3	336.9	756.5	334.9	-40.0391238	178.1429982	-40.035095	178.1417587	
03.11.2006	14:45:16	04.11.2006 03:45:14	-40.0351833	178.1418333	1.2	337.1	752.9	334.7	-40.0391238	178.1429982	-40.0350616	178.1417587	
03.11.2006	14:45:21	04.11.2006 03:45:19	-40.0351667	178.1418333	1.1	340.6	758.6	333.8	-40.0391238	178.1429982	-40.0350459	178.1417563	
03.11.2006	14:45:26	04.11.2006 03:45:25	-40.0351333	178.1418167	1.2	340.3	755.7	334.7	-40.0391238	178.1429982	-40.0350115	178.141743	
03.11.2006	14:45:31	04.11.2006 03:45:30	-40.0351167	178.1417833	1.3	336.3	757.9	334.6	-40.0383304	178.1428174	-40.0349948	178.1417093	
03.11.2006	14:45:36	04.11.2006 03:45:35	-40.0351	178.1417833	1.2	336.7	758.4	334.4	-40.0391238	178.1427994	-40.034979	178.1417068	
03.11.2006	14:45:41	04.11.2006 03:45:40	-40.0350667	178.14175	1.1	329.8	758.5	333.7	-40.0391238	178.1427994	-40.0349456	178.1416731	
03.11.2006	14:45:46	04.11.2006 03:45:45	-40.03505	178.1417333	1.2	331.1	756.9	333.8	-40.0391238	178.1427994	-40.0349289	178.1416562	
03.11.2006	14:45:51	04.11.2006 03:45:50	-40.0350333	178.1417167	1.2	327.2	756	334.1	-40.0391238	178.1427994	-40.0349122	178.1416406	
03.11.2006	14:45:56	04.11.2006 03:45:55	-40.035	178.1417167	1.2	331.9	758.8	334.6	-40.0391238	178.1427994	-40.0348779	178.141643	
03.11.2006	14:46:01	04.11.2006 03:46:00	-40.0349833	178.1416833	1.3	330.5	758.3	335.2	-40.0391238	178.1427994	-40.0348612	178.1416092	
03.11.2006	14:46:06	04.11.2006 03:46:05	-40.03495	178.1416667	1.3	335.7	759	335.2	-40.0391238	178.1427994	-40.0348278	178.1415924	
03.11.2006	14:46:11	04.11.2006 03:46:10	-40.0349333	178.14165	1.3	331.4	758	336.1	-40.0391238	178.1427994	-40.0348101	178.1415779	
03.11.2006	14:46:16	04.11.2006 03:46:15	-40.0349	178.1416333	1.4	334.4	759.1	335.7	-40.0391238	178.1427994	-40.0347767	178.141561	
03.11.2006	14:46:21	04.11.2006 03:46:20	-40.0348833	178.1416167	1.4	330.3	759.2	337.3	-40.0391238	178.1427994	-40.0347591	178.141549	
03.11.2006	14:46:26	04.11.2006 03:46:25	-40.03485	178.1416	1.2	331.3	759.8	337.6	-40.0391238	178.1427994	-40.0347248	178.1415345	
03.11.2006	14:46:31	04.11.2006 03:46:30	-40.0348333	178.1415667	1.2	335.9	760.1	338.1	-40.0391238	178.1427994	-40.0347081	178.1415008	
03.11.2006	14:46:36	04.11.2006 03:46:35	-40.0348	178.1415667	1.3	332.3	759.5	339.1	-40.0391238	178.1427994	-40.0346746	178.1415032	
03.11.2006	14:46:41	04.11.2006 03:46:40	-40.0347833	178.14155	1.2	334.1	759.7	339.9	-40.0391238	178.1427994	-40.034657	178.1414899	
03.11.2006	14:46:46	04.11.2006 03:46:45	-40.0347667	178.1415333	1.1	336.5	760.4	341.1	-40.0391238	178.1427994	-40.0346394	178.1414767	
03.11.2006	14:46:51	04.11.2006 03:46:50	-40.0347333	178.1415167	1.1	338.7	760.5	341.9	-40.0391238	178.1427994	-40.0346051	178.1414634	
03.11.2006	14:46:56	04.11.2006 03:46:55	-40.0347	178.1415	1.3	337	760	343.5	-40.0391238	178.1427994	-40.0345707	178.1414514	
03.11.2006	14:47:01	04.11.2006 03:47:00	-40.0346833	178.1414833	1.3	338	759.8	344.7	-40.0391238	178.1427994	-40.0345531	178.1414381	
03.11.2006	14:47:06	04.11.2006 03:47:05	-40.0346667	178.1414833	1.1	340.3	745.4	345.7	-40.0391238	178.1427994	-40.0345364	178.1414381	
03.11.2006	14:47:11	04.11.2006 03:47:10	-40.0346333	178.1414667	0.9	346.3	770.4	345.7	-40.0391238	178.1427994	-40.034502	178.1414236	
03.11.2006	14:47:16	04.11.2006 03:47:15	-40.0346	178.14145	1.1	338.5	760.3	345.5	-40.0391238	178.1427994	-40.0344686	178.1414068	
03.11.2006	14:47:21	04.11.2006 03:47:20	-40.0345833	178.14145	1.1	338.3	760.6	345.5	-40.0391238	178.1427994	-40.0344519	178.1414068	
03.11.2006	14:47:26	04.11.2006 03:47:25	-40.0345667	178.14145	1	346.6	762	345.5	-40.0391238	178.1427994	-40.0344352	178.1414068	
03.11.2006	14:47:31	04.11.2006 03:47:30	-40.03455	178.14145	0.9	340.2	762.2	345.9	-40.0391238	178.1427994	-40.0344185	178.1414068	
03.11.2006	14:47:36	04.11.2006 03:47:35	-40.0345333	178.1414333	0.9	339.3	764.5	346.1	-40.0391238	178.1427994	-40.0344018	178.1413911	
03.11.2006	14:47:41	04.11.2006 03:47:40	-40.0345167	178.1414167	0.9	342.7	761.8	345.9	-40.0391238	178.1427994	-40.0343851	178.1413742	
03.11.2006	14:47:46	04.11.2006 03:47:45	-40.0345	178.1414167	0.8	348.1	762.8	346.2	-40.0376484	178.1418051	-40.0343684	178.1413742	
03.11.2006	14:47:51	04.11.2006 03:47:50	-40.0344667	178.1414	0.9	346.3	761.9	346.6	-40.0376484	178.1418051	-40.034335	178.141361	
03.11.2006	14:47:56	04.11.2006 03:47:55	-40.03445	178.1414	1	344.2	765.3	347.1	-40.037537	178.1425824	-40.0343183	178.141361	
03.11.2006	14:48:01	04.11.2006 03:48:00	-40.0344167	178.1414	0.9	346.9	764.2	347.4	-40.0379268	178.1420943	-40.0342858	178.141361	
03.11.2006	14:48:06	04.11.2006 03:48:05	-40.0344	178.1414	0.9	356.3	765.1	347.4	-40.0375788	178.1421666	-40.0342691	178.141361	
03.11.2006	14:48:11	04.11.2006 03:48:10	-40.0343667	178.1413833	1	345.5	762.9	347.5	-40.0375788	178.1421666	-40.0342348	178.1413465	
03.11.2006	14:48:16	04.11.2006 03:48:15	-40.03435	178.1413833	1.1	349.9	763	348.2	-40.0375788	178.1421666	-40.0342181	178.1413465	
03.11.2006	14:48:21	04.11.2006 03:48:20	-40.0343333	178.1413833	1	350.3	763.5	348.6	-40.0375788	178.1421666	-40.0342014	178.1413501	
03.11.2006	14:48:26	04.11.2006 03:48:25	-40.0343	178.1413833	0.9	358	769.1	348.7	-40.0375788	178.1421666	-40.0341679	178.1413501	
03.11.2006	14:48:31	04.11.2006 03:48:30	-40.0342833	178.1413667	0.9	347.1	765.1	349.1	-40.0375788	178.1421666	-40.0341512	178.1413332	
03.11.2006	14:48:36	04.11.2006 03:48:35	-40.03425	178.1413833	1	2.6	764.4	349.1	-40.0375788	178.1421666	-40.0341345	178.1413501	
03.11.2006	14:48:41	04.11.2006 03:48:40	-40.0342333	178.1413667	1	352.7	764.5	349.2	-40.0375788	178.1421666	-40.0341011	178.1413332	
03.11.2006	14:48:46	04.11.2006 03:48:45	-40.0342167	178.1413667	0.9	357.9	768	348.7	-40.0375788	178.1421666	-40.0340844	178.1413332	
03.11.2006	14:48:51	04.11.2006 03:48:50	-40.0341833	178.14135	1.2	354	764.3	348.6	-40.0375788	178.1421666	-40.034051	178.1413164	
03.11.2006	14:48:56	04.11.2006 03:48:55	-40.0341667	178.1413333	1.2	352.4	764.2	349.2	-40.0375788	178.1421666	-40.0340343	178.1413007	
03.11.2006	14:49:01	04.11.2006 03:49:00	-40.03415	178.1413333	1.1	354.8	765.5	348.7	-40.0375788	178.1421666	-40.0340343	178.1413164	
03.11.2006	14:49:06	04.11.2006 03:49:05	-40.0341333	178.1413333	0.9	1.2	771.8	348.2	-40.0375788	178.1421666	-40.0340009	178.1412971	
03.11.2006	14:49:11	04.11.2006 03:49:10	-40.0341	178.1413333	0.9	351.9	769.8	348.6	-40.0375788	178.1421666	-40.0339842	178.1413007	
03.11.2006	14:49:16	04.11.2006 03:49:15	-40.0340833	178.1413333	0.9	359.2	765.8	347.7	-40.0375788	178.1421666	-40.0339508	178.1412971	
03.11.2006	14:49:21	04.11.2006 03:49:20	-40.0340667	178.1413333	1	358.2	768.5	347.7	-40.0375788	178.1421666	-40.0339341	178.1412971	
03.11.2006	14:49:26	04.11.2006 03:49:25	-40.0340333	178.1413333	1	354.5	766.4	347.2	-40.0375788	178.1421666	-40.0339183	178.1412947	
03.11.2006	14:49:31	04.11.2006 03:49:30	-40.0340167	178.1413333	1	357.1	766.7	347	-40.0375788	178.1421666	-40.0338849	178.1412947	
03.11.2006	14:49:36	04.11.2006 03:49:35	-40.0339833	178.1413167	1.1	357.4	766.4	347.1	-40.0375788	178.1421666	-40.0338691	178.1412778	
03.11.2006	14:49:41	04.11.2006 03:49:40	-40.0339667	178.1413167	1.1	349.1	769.5	347.1	-40.0375788	178.1421666	-40.0338524	178.1412778	
03.11.2006	14:49:46	04.11.2006 03:49:45	-40.03395	178.1413167	1	356.9	770.8	346.7	-40.0367575	178.1421847	-40.033819	178.1412778	
03.11.2006	14:49:51	04.11.2006 03:49:50	-40.0339167	178.1413	1	351.4	769.1	346	-40.0367575	178.1421847	-40.0337856	178.1412573	
03.11.2006	14:49:56	04.11.2006 03:49:55	-40.0338833	178.1413167	1.1	3.4	766.5	345.8	-40.0367575	178.1421847	-40.0337689	178.1412573	
03.11.2006	14:50:01	04.11.2006 03:50:00	-40.0338667	178.1413	1.2	344.3	769.3	346.2	-40.0365627	178.1421486	-40.0337355	178.1412573	
03.11.2006	14:50:06	04.11.2006 03:50:05	-40.0338333	178.1413	1.1	0.8	770.6	345.7	-40.0365627	178.1421486	-40.0337021	178.1412573	
03.11.2006	14:50:11	04.11.2006 03:50:10	-40.0338167	178.1413	1.1	351.4	771	346.1	-40.0365627	178.1421486	-40.0336854	178.1412573	
03.11.2006	14:50:16	04.11.2006 03:50:15	-40.0337833	178.1413	1.2	357.2	770.4	345.6	-40.0365627	178.1421486	-40.033652	178.1412573	
03.11.2006	14:50:21	04.11.2006 03:50:20	-40.0337667	178.1412833	1.2	346.6	771.2	346.2	-40.0365627	178.1421486	-40.0336353	178.1412404	
03.11.2006	14:50:26	04.11.2006 03:50:25	-40.0337333	178.1412667	1.2	348.8	771.6	344.9	-40.0365627	178.1421486	-40.0336195	178.141238	
03.11.2006	14:50:31	04.11.2006 03:50:30	-40.0337167	178.1412667	1.1	350.9	773.2	344.6	-40.0365627	178.1421486	-40.0335861	178.1412212	
03.11.2006	14:50:36	04.11.2006 03:50:35	-40.0336833	178.1412667	1.1	349.3	772.3	344	-40.0365627	178.1421486	-40.0335536	178.1412175	
03.11.2006	14:50:41	04.11.2006 03:50:40	-40.0336667	178.14125	1.1	350	771.3	343.7	-40.0365627	178.1421486	-40.0335369	178.1412007	
03.11.2006	14:50:46	04.11.2006 03:50:45	-40.0336333	178.14125	1.1	346.6	774.1	344.2	-40.0365627	178.1421486	-40.0335035	178.1412007	
03.11.2006	14:50:51	04.11.2006 03:50:50	-40.0336167	178.1412333	1.1	348.8	773.2	343.9	-40.0364931	178.1419678	-40.0334868	178.141185	
03.11.2006	14:50:56	04.11.2006 03:50:55	-40.0335833	178.1412333	1.1	350.6	772.3	343.7	-40.036507	178.1416966	-40.0334543	178.141185	
03.11.2006	14:51:01	04.11.2006 03:51:00	-40.03355	178.1412167	1.1	339.4	772.7	343.5	-40.036507	178.1416966	-40.0334209	178.1411681	
03.11.2006	14:51:06	04.11.2006 03:51:05	-40.0335333	178.1412167	1.1	348.6	771.7	343.2	-40.036507	178.1416966	-40.0334042	178.1411657	
03.11.2006	14:51:11	04.11.2006 03:51:10	-40.0335167	178.1412	1.2	344.8	774	343.3	-40.036507	178.1416966	-40.0333875	178.1411488	
03.11.2006	14:51:16	04.11.2006 03:51:15	-40.0334833	178.1412	1.2	344.2	775.3	343.7	-40.036507	178.1416966	-40.0333708	178.1411513	
03.11.2006	14:51:21	04.11.2006 03:51:20	-40.0334667	178.1411833	1	341.6	781.6	343.4	-40.036507	178.1416966	-40.0333374	178.141132	
03.11.2006	14:51:26	04.11.2006 03:51:25	-40.0334333	178.1411667	1.1	348.1	772.6	342.9	-40.036507	178.1416966	-40.033304	178.1411151	
03.11.2006	14:51:31	04.11.2006 03:51:30	-40.0334167	178.1411667	1.2	347.8	774.2	343.6	-40.036507	178.1416966	-40.0332873	178.1411175	
03.11.2006	14:51:36	04.11.2006 03:51:35	-40.0333833	178.14115	1.3	340.9	780.7	343.7	-40.036507	178.1416966	-40.0332538	178.1411006	
03.11.2006	14:51:41	04.11.2006 03:51:40	-40.0333667	178.14115	1.2	342.8	781.8	343.6	-40.036507	178.1416966	-40.0332371	178.1411006	
03.11.2006	14:51:46	04.11.2006 03:51:45	-40.03335	178.1411333	1	345	776.4	343	-40.036507	178.1416966	-40.0332204	178.1410826	
03.11.2006	14:51:51	04.11.2006 03:51:50	-40.0333167	178.1411333	1	347.1	775.4	343.6	-40.036507	178.1416966	-40.033187	178.141085	
03.11.2006	14:51:56	04.11.2006 03:51:55	-40.0332833	178.1411167	1.2	341.7	775.9	343.5	-40.036507	178.1416966	-40.0331536	178.1410681	
03.11.2006	14:52:01	04.11.2006 03:52:00	-40.0332667	178.1411167	1.2	341.8	781.7	344.2	-40.036507	178.1416966	-40.0331369	178.1410681	
03.11.2006	14:52:06	04.11.2006 03:52:05	-40.0332333	178.1411	1.1	343.9	786.6	344.6	-40.036507	178.1416966	-40.0331026	178.1410548	
03.11.2006	14:52:11	04.11.2006 03:52:10	-40.0332167	178.1411	1	350.9	784.4	344.7	-40.036507	178.1416966	-40.0330859	178.1410548	
03.11.2006	14:52:16	04.11.2006 03:52:15	-40.0331833	178.1410833	1.2	345.9	783.4	345.6	-40.036507	178.1416966	-40.0330525	178.1410404	
03.11.2006	14:52:21	04.11.2006 03:52:20	-40.0331667	178.1411	1.2	348.2	779.8	345.7	-40.0355465	178.1418412	-40.0330358	178.1410572	
03.11.2006	14:52:26	04.11.2006 03:52:25	-40.0331333	178.1410833	1.1	349.2	785	345.7	-40.0358945	178.1417328	-40.0330023	178.1410404	
03.11.2006	14:52:31	04.11.2006 03:52:30	-40.0331167	178.1410833	1.1	353.1	784.2	346.6	-40.0358945	178.1417328	-40.0329856	178.1410404	
03.11.2006	14:52:36	04.11.2006 03:52:35	-40.0330833	178.1410833	1.2	350.7	783.9	346.6	-40.0358945	178.1417328	-40.0329522	178.1410404	
03.11.2006	14:52:41	04.11.2006 03:52:40	-40.03305	178.1410833	1.2	352.1	784.1	347.1	-40.0358945	178.1417328	-40.0329188	178.141044	
03.11.2006	14:52:46	04.11.2006 03:52:45	-40.0330333	178.1410667	1.1	356.1	782.1	346.5	-40.0358945	178.1417328	-40.0329021	178.1410235	
03.11.2006	14:52:51	04.11.2006 03:52:50	-40.033	178.1410667	1.2	349.9	788.4	346.7	-40.0358945	178.1417328	-40.0328687	178.1410271	
03.11.2006	14:52:56	04.11.2006 03:52:55	-40.0329667	178.1410667	1.2	355.6	780.8	346.3	-40.0358945	178.1417328	-40.0328353	178.1410235	
03.11.2006	14:53:01	04.11.2006 03:53:00	-40.03295	178.14105	1.2	350.8	785.4	346.7	-40.0358945	178.1417328	-40.0328186	178.1410102	
03.11.2006	14:53:06	04.11.2006 03:53:05	-40.0329167	178.14105	1.2	356.1	787.2	346.6	-40.0358945	178.1417328	-40.0327852	178.1410066	
03.11.2006	14:53:11	04.11.2006 03:53:10	-40.0328833	178.1410333	1.2	350.2	785.4	346.7	-40.0358945	178.1417328	-40.0327518	178.1409946	
03.11.2006	14:53:16	04.11.2006 03:53:15	-40.0328667	178.1410333	1.2	358.6	785.2	346	-40.0358945	178.1417328	-40.0327351	178.140991	
03.11.2006	14:53:21	04.11.2006 03:53:20	-40.0328333	178.1410333	1.2	355.7	785.5	346.2	-40.0358945	178.1417328	-40.0327017	178.140991	
03.11.2006	14:53:26	04.11.2006 03:53:25	-40.0328	178.1410333	1.3	350.3	786.6	346.1	-40.0358945	178.1417328	-40.0326683	178.140991	
03.11.2006	14:53:31	04.11.2006 03:53:30	-40.0327833	178.1410333	1.3	354.1	786.3	345.7	-40.0349201	178.1414616	-40.0326516	178.140991	
03.11.2006	14:53:36	04.11.2006 03:53:35	-40.03275	178.1410167	1.2	355.4	789.8	345.3	-40.0350454	178.1416785	-40.0326191	178.1409741	
03.11.2006	14:53:41	04.11.2006 03:53:40	-40.0327333	178.1410167	1.1	355.2	792.1	345.6	-40.0350454	178.1416785	-40.0326024	178.1409741	
03.11.2006	14:53:46	04.11.2006 03:53:45	-40.0327	178.1410167	0.9	348.9	789.3	344.7	-40.0350454	178.1416785	-40.0325699	178.1409717	
03.11.2006	14:53:51	04.11.2006 03:53:50	-40.0326833	178.141	0.9	355.2	785.2	344.4	-40.0350454	178.1416785	-40.0325541	178.1409512	
03.11.2006	14:53:56	04.11.2006 03:53:55	-40.03265	178.141	1.1	358.2	784.5	344	-40.0350454	178.1416785	-40.0325207	178.1409512	
03.11.2006	14:54:01	04.11.2006 03:54:00	-40.0326333	178.141	1.1	350.5	787.8	344.1	-40.0350454	178.1416785	-40.032504	178.1409512	
03.11.2006	14:54:06	04.11.2006 03:54:05	-40.0326167	178.1409833	1	353.5	793.1	343.5	-40.0350454	178.1416785	-40.0324873	178.1409343	
03.11.2006	14:54:11	04.11.2006 03:54:10	-40.0326	178.1409833	1	354.9	789.6	343.9	-40.0350454	178.1416785	-40.0324706	178.1409343	
03.11.2006	14:54:16	04.11.2006 03:54:15	-40.0325667	178.1409833	1	355.2	789.8	343.3	-40.0350454	178.1416785	-40.0324372	178.1409319	
03.11.2006	14:54:21	04.11.2006 03:54:20	-40.03255	178.1409833	1.1	350.7	789.6	344.1	-40.0350454	178.1416785	-40.0324205	178.1409343	
03.11.2006	14:54:26	04.11.2006 03:54:25	-40.0325167	178.1409833	1.2	351.7	789.3	344.5	-40.0350454	178.1416785	-40.0323871	178.1409343	
03.11.2006	14:54:31	04.11.2006 03:54:30	-40.0324833	178.1409667	1.2	354.3	794.7	344.1	-40.0350454	178.1416785	-40.0323536	178.1409174	
03.11.2006	14:54:36	04.11.2006 03:54:35	-40.0324667	178.1409667	1	351.1	795	343.9	-40.0346556	178.1412627	-40.032337	178.1409174	
03.11.2006	14:54:41	04.11.2006 03:54:40	-40.03245	178.14095	0.9	349.6	794.7	343	-40.0343494	178.1411181	-40.0323202	178.1408994	
03.11.2006	14:54:46	04.11.2006 03:54:45	-40.0324167	178.14095	1.1	356.6	790.4	342.7	-40.0341963	178.1411904	-40.0322868	178.1408994	
03.11.2006	14:54:51	04.11.2006 03:54:50	-40.0324	178.1409333	1.1	344.4	790.8	343.2	-40.0341963	178.1411904	-40.0322701	178.1408825	
03.11.2006	14:54:56	04.11.2006 03:54:55	-40.0323833	178.1409333	1.1	356.2	791.1	343.3	-40.0341963	178.1411904	-40.0322534	178.1408825	
03.11.2006	14:55:01	04.11.2006 03:55:00	-40.03235	178.1409167	1	339.4	795.6	342.9	-40.0341963	178.1411904	-40.0322209	178.1408656	
03.11.2006	14:55:06	04.11.2006 03:55:05	-40.0323333	178.1409167	1	354.2	793.2	341.9	-40.0341963	178.1411904	-40.0322052	178.1408632	
03.11.2006	14:55:11	04.11.2006 03:55:10	-40.0323	178.1409	1	347	796.9	341.9	-40.0341963	178.1411904	-40.0321718	178.1408464	
03.11.2006	14:55:16	04.11.2006 03:55:15	-40.0322667	178.1408833	1.1	343.6	793.7	341.2	-40.0341963	178.1411904	-40.0321393	178.1408259	
03.11.2006	14:55:22	04.11.2006 03:55:20	-40.03225	178.1408833	1.1	346.5	792.4	341.4	-40.0341963	178.1411904	-40.0321226	178.1408259	
03.11.2006	14:55:27	04.11.2006 03:55:25	-40.0322333	178.1408667	1.1	341.3	796.2	341.7	-40.0341963	178.1411904	-40.0321049	178.1408126	
03.11.2006	14:55:32	04.11.2006 03:55:30	-40.0322	178.1408667	1.1	348.1	793.8	342.1	-40.0341963	178.1411904	-40.0320715	178.1408126	
03.11.2006	14:55:37	04.11.2006 03:55:35	-40.0321667	178.14085	1.1	346.9	796.8	342.1	-40.0341963	178.1411904	-40.0320381	178.1407969	
03.11.2006	14:55:42	04.11.2006 03:55:40	-40.03215	178.14085	1.2	344.3	795.3	342.6	-40.0341963	178.1411904	-40.0320205	178.1407993	
03.11.2006	14:55:47	04.11.2006 03:55:45	-40.0321167	178.1408333	1.1	348.2	798.5	342.8	-40.0339318	178.1411543	-40.0319871	178.1407825	
03.11.2006	14:55:52	04.11.2006 03:55:50	-40.0320833	178.1408333	1.1	344.3	755.6	343.2	-40.0336673	178.1410096	-40.0319537	178.1407825	
03.11.2006	14:55:57	04.11.2006 03:55:55	-40.0320667	178.1408167	1.2	349.7	793.7	342.8	-40.0336394	178.141317	-40.031937	178.1407656	
03.11.2006	14:56:02	04.11.2006 03:56:00	-40.03205	178.1408167	1.3	344.3	795.8	344.2	-40.0336394	178.141317	-40.0319203	178.140768	
03.11.2006	14:56:07	04.11.2006 03:56:05	-40.0320167	178.1408	1.2	346.6	799.4	344.1	-40.0336394	178.141317	-40.0318868	178.1407511	
03.11.2006	14:56:12	04.11.2006 03:56:10	-40.032	178.1408	1	341.6	801.6	344.2	-40.0336394	178.141317	-40.0318701	178.1407511	
03.11.2006	14:56:17	04.11.2006 03:56:15	-40.0319833	178.1407833	0.9	346.2	804.7	343.7	-40.0336394	178.141317	-40.0318534	178.1407343	
03.11.2006	14:56:22	04.11.2006 03:56:20	-40.03195	178.1407833	1	347.6	797.9	343.7	-40.0336394	178.141317	-40.031821	178.1407343	
03.11.2006	14:56:27	04.11.2006 03:56:25	-40.0319167	178.1407667	1.1	345.2	799.2	343.7	-40.0336394	178.141317	-40.0317876	178.1407174	
03.11.2006	14:56:32	04.11.2006 03:56:30	-40.0319	178.1407667	1.1	348.8	796.8	344.2	-40.0336394	178.141317	-40.0317708	178.1407174	
03.11.2006	14:56:37	04.11.2006 03:56:35	-40.0318833	178.14075	1.1	346.3	803.3	344.9	-40.0336394	178.141317	-40.0317532	178.1407053	
03.11.2006	14:56:42	04.11.2006 03:56:40	-40.03185	178.14075	1.1	347.9	801.8	344.9	-40.0336394	178.141317	-40.0317198	178.1407053	
03.11.2006	14:56:47	04.11.2006 03:56:45	-40.0318167	178.14075	1.1	348.7	801.2	345.2	-40.0336394	178.141317	-40.0316864	178.1407053	
03.11.2006	14:56:52	04.11.2006 03:56:51	-40.0318	178.14075	1.1	348.4	802.8	345.6	-40.0336394	178.141317	-40.0316688	178.1407078	
03.11.2006	14:56:57	04.11.2006 03:56:56	-40.0317667	178.14075	1.1	353.2	804.7	345.8	-40.0329434	178.1410096	-40.0316353	178.1407078	
03.11.2006	14:57:02	04.11.2006 03:57:01	-40.0317333	178.14075	1.2	350.7	803.8	346.2	-40.0330269	178.1409554	-40.0316019	178.1407078	
03.11.2006	14:57:07	04.11.2006 03:57:06	-40.0317	178.14075	1.2	353.5	802.4	346.7	-40.0330269	178.1409554	-40.0315685	178.1407114	
03.11.2006	14:57:12	04.11.2006 03:57:11	-40.0316667	178.14075	1.2	352.2	806.8	346.9	-40.0330269	178.1409554	-40.0315351	178.1407114	
03.11.2006	14:57:17	04.11.2006 03:57:16	-40.0316333	178.14075	1.2	353.6	802.3	347.2	-40.0330269	178.1409554	-40.0315017	178.1407114	
03.11.2006	14:57:22	04.11.2006 03:57:21	-40.0316167	178.1407333	1.2	352.4	803.6	347.6	-40.0330269	178.1409554	-40.0314841	178.1406969	
03.11.2006	14:57:27	04.11.2006 03:57:26	-40.0315833	178.1407333	1.4	356.4	801	347.8	-40.0330269	178.1409554	-40.0314507	178.1406969	
03.11.2006	14:57:32	04.11.2006 03:57:31	-40.0315667	178.1407167	1.4	355.3	805.3	348.2	-40.0330269	178.1409554	-40.031434	178.14068	
03.11.2006	14:57:37	04.11.2006 03:57:36	-40.0315333	178.1407333	1.3	358.3	806.1	347.8	-40.0330269	178.1409554	-40.0314015	178.1406969	
03.11.2006	14:57:42	04.11.2006 03:57:41	-40.0315	178.1407333	1.3	352.2	807.4	348.6	-40.0330269	178.1409554	-40.0313681	178.1407005	
03.11.2006	14:57:47	04.11.2006 03:57:46	-40.0314667	178.1407167	1.3	358.8	806.8	348.4	-40.0330269	178.1409554	-40.0313347	178.14068	
03.11.2006	14:57:52	04.11.2006 03:57:51	-40.0314333	178.1407167	1.3	355.9	805.7	348.9	-40.0330269	178.1409554	-40.0313012	178.1406836	
03.11.2006	14:57:57	04.11.2006 03:57:56	-40.0314	178.1407333	1.3	359.1	807.5	348.9	-40.0330269	178.1409554	-40.0312678	178.1407005	
03.11.2006	14:58:02	04.11.2006 03:58:01	-40.0313667	178.1407333	1.3	357.6	810.6	349.1	-40.0330269	178.1409554	-40.0312344	178.1407005	
03.11.2006	14:58:07	04.11.2006 03:58:06	-40.0313333	178.1407333	1.4	358.8	807.7	348.9	-40.0321639	178.1409554	-40.031201	178.1407005	
03.11.2006	14:58:12	04.11.2006 03:58:11	-40.0313	178.1407333	1.4	0.2	805.6	349.6	-40.0321917	178.1409012	-40.0311667	178.1407029	
03.11.2006	14:58:17	04.11.2006 03:58:16	-40.0312667	178.1407333	1.4	359.6	808.8	349.4	-40.0321917	178.1409012	-40.0311342	178.1407005	
03.11.2006	14:58:22	04.11.2006 03:58:21	-40.0312333	178.1407333	1.3	358.6	810.4	349	-40.0320664	178.140865	-40.0311008	178.1407005	
03.11.2006	14:58:27	04.11.2006 03:58:26	-40.0312	178.1407333	1.4	0.4	808.1	348.8	-40.0320664	178.140865	-40.0310674	178.1407005	
03.11.2006	14:58:32	04.11.2006 03:58:31	-40.0311667	178.1407333	1.5	359.8	805.5	348.8	-40.0319829	178.1409193	-40.031034	178.1407005	
03.11.2006	14:58:37	04.11.2006 03:58:36	-40.0311333	178.1407167	1.5	357.3	807.8	349.2	-40.0319829	178.1409193	-40.0310015	178.1406836	
03.11.2006	14:58:42	04.11.2006 03:58:41	-40.0311	178.1407167	1.3	359.9	814	349.1	-40.0319829	178.1409193	-40.0309848	178.1406836	
03.11.2006	14:58:47	04.11.2006 03:58:46	-40.0310833	178.1407167	1.2	355.2	812.8	348.2	-40.0319829	178.1409193	-40.0309514	178.14068	
03.11.2006	14:58:52	04.11.2006 03:58:51	-40.0310333	178.1407167	1.4	4.4	814.4	347.8	-40.0319829	178.1409193	-40.0309012	178.14068	
03.11.2006	14:58:57	04.11.2006 03:58:56	-40.031	178.1407	1.4	353.4	812.3	347.5	-40.0319829	178.1409193	-40.0308846	178.1406632	
03.11.2006	14:59:02	04.11.2006 03:59:01	-40.0309833	178.1407	1.4	359.9	813.8	346.7	-40.031621	178.1408108	-40.0308521	178.1406608	
03.11.2006	14:59:07	04.11.2006 03:59:06	-40.03095	178.1407	1.3	356.4	815.1	346	-40.0315653	178.1407204	-40.0308354	178.1406571	
03.11.2006	14:59:12	04.11.2006 03:59:11	-40.0309167	178.1407	1.3	356	815.6	345.3	-40.0314818	178.1407927	-40.0308029	178.1406547	
03.11.2006	14:59:17	04.11.2006 03:59:16	-40.0309	178.1407	1.2	353.9	813.8	344.9	-40.0314818	178.1407927	-40.0307695	178.1406547	
03.11.2006	14:59:22	04.11.2006 03:59:21	-40.0308667	178.1407	1.4	352.3	810.8	344.5	-40.0313425	178.1409012	-40.0307361	178.1406547	
03.11.2006	14:59:27	04.11.2006 03:59:26	-40.03085	178.1406833	1.4	350.6	811	345.2	-40.0313425	178.1409012	-40.0307194	178.1406378	
03.11.2006	14:59:32	04.11.2006 03:59:31	-40.0308167	178.1406833	1.3	350	815.8	345.1	-40.0313425	178.1409012	-40.0306859	178.1406378	
03.11.2006	14:59:37	04.11.2006 03:59:36	-40.0307667	178.1406833	1.3	353.8	823.1	344.5	-40.0313425	178.1409012	-40.0306535	178.1406342	
03.11.2006	14:59:42	04.11.2006 03:59:41	-40.0307333	178.1406833	1.3	350.1	817.1	345.1	-40.0312033	178.1408289	-40.0306033	178.1406378	
03.11.2006	14:59:47	04.11.2006 03:59:46	-40.0307	178.1406833	1.4	354.1	814.6	345.2	-40.0311059	178.1408469	-40.0305699	178.1406378	
03.11.2006	14:59:52	04.11.2006 03:59:51	-40.0306667	178.1406667	1.4	350	819.3	345.7	-40.0311059	178.1408469	-40.0305523	178.1406403	
03.11.2006	14:59:57	04.11.2006 03:59:56	-40.03065	178.1406667	1.2	353.9	820.5	345.3	-40.0311059	178.1408469	-40.0305198	178.140621	
03.11.2006	15:00:02	04.11.2006 04:00:01	-40.0306	178.1406667	1.3	351.6	819.8	345.2	-40.0309388	178.1408469	-40.0304864	178.140621	
03.11.2006	15:00:07	04.11.2006 04:00:06	-40.0305833	178.14065	1.4	352.7	817.6	345.6	-40.0309388	178.1408469	-40.0304521	178.1406077	
03.11.2006	15:00:12	04.11.2006 04:00:11	-40.0305333	178.14065	1.5	354.6	816.3	345.6	-40.0309388	178.1408469	-40.030402	178.1406077	
03.11.2006	15:00:17	04.11.2006 04:00:16	-40.0305	178.14065	1.4	354.8	819	345.7	-40.0309388	178.1408469	-40.0303852	178.1406077	
03.11.2006	15:00:22	04.11.2006 04:00:21	-40.0304833	178.1406333	1.3	354.6	820.7	345.6	-40.0309388	178.1408469	-40.0303518	178.1405908	
03.11.2006	15:00:27	04.11.2006 04:00:26	-40.0304333	178.1406333	1.4	352.7	820.8	345.6	-40.0309388	178.1408469	-40.0303017	178.1405908	
03.11.2006	15:00:32	04.11.2006 04:00:31	-40.0304	178.1406333	1.5	354.9	817.4	345.7	-40.030563	178.1407746	-40.0302859	178.1405884	
03.11.2006	15:00:37	04.11.2006 04:00:36	-40.0303667	178.1406333	1.5	355.8	820.9	345.5	-40.0305351	178.1408108	-40.0302349	178.1405908	
03.11.2006	15:00:42	04.11.2006 04:00:41	-40.0303333	178.1406333	1.6	354.2	825.5	346.1	-40.0304655	178.1408469	-40.0302024	178.1405908	
03.11.2006	15:00:47	04.11.2006 04:00:46	-40.0303	178.1406167	1.5	349.5	824.1	345.6	-40.0304655	178.1408469	-40.030169	178.140574	
03.11.2006	15:00:52	04.11.2006 04:00:51	-40.0302667	178.1406	1.3	354.2	825.2	344.2	-40.0304655	178.1408469	-40.0301374	178.1405511	
03.11.2006	15:00:57	04.11.2006 04:00:56	-40.0302333	178.1405833	1.3	347.5	819.9	343.7	-40.0304655	178.1408469	-40.0301208	178.1405342	
03.11.2006	15:01:02	04.11.2006 04:01:01	-40.0302	178.1405833	1.5	356	818.8	343.3	-40.0304655	178.1408469	-40.0300706	178.1405318	
03.11.2006	15:01:07	04.11.2006 04:01:06	-40.0301833	178.1405667	1.5	345.9	831.6	343.6	-40.0304655	178.1408469	-40.0300706	178.1405149	
03.11.2006	15:01:12	04.11.2006 04:01:11	-40.0301667	178.14055	1.3	347.7	830.7	342.4	-40.0304655	178.1408469	-40.0300548	178.1404968	
03.11.2006	15:01:17	04.11.2006 04:01:16	-40.03015	178.1405333	1.1	347.1	829.6	341.8	-40.0304655	178.1408469	-40.0300214	178.14048	
03.11.2006	15:01:22	04.11.2006 04:01:21	-40.0301167	178.1405333	1.2	350.1	822	341.2	-40.0304655	178.1408469	-40.029989	178.1404764	
03.11.2006	15:01:27	04.11.2006 04:01:26	-40.0300833	178.1405333	1.3	347.3	829	340.8	-40.0304655	178.1408469	-40.0299555	178.1404764	
03.11.2006	15:01:32	04.11.2006 04:01:31	-40.03005	178.1405333	1.3	345.4	830.3	340.7	-40.0304655	178.1408469	-40.0299221	178.1404764	
03.11.2006	15:01:37	04.11.2006 04:01:36	-40.0300167	178.1405167	1.3	346	830.2	340.3	-40.0304655	178.1408469	-40.0298897	178.1404571	
03.11.2006	15:01:42	04.11.2006 04:01:41	-40.0299833	178.1405167	1.4	349.5	832.9	340.2	-40.0304655	178.1408469	-40.0298562	178.1404571	
03.11.2006	15:01:47	04.11.2006 04:01:46	-40.0299667	178.1405	1.4	343.1	829.2	340.4	-40.0304655	178.1408469	-40.0298395	178.1404402	
03.11.2006	15:01:52	04.11.2006 04:01:51	-40.0299333	178.1405	1.4	345.7	829.5	340.2	-40.0304655	178.1408469	-40.0298071	178.1404402	
03.11.2006	15:01:57	04.11.2006 04:01:56	-40.0299	178.1404833	1.3	342.9	832.6	339.7	-40.0304655	178.1408469	-40.0297736	178.1404233	
03.11.2006	15:02:02	04.11.2006 04:02:01	-40.0298667	178.1404667	1.4	345.2	830.6	340.3	-40.0304655	178.1408469	-40.0297402	178.1404064	
03.11.2006	15:02:07	04.11.2006 04:02:06	-40.0298333	178.14045	1.5	343.4	831.5	340.6	-40.0304655	178.1408469	-40.0297059	178.1403932	
03.11.2006	15:02:12	04.11.2006 04:02:11	-40.0298	178.1404333	1.4	340.6	831.2	340.6	-40.0304655	178.1408469	-40.0296725	178.1403763	
03.11.2006	15:02:17	04.11.2006 04:02:16	-40.0297833	178.1404167	1.4	345	835.5	340.5	-40.0304655	178.1408469	-40.0296567	178.140357	
03.11.2006	15:02:22	04.11.2006 04:02:21	-40.02975	178.1404167	1.4	342.2	835.4	340.9	-40.0304655	178.1408469	-40.0296224	178.1403594	
03.11.2006	15:02:27	04.11.2006 04:02:26	-40.0297167	178.1404167	1.4	343.3	831.5	342.1	-40.0304655	178.1408469	-40.029588	178.1403631	
03.11.2006	15:02:32	04.11.2006 04:02:31	-40.0296833	178.1403833	1.4	343.6	836.1	341.9	-40.0304655	178.1408469	-40.0295546	178.1403293	
03.11.2006	15:02:37	04.11.2006 04:02:36	-40.0296333	178.1403833	1.4	346.7	831.7	342.9	-40.0304655	178.1408469	-40.0295036	178.1403317	
03.11.2006	15:02:42	04.11.2006 04:02:41	-40.0296	178.1403833	1.5	345	833	343.1	-40.0304655	178.1408469	-40.0294702	178.1403317	
03.11.2006	15:02:47	04.11.2006 04:02:46	-40.0295667	178.1403833	1.5	348.3	836.6	343.9	-40.0304655	178.1408469	-40.0294368	178.1403341	
03.11.2006	15:02:52	04.11.2006 04:02:51	-40.0295333	178.1403667	1.5	348.1	836.5	343.8	-40.0304655	178.1408469	-40.0294043	178.1403173	
03.11.2006	15:02:57	04.11.2006 04:02:56	-40.0295	178.14035	1.6	348.2	834.9	345.1	-40.0304655	178.1408469	-40.0293699	178.1403052	
03.11.2006	15:03:02	04.11.2006 04:03:01	-40.0294667	178.1403333	1.6	351.3	837.2	345.4	-40.0304655	178.1408469	-40.0293365	178.1402883	
03.11.2006	15:03:07	04.11.2006 04:03:06	-40.0294333	178.1403167	1.5	347.2	838.6	345.9	-40.0304655	178.1408469	-40.0293022	178.1402739	
03.11.2006	15:03:12	04.11.2006 04:03:11	-40.0294	178.1403167	1.5	351.2	838.7	346.1	-40.0304655	178.1408469	-40.0292688	178.1402739	
03.11.2006	15:03:17	04.11.2006 04:03:16	-40.0293667	178.1403	1.7	352.2	837.4	346.7	-40.0304655	178.1408469	-40.0292354	178.1402606	
03.11.2006	15:03:22	04.11.2006 04:03:21	-40.0293333	178.1403	1.7	352.8	837.1	347.1	-40.0304655	178.1408469	-40.0292187	178.1402606	
03.11.2006	15:03:27	04.11.2006 04:03:26	-40.0293	178.1402833	1.6	353.9	839.4	347.3	-40.0304655	178.1408469	-40.0291685	178.1402438	
03.11.2006	15:03:32	04.11.2006 04:03:31	-40.0292667	178.1402833	1.5	352.2	844	347.4	-40.0304655	178.1408469	-40.0291351	178.1402438	
03.11.2006	15:03:37	04.11.2006 04:03:36	-40.0292167	178.1402833	1.6	356.5	841.9	348.1	-40.0304655	178.1408469	-40.0290841	178.1402462	
03.11.2006	15:03:42	04.11.2006 04:03:41	-40.0291833	178.1402833	1.7	356.1	841.2	349.2	-40.0304655	178.1408469	-40.0290507	178.1402498	
03.11.2006	15:03:47	04.11.2006 04:03:46	-40.0291333	178.1402833	1.7	356.7	841.8	351.8	-40.0304655	178.1408469	-40.0289996	178.1402582	
03.11.2006	15:03:52	04.11.2006 04:03:51	-40.0291	178.1402667	1.7	355.7	845	354.9	-40.0304655	178.1408469	-40.0289662	178.1402522	
03.11.2006	15:03:57	04.11.2006 04:03:56	-40.02905	178.1402667	1.9	357.9	844.9	359.4	-40.0304655	178.1408469	-40.0289152	178.1402642	
03.11.2006	15:04:02	04.11.2006 04:04:01	-40.0289833	178.1402667	2.2	1.4	845	4.9	-40.0304655	178.1408469	-40.0288493	178.1402823	
03.11.2006	15:04:07	04.11.2006 04:04:06	-40.0289333	178.1402833	2.6	6.5	841.1	11.1	-40.0304655	178.1408469	-40.028801	178.1403161	
03.11.2006	15:04:12	04.11.2006 04:04:11	-40.0288667	178.1403	2.8	11	841.8	17.8	-40.0304655	178.1408469	-40.0287379	178.1403534	
03.11.2006	15:04:17	04.11.2006 04:04:16	-40.0288	178.14035	2.9	18.5	841.7	25	-40.0304655	178.1408469	-40.0286776	178.1404245	
03.11.2006	15:04:22	04.11.2006 04:04:21	-40.0287333	178.1403833	3	21.6	846.4	33.5	-40.0304655	178.1408469	-40.0286219	178.1404812	
03.11.2006	15:04:27	04.11.2006 04:04:26	-40.0286667	178.14045	3.2	31.6	841.8	41.4	-40.0304655	178.1408469	-40.0285653	178.1405655	
03.11.2006	15:04:32	04.11.2006 04:04:31	-40.0286	178.1405167	3.4	36.9	841.9	49.8	-40.0304655	178.1408469	-40.0285133	178.1406511	
03.11.2006	15:04:37	04.11.2006 04:04:36	-40.02855	178.1406167	3.4	45.9	839.7	57.9	-40.0304655	178.1408469	-40.028478	178.1407656	
03.11.2006	15:04:42	04.11.2006 04:04:41	-40.0285	178.1407	3.7	53.8	838.9	66.6	-40.0304655	178.1408469	-40.0284474	178.1408608	
03.11.2006	15:04:47	04.11.2006 04:04:46	-40.0284667	178.1408167	3.7	62.4	839.6	74.7	-40.0304655	178.1408469	-40.0284316	178.1409862	
03.11.2006	15:04:52	04.11.2006 04:04:51	-40.02845	178.1409333	3.8	70.2	837	82.9	-40.0304655	178.1408469	-40.0284335	178.1411079	
03.11.2006	15:04:57	04.11.2006 04:04:56	-40.0284333	178.14105	3.8	78.8	835	91.8	-40.0304655	178.1408469	-40.0284381	178.1412248	
03.11.2006	15:05:02	04.11.2006 04:05:01	-40.0284333	178.1411667	3.9	85.8	833.9	99.9	-40.0304655	178.1408469	-40.0284567	178.1413393	
03.11.2006	15:05:07	04.11.2006 04:05:06	-40.02845	178.1413	4	94.2	830.3	108.1	-40.0304655	178.1408469	-40.028491	178.141467	
03.11.2006	15:05:12	04.11.2006 04:05:11	-40.0284667	178.1414333	4.2	99.3	829.8	117.2	-40.0304655	178.1408469	-40.0285282	178.14159	
03.11.2006	15:05:17	04.11.2006 04:05:16	-40.0285167	178.14155	4.1	109.8	827.2	125.9	-40.0304655	178.1408469	-40.0285959	178.1416912	
03.11.2006	15:05:22	04.11.2006 04:05:21	-40.0285667	178.14165	4.2	117.9	827	133.9	-40.0304655	178.1408469	-40.0286609	178.1417756	
03.11.2006	15:05:27	04.11.2006 04:05:26	-40.0286333	178.14175	4.3	123.7	827.2	143.4	-40.0304655	178.1408469	-40.0287416	178.1418551	
03.11.2006	15:05:32	04.11.2006 04:05:31	-40.0287167	178.1418333	4.2	132.9	823.4	151.7	-40.0304655	178.1408469	-40.0288363	178.1419154	
03.11.2006	15:05:37	04.11.2006 04:05:36	-40.0288	178.1419167	4.2	141.1	819.7	162.6	-40.0304655	178.1408469	-40.0289272	178.1419744	
03.11.2006	15:05:42	04.11.2006 04:05:41	-40.0289	178.1419833	4.3	148.2	820.5	167.5	-40.0304655	178.1408469	-40.0290312	178.1420262	
03.11.2006	15:05:47	04.11.2006 04:05:46	-40.029	178.1420167	4.4	155.7	819.1	171.5	-40.0304655	178.1408469	-40.0291333	178.1420443	
03.11.2006	15:05:52	04.11.2006 04:05:51	-40.0291	178.14205	4.5	164.2	820.8	173.1	-40.0304655	178.1408469	-40.0292344	178.1420708	
03.11.2006	15:05:57	04.11.2006 04:05:56	-40.0292167	178.1420667	4.7	167.6	813.8	173.4	-40.0304655	178.1408469	-40.0293504	178.1420877	
03.11.2006	15:06:02	04.11.2006 04:06:01	-40.0293333	178.1421	5	169	809.4	173.1	-40.0304655	178.1408469	-40.0294674	178.1421214	
03.11.2006	15:06:07	04.11.2006 04:06:06	-40.02945	178.1421167	5.2	171.3	809.8	172	-40.0304655	178.1408469	-40.0295843	178.1421419	
03.11.2006	15:06:12	04.11.2006 04:06:11	-40.0295833	178.1421333	5.5	171.5	805	171.2	-40.0304655	178.1408469	-40.0297161	178.14216	
03.11.2006	15:06:18	04.11.2006 04:06:16	-40.0297167	178.1421667	5.7	171.8	803	169.3	-40.0304655	178.1408469	-40.0298497	178.1421974	
03.11.2006	15:06:23	04.11.2006 04:06:21	-40.02985	178.1422	6	169.9	798.4	168.2	-40.0304655	178.1408469	-40.0299825	178.1422371	
03.11.2006	15:06:28	04.11.2006 04:06:26	-40.03	178.1422333	6.3	170.9	798.1	166.8	-40.0304655	178.1408469	-40.030131	178.1422721	
03.11.2006	15:06:32	04.11.2006 04:06:31	-40.03015	178.1422667	6.4	169.1	794	165.7	-40.0304655	178.1408469	-40.0302813	178.1423094	
03.11.2006	15:06:38	04.11.2006 04:06:36	-40.0303167	178.1423167	6.7	168.2	791.8	164.5	-40.0304655	178.1408469	-40.0304465	178.1423649	
03.11.2006	15:06:43	04.11.2006 04:06:41	-40.0304667	178.14235	6.8	167	791.1	163.8	-40.0304655	178.1408469	-40.0305959	178.1423986	
03.11.2006	15:06:48	04.11.2006 04:06:46	-40.0306333	178.1424167	6.9	166.7	787.6	163	-40.0304655	178.1408469	-40.030763	178.1424673	
03.11.2006	15:06:53	04.11.2006 04:06:51	-40.0307833	178.1424667	7.1	165.1	785.1	162	-40.0304655	178.1408469	-40.0309115	178.1425204	
03.11.2006	15:06:58	04.11.2006 04:06:56	-40.03095	178.1425333	7.3	164.5	781.7	162.1	-40.0304655	178.1408469	-40.0310785	178.1425866	
03.11.2006	15:07:03	04.11.2006 04:07:01	-40.0311167	178.1425833	7.4	163.9	780.5	162.1	-40.0304655	178.1408469	-40.0312456	178.1426373	
03.11.2006	15:07:08	04.11.2006 04:07:06	-40.0313	178.14265	7.5	163.3	776.1	161.7	-40.0304655	178.1408469	-40.0314284	178.1427036	
03.11.2006	15:07:13	04.11.2006 04:07:11	-40.0314667	178.1427167	7.7	163.5	774.9	161.7	-40.0304655	178.1408469	-40.0315954	178.1427698	
03.11.2006	15:07:18	04.11.2006 04:07:16	-40.03165	178.1427833	7.8	163	772	162.7	-40.0304655	178.1408469	-40.0317792	178.1428349	
03.11.2006	15:07:23	04.11.2006 04:07:21	-40.0318167	178.14285	7.7	163.6	767.9	162.9	-40.0304655	178.1408469	-40.0319462	178.1429012	
03.11.2006	15:07:28	04.11.2006 04:07:26	-40.032	178.1429333	7.9	163.8	764.5	163	-40.0304655	178.1408469	-40.0321291	178.1429844	
03.11.2006	15:07:33	04.11.2006 04:07:31	-40.0321667	178.1429833	7.9	164.3	763.6	164.2	-40.0304655	178.1408469	-40.0322961	178.1430326	
03.11.2006	15:07:38	04.11.2006 04:07:36	-40.03235	178.14305	8	164.4	757.7	163.7	-40.0304655	178.1408469	-40.0324799	178.1430988	
03.11.2006	15:07:43	04.11.2006 04:07:41	-40.0325333	178.1431167	8	165.9	758.6	164.7	-40.0304655	178.1408469	-40.0326636	178.1431615	
03.11.2006	15:07:48	04.11.2006 04:07:46	-40.0327167	178.1431667	8	164.9	754.2	164.2	-40.0304655	178.1408469	-40.0328464	178.1432158	
03.11.2006	15:07:53	04.11.2006 04:07:51	-40.0329	178.1432167	8.1	166.4	750.6	164.5	-40.0304655	178.1408469	-40.0330293	178.1432652	
03.11.2006	15:07:58	04.11.2006 04:07:56	-40.0330833	178.1432833	8.1	165.1	749	164.9	-40.0304655	178.1408469	-40.0332139	178.143329	
03.11.2006	15:08:03	04.11.2006 04:08:01	-40.0332667	178.14335	8.2	166.4	745.8	163.8	-40.0304655	178.1408469	-40.0333958	178.1433989	
03.11.2006	15:08:08	04.11.2006 04:08:06	-40.03345	178.1434167	8.2	165.5	744	164.7	-40.0304655	178.1408469	-40.0335805	178.1434616	
03.11.2006	15:08:13	04.11.2006 04:08:11	-40.0336333	178.1434667	8.3	166.3	744.4	164	-40.0304655	178.1408469	-40.0337624	178.1435158	
03.11.2006	15:08:18	04.11.2006 04:08:16	-40.0338167	178.1435333	8.3	165.4	741.1	164.9	-40.0304655	178.1408469	-40.0339471	178.1435785	
03.11.2006	15:08:23	04.11.2006 04:08:21	-40.034	178.1436	8.3	166	742.7	164.7	-40.0304655	178.1408469	-40.0341308	178.1436448	
03.11.2006	15:08:28	04.11.2006 04:08:27	-40.0342	178.1436667	8.4	164.9	742.1	165.4	-40.0304655	178.1408469	-40.0343304	178.1437123	
03.11.2006	15:08:33	04.11.2006 04:08:32	-40.0343833	178.1437167	8.3	167.1	741.8	165.4	-40.0304655	178.1408469	-40.0345141	178.1437617	
03.11.2006	15:08:38	04.11.2006 04:08:37	-40.0345667	178.1437833	8.4	165.4	736.3	165.4	-40.0304655	178.1408469	-40.0346969	178.143828	
03.11.2006	15:08:43	04.11.2006 04:08:42	-40.0347667	178.1438333	8.4	167	735.4	165.9	-40.0304655	178.1408469	-40.0348983	178.1438762	
03.11.2006	15:08:48	04.11.2006 04:08:47	-40.03495	178.1439	8.5	166.3	734.4	165.6	-40.0304655	178.1408469	-40.0350811	178.1439425	
03.11.2006	15:08:53	04.11.2006 04:08:52	-40.03515	178.14395	8.5	167.1	734	166.1	-40.0304655	178.1408469	-40.0352816	178.1439931	
03.11.2006	15:08:58	04.11.2006 04:08:57	-40.0353333	178.1440167	8.4	166.7	732.7	165.9	-40.0304655	178.1408469	-40.0354644	178.1440594	
03.11.2006	15:09:03	04.11.2006 04:09:02	-40.0355333	178.1440667	8.5	167.2	731.6	165	-40.0304655	178.1408469	-40.0356639	178.1441124	
03.11.2006	15:09:08	04.11.2006 04:09:07	-40.0357167	178.1441333	8.5	167.1	731.7	165.3	-40.0304655	178.1408469	-40.0358467	178.1441787	
03.11.2006	15:09:13	04.11.2006 04:09:12	-40.0359	178.1442	8.5	166.8	731.5	165.6	-40.0304655	178.1408469	-40.0360314	178.1442426	
03.11.2006	15:09:18	04.11.2006 04:09:17	-40.0361	178.14425	8.5	166.5	731.7	165	-40.0304655	178.1408469	-40.03623	178.1442956	
03.11.2006	15:09:23	04.11.2006 04:09:22	-40.0362833	178.1443167	8.6	166.7	731.3	165.7	-40.0304655	178.1408469	-40.0364146	178.1443595	
03.11.2006	15:09:28	04.11.2006 04:09:27	-40.0364833	178.1443833	8.6	166.9	732.2	165	-40.0304655	178.1408469	-40.0366142	178.1444282	
03.11.2006	15:09:33	04.11.2006 04:09:32	-40.0366833	178.14445	8.6	166.1	731.9	165.9	-40.0304655	178.1408469	-40.0368146	178.1444932	
03.11.2006	15:09:38	04.11.2006 04:09:37	-40.0369167	178.1445167	8.7	167.2	732.9	164.5	-40.0304655	178.1408469	-40.0369965	178.1445487	
03.11.2006	15:09:43	04.11.2006 04:09:42	-40.0370667	178.14455	8.7	166.2	733.1	166.4	-40.0304655	178.1408469	-40.0371979	178.1445933	
03.11.2006	15:09:48	04.11.2006 04:09:47	-40.0373	178.1446167	8.5	167.4	736	164.8	-40.0304655	178.1408469	-40.0373974	178.144662	
03.11.2006	15:09:53	04.11.2006 04:09:52	-40.03745	178.1446667	8.6	167	736	165.7	-40.0304655	178.1408469	-40.0375811	178.144709	
03.11.2006	15:09:58	04.11.2006 04:09:57	-40.03765	178.1447167	8.5	166.4	737.2	164.8	-40.0304655	178.1408469	-40.0377806	178.144762	
03.11.2006	15:10:03	04.11.2006 04:10:02	-40.0378333	178.1447833	8.3	166.8	741.1	164.5	-40.0304655	178.1408469	-40.0379625	178.1448319	
03.11.2006	15:10:08	04.11.2006 04:10:07	-40.038	178.1448333	8.2	165.5	745.5	164.2	-40.0304655	178.1408469	-40.0381295	178.1448825	
03.11.2006	15:10:13	04.11.2006 04:10:12	-40.0382167	178.1449167	8.1	165.8	749.1	164.2	-40.0304655	178.1408469	-40.0383124	178.1449488	
03.11.2006	15:10:18	04.11.2006 04:10:17	-40.0384	178.1449833	7.9	165.4	753.8	164.1	-40.0304655	178.1408469	-40.0384961	178.1450151	
03.11.2006	15:10:23	04.11.2006 04:10:22	-40.0385667	178.14505	7.8	164.9	755.3	165.1	-40.0304655	178.1408469	-40.038664	178.145079	
03.11.2006	15:10:28	04.11.2006 04:10:27	-40.03875	178.1451	7.7	165.3	756.9	165.2	-40.0304655	178.1408469	-40.0388468	178.1451284	
03.11.2006	15:10:33	04.11.2006 04:10:32	-40.0389167	178.14515	7.7	165.6	763.4	165.5	-40.0304655	178.1408469	-40.0390148	178.1451923	
03.11.2006	15:10:38	04.11.2006 04:10:37	-40.0390833	178.1452167	7.5	165.3	766.3	166.9	-40.0304655	178.1408469	-40.0391809	178.1452393	
03.11.2006	15:10:43	04.11.2006 04:10:42	-40.03925	178.14525	7.5	166.7	767.7	167.6	-40.0304655	178.1408469	-40.0393489	178.1452863	
03.11.2006	15:10:48	04.11.2006 04:10:47	-40.0394167	178.1453	7.4	167.2	767.9	171.9	-40.0304655	178.1408469	-40.0395178	178.145308	
03.11.2006	15:10:53	04.11.2006 04:10:52	-40.0395833	178.1453333	7.1	168.8	768.3	177.2	-40.0304655	178.1408469	-40.0396848	178.1453429	
03.11.2006	15:10:58	04.11.2006 04:10:57	-40.0397333	178.14535	6.8	171	767.9	183.1	-40.0304655	178.1408469	-40.0398685	178.1453405	
03.11.2006	15:11:03	04.11.2006 04:11:02	-40.0398833	178.14535	6.5	177.6	768.5	189.7	-40.0304655	178.1408469	-40.0399836	178.1453357	
03.11.2006	15:11:08	04.11.2006 04:11:07	-40.0400167	178.1453333	6	180.8	769.4	195.4	-40.0304655	178.1408469	-40.0401135	178.1452887	
03.11.2006	15:11:13	04.11.2006 04:11:12	-40.0401333	178.1453	5.6	185.6	770.8	200.8	-40.0304655	178.1408469	-40.0402592	178.1452369	
03.11.2006	15:11:18	04.11.2006 04:11:17	-40.0402333	178.1452667	5.3	190	770.6	205.9	-40.0304655	178.1408469	-40.0403548	178.1451898	
03.11.2006	15:11:23	04.11.2006 04:11:22	-40.04035	178.1452167	4.9	192.8	772.6	210.5	-40.0304655	178.1408469	-40.0404494	178.1451465	
03.11.2006	15:11:28	04.11.2006 04:11:27	-40.04045	178.1451667	4.5	198.9	772.6	214.9	-40.0304655	178.1408469	-40.0405608	178.1450657	
03.11.2006	15:11:33	04.11.2006 04:11:32	-40.0405333	178.1451167	4.2	202.2	774.6	219.4	-40.0304655	178.1408469	-40.040622	178.1450067	
03.11.2006	15:11:38	04.11.2006 04:11:37	-40.0406167	178.14505	4	206.9	773.7	223.6	-40.0304655	178.1408469	-40.0406972	178.144944	
03.11.2006	15:11:43	04.11.2006 04:11:42	-40.0406667	178.145	3.7	209.1	774.5	227.3	-40.0304655	178.1408469	-40.0407593	178.1448717	
03.11.2006	15:11:48	04.11.2006 04:11:47	-40.0407333	178.1449333	3.5	212.1	776.6	230.9	-40.0304655	178.1408469	-40.0408178	178.144797	
03.11.2006	15:11:53	04.11.2006 04:11:52	-40.0407833	178.1448833	3.4	216	775.8	234.9	-40.0304655	178.1408469	-40.0408605	178.144756	
03.11.2006	15:11:58	04.11.2006 04:11:57	-40.0408333	178.1448167	3	218.7	777.6	238.1	-40.0304655	178.1408469	-40.040905	178.1446849	
03.11.2006	15:12:03	04.11.2006 04:12:02	-40.0408833	178.14475	2.9	221.6	777.9	242.6	-40.0304655	178.1408469	-40.0409449	178.1445945	
03.11.2006	15:12:08	04.11.2006 04:12:07	-40.0409167	178.1447	2.7	224.7	778.5	246.6	-40.0304655	178.1408469	-40.0409737	178.1445415	
03.11.2006	15:12:13	04.11.2006 04:12:12	-40.0409667	178.1446333	2.5	226.5	777.9	249.1	-40.0304655	178.1408469	-40.0410155	178.1444872	
03.11.2006	15:12:18	04.11.2006 04:12:17	-40.041	178.1445833	2.4	223.8	779.4	251.7	-40.0304655	178.1408469	-40.0410414	178.1444161	
03.11.2006	15:12:23	04.11.2006 04:12:22	-40.0410167	178.1445333	2.3	232.1	778	255.1	-40.0304655	178.1408469	-40.0410516	178.1443812	
03.11.2006	15:12:28	04.11.2006 04:12:27	-40.04105	178.1445	2.1	232.1	778.8	257.1	-40.0304655	178.1408469	-40.0410832	178.1443294	
03.11.2006	15:12:33	04.11.2006 04:12:32	-40.0410833	178.14445	2	232.2	779.2	259.7	-40.0304655	178.1408469	-40.0411092	178.1442787	
03.11.2006	15:12:38	04.11.2006 04:12:37	-40.0411	178.1444	1.8	231.1	779.8	261.6	-40.0304655	178.1408469	-40.0411194	178.1442257	
03.11.2006	15:12:43	04.11.2006 04:12:42	-40.0411167	178.14435	1.7	236.2	778.8	264.2	-40.0304655	178.1408469	-40.0411314	178.144192	
03.11.2006	15:12:48	04.11.2006 04:12:47	-40.0411333	178.1443167	1.6	238.3	779	266.7	-40.0304655	178.1408469	-40.0411435	178.1441413	
03.11.2006	15:12:53	04.11.2006 04:12:52	-40.0411667	178.1442833	1.6	240.5	779.4	269.1	-40.0304655	178.1408469	-40.0411686	178.1441076	
03.11.2006	15:12:58	04.11.2006 04:12:57	-40.0411833	178.14425	1.5	238.9	780.1	270.8	-40.0304655	178.1408469	-40.0411834	178.144075	
03.11.2006	15:13:03	04.11.2006 04:13:02	-40.0412	178.1442167	1.3	243.8	779.9	272.6	-40.0304655	178.1408469	-40.0411945	178.1440413	
03.11.2006	15:13:08	04.11.2006 04:13:07	-40.0412167	178.1441833	1.3	241.8	779.6	274.4	-40.0304655	178.1408469	-40.0412066	178.1440076	
03.11.2006	15:13:13	04.11.2006 04:13:12	-40.0412167	178.14415	1.2	245.7	779.8	276.7	-40.0304655	178.1408469	-40.0412001	178.1439762	
03.11.2006	15:13:18	04.11.2006 04:13:17	-40.0412333	178.1441167	1.2	244.6	780.4	277.7	-40.0304655	178.1408469	-40.041214	178.1439425	
03.11.2006	15:13:23	04.11.2006 04:13:22	-40.04125	178.1440833	1.2	242.6	780.3	279.7	-40.0304655	178.1408469	-40.0412261	178.1439099	
03.11.2006	15:13:28	04.11.2006 04:13:27	-40.04125	178.14405	1	254	780.2	281.2	-40.0304655	178.1408469	-40.0412242	178.1438786	
03.11.2006	15:13:33	04.11.2006 04:13:32	-40.0412667	178.1440167	1.1	243.4	780.8	282.8	-40.0304655	178.1408469	-40.0412382	178.1438449	
03.11.2006	15:13:38	04.11.2006 04:13:37	-40.0412667	178.144	0.9	254.7	780.7	283.7	-40.0304655	178.1408469	-40.0412335	178.1438292	
03.11.2006	15:13:43	04.11.2006 04:13:42	-40.0412667	178.1439833	0.9	245.7	781.1	285	-40.0304655	178.1408469	-40.0412316	178.1438135	
03.11.2006	15:13:48	04.11.2006 04:13:47	-40.0412667	178.1439667	0.8	249.2	783.1	285.9	-40.0304655	178.1408469	-40.0412289	178.1437991	
03.11.2006	15:13:53	04.11.2006 04:13:52	-40.0412667	178.14395	0.9	235.4	783.7	286.9	-40.0304655	178.1408469	-40.041227	178.1437822	
03.11.2006	15:13:58	04.11.2006 04:13:57	-40.0412667	178.14395	0.8	250	783.9	287.7	-40.0304655	178.1408469	-40.0412252	178.1437834	
03.11.2006	15:14:03	04.11.2006 04:14:02	-40.0412833	178.1439167	0.7	250.2	784.8	288.7	-40.0304655	178.1408469	-40.0412391	178.1437509	
03.11.2006	15:14:08	04.11.2006 04:14:07	-40.0412833	178.1439167	0.5	256.6	780.8	289.2	-40.0304655	178.1408469	-40.0412391	178.1437509	
03.11.2006	15:14:13	04.11.2006 04:14:12	-40.0413	178.1439	0.7	232	782.1	289.9	-40.0304655	178.1408469	-40.0412539	178.1437352	
03.11.2006	15:14:18	04.11.2006 04:14:17	-40.0413	178.1438833	0.8	236.6	786.5	290.2	-40.0304655	178.1408469	-40.0412539	178.1437183	
03.11.2006	15:14:23	04.11.2006 04:14:22	-40.0413167	178.14385	0.6	250.5	784.2	290.9	-40.0304655	178.1408469	-40.0412678	178.143687	
03.11.2006	15:14:28	04.11.2006 04:14:27	-40.0413167	178.1438333	0.8	232.5	783.6	291.1	-40.0304655	178.1408469	-40.0412678	178.1436701	
03.11.2006	15:14:33	04.11.2006 04:14:32	-40.0413333	178.1438167	0.6	237.2	781.6	291.7	-40.0304655	178.1408469	-40.0412827	178.1436544	
03.11.2006	15:14:38	04.11.2006 04:14:37	-40.04135	178.1438	0.6	229.9	785.3	291.7	-40.0304655	178.1408469	-40.0412994	178.1436376	
03.11.2006	15:14:43	04.11.2006 04:14:42	-40.04135	178.1438	0.5	231.2	782.2	291.9	-40.0304655	178.1408469	-40.0412994	178.1436376	
03.11.2006	15:14:48	04.11.2006 04:14:47	-40.04135	178.1438	0.6	228.1	785.7	292.1	-40.0304655	178.1408469	-40.0412994	178.1436376	
03.11.2006	15:14:53	04.11.2006 04:14:52	-40.0413667	178.1437667	0.7	222.7	783	292	-40.0304655	178.1408469	-40.0413161	178.143605	
03.11.2006	15:14:58	04.11.2006 04:14:57	-40.0413833	178.1437667	0.6	219.5	787	292.4	-40.0304655	178.1408469	-40.0413328	178.143605	
03.11.2006	15:15:03	04.11.2006 04:15:02	-40.0413833	178.14375	0.5	224.6	785.6	292.9	-40.0304655	178.1408469	-40.0413309	178.1435894	
03.11.2006	15:15:08	04.11.2006 04:15:07	-40.0414	178.14375	0.8	217.7	786.3	294.1	-40.0304655	178.1408469	-40.0413449	178.1435906	
03.11.2006	15:15:13	04.11.2006 04:15:12	-40.0414	178.14375	0.6	221.3	787.8	294.6	-40.0304655	178.1408469	-40.041343	178.1435918	
03.11.2006	15:15:18	04.11.2006 04:15:17	-40.0414	178.1437333	0.5	214.2	784	295.4	-40.0304655	178.1408469	-40.041343	178.1435749	
03.11.2006	15:15:23	04.11.2006 04:15:22	-40.0414167	178.1437333	0.3	213.2	786.2	295.7	-40.0304655	178.1408469	-40.0413578	178.1435761	
03.11.2006	15:15:28	04.11.2006 04:15:27	-40.0414167	178.1437333	0.6	211.2	788.3	296.9	-40.0304655	178.1408469	-40.0413551	178.1435773	
03.11.2006	15:15:33	04.11.2006 04:15:32	-40.0414333	178.1437333	0.3	206	788.7	297.2	-40.0304655	178.1408469	-40.0413718	178.1435773	
03.11.2006	15:15:38	04.11.2006 04:15:37	-40.0414333	178.1437333	0.4	205.3	788.5	298.1	-40.0304655	178.1408469	-40.0413699	178.1435785	
03.11.2006	15:15:43	04.11.2006 04:15:42	-40.04145	178.1437167	0.3	201.1	788	298.2	-40.0304655	178.1408469	-40.0413866	178.1435616	
03.11.2006	15:15:48	04.11.2006 04:15:47	-40.04145	178.1437333	0.4	193.1	785.1	299.1	-40.0304655	178.1408469	-40.0413848	178.1435797	
03.11.2006	15:15:53	04.11.2006 04:15:52	-40.0414667	178.1437167	0.4	182.9	788.2	299	-40.0304655	178.1408469	-40.0414015	178.1435628	
03.11.2006	15:15:58	04.11.2006 04:15:57	-40.0414833	178.1437	0.5	187.6	795	300.1	-40.0304655	178.1408469	-40.0414163	178.1435484	
03.11.2006	15:16:03	04.11.2006 04:16:02	-40.0415	178.1437	0.4	189.7	788.9	300.4	-40.0304655	178.1408469	-40.041433	178.1435484	
03.11.2006	15:16:08	04.11.2006 04:16:07	-40.0415	178.1437	0.4	176.7	787.4	300.9	-40.0304655	178.1408469	-40.0414312	178.1435496	
03.11.2006	15:16:13	04.11.2006 04:16:12	-40.0415167	178.1437	0.5	181.3	788.4	300.7	-40.0304655	178.1408469	-40.0414479	178.1435496	
03.11.2006	15:16:18	04.11.2006 04:16:17	-40.0415167	178.1437	0.6	187.9	787.9	301.6	-40.0304655	178.1408469	-40.0414451	178.1435508	
03.11.2006	15:16:23	04.11.2006 04:16:22	-40.0415333	178.1437	0.4	169.5	788	301.3	-40.0304655	178.1408469	-40.0414646	178.1435496	
03.11.2006	15:16:28	04.11.2006 04:16:27	-40.04155	178.1437	0.5	183.5	788.8	301.9	-40.0304655	178.1408469	-40.0414785	178.1435508	
03.11.2006	15:16:33	04.11.2006 04:16:32	-40.0415667	178.1437	0.4	176.9	787.4	302.2	-40.0304655	178.1408469	-40.0414952	178.1435508	
03.11.2006	15:16:38	04.11.2006 04:16:37	-40.0415667	178.1437	0.6	177.9	789	301.9	-40.0304655	178.1408469	-40.0414952	178.1435508	
03.11.2006	15:16:43	04.11.2006 04:16:42	-40.0415833	178.1437	0.5	155.1	788.3	301.5	-40.0304655	178.1408469	-40.0415119	178.1435508	
03.11.2006	15:16:48	04.11.2006 04:16:47	-40.0416	178.1437	0.6	169.3	787.6	302	-40.0304655	178.1408469	-40.0415277	178.1435508	
03.11.2006	15:16:53	04.11.2006 04:16:52	-40.0416167	178.1437	0.5	157.3	788.2	301.9	-40.0304655	178.1408469	-40.0415444	178.1435508	
03.11.2006	15:16:58	04.11.2006 04:16:57	-40.0416333	178.1437	0.6	173.3	787.6	302.3	-40.0304655	178.1408469	-40.0415611	178.1435508	
03.11.2006	15:17:03	04.11.2006 04:17:02	-40.04165	178.1437167	0.5	156.8	787.9	302	-40.0304655	178.1408469	-40.0415778	178.1435677	
03.11.2006	15:17:08	04.11.2006 04:17:07	-40.04165	178.1437333	0.6	167	789.6	302	-40.0304655	178.1408469	-40.0415778	178.1435845	
03.11.2006	15:17:13	04.11.2006 04:17:12	-40.0416667	178.14375	0.6	160.3	788.9	301.9	-40.0304655	178.1408469	-40.0415945	178.1436014	
03.11.2006	15:17:18	04.11.2006 04:17:17	-40.0416833	178.14375	0.6	162.8	789.9	301.9	-40.0304655	178.1408469	-40.0416112	178.1436014	
03.11.2006	15:17:23	04.11.2006 04:17:22	-40.0416833	178.1437667	0.6	161.4	788.8	301.9	-40.0304655	178.1408469	-40.0416112	178.1436183	
03.11.2006	15:17:28	04.11.2006 04:17:27	-40.0417	178.1437833	0.6	158.9	789.3	301.7	-40.0304655	178.1408469	-40.0416279	178.143634	
03.11.2006	15:17:33	04.11.2006 04:17:32	-40.0417167	178.1437833	0.7	162	789.2	301.3	-40.0304655	178.1408469	-40.0416474	178.1436328	
03.11.2006	15:17:39	04.11.2006 04:17:37	-40.0417333	178.1437833	0.7	154.3	789.6	301.3	-40.0304655	178.1408469	-40.0416641	178.1436328	
03.11.2006	15:17:43	04.11.2006 04:17:42	-40.04175	178.1437833	0.7	159.6	789.3	301.3	-40.0304655	178.1408469	-40.0416808	178.1436328	
03.11.2006	15:17:49	04.11.2006 04:17:47	-40.0417667	178.1438	0.7	158.5	789.4	300.9	-40.0304655	178.1408469	-40.0416975	178.1436496	
03.11.2006	15:17:53	04.11.2006 04:17:52	-40.0417833	178.1438	0.8	163	789.3	300.8	-40.0304655	178.1408469	-40.0417142	178.1436496	
03.11.2006	15:17:59	04.11.2006 04:17:57	-40.0418167	178.1438	0.7	154.2	789.2	301	-40.0304655	178.1408469	-40.0417476	178.1436496	
03.11.2006	15:18:04	04.11.2006 04:18:02	-40.0418333	178.1438167	1	166.2	790	300.3	-40.0304655	178.1408469	-40.0417661	178.1436653	
03.11.2006	15:18:09	04.11.2006 04:18:07	-40.04185	178.1438333	0.9	150.8	790.1	299.7	-40.0304655	178.1408469	-40.0417828	178.1436822	
03.11.2006	15:18:14	04.11.2006 04:18:12	-40.0418667	178.1438333	1.1	168.7	790.9	299	-40.0304655	178.1408469	-40.0418014	178.1436798	
03.11.2006	15:18:19	04.11.2006 04:18:17	-40.0419	178.14385	1	160.5	789.9	298.2	-40.0304655	178.1408469	-40.0418366	178.1436954	
03.11.2006	15:18:24	04.11.2006 04:18:22	-40.0419167	178.14385	1	153.5	790.9	297	-40.0304655	178.1408469	-40.0418552	178.1436942	
03.11.2006	15:18:29	04.11.2006 04:18:27	-40.04195	178.1438667	1	155.8	789.4	297	-40.0304655	178.1408469	-40.0418886	178.1437111	
03.11.2006	15:18:34	04.11.2006 04:18:32	-40.0419667	178.1438833	1.1	160.6	791.1	296.3	-40.0304655	178.1408469	-40.0419081	178.1437256	
03.11.2006	15:18:39	04.11.2006 04:18:37	-40.0419833	178.1439	1.1	158.5	791.2	295.7	-40.0304655	178.1408469	-40.0419248	178.1437424	
03.11.2006	15:18:44	04.11.2006 04:18:42	-40.042	178.1439167	1	150	791	294.5	-40.0304655	178.1408469	-40.0419452	178.1437569	
03.11.2006	15:18:49	04.11.2006 04:18:47	-40.0420167	178.1439333	1	156	790.7	293.7	-40.0304655	178.1408469	-40.041961	178.1437738	
03.11.2006	15:18:54	04.11.2006 04:18:52	-40.04205	178.14395	1	153	791	292.8	-40.0304655	178.1408469	-40.0419972	178.1437894	
03.11.2006	15:18:59	04.11.2006 04:18:57	-40.0420667	178.1439667	1	149.7	791.7	292	-40.0304655	178.1408469	-40.0420157	178.1438051	
03.11.2006	15:19:04	04.11.2006 04:19:02	-40.0420833	178.144	1.1	147.9	791.7	291.2	-40.0304655	178.1408469	-40.0420324	178.1438376	
03.11.2006	15:19:09	04.11.2006 04:19:07	-40.0421	178.1440167	1	144.1	791.6	290.5	-40.0304655	178.1408469	-40.0420538	178.1438521	
03.11.2006	15:19:14	04.11.2006 04:19:12	-40.0421333	178.1440167	1.1	144.2	791.9	289.3	-40.0304655	178.1408469	-40.0420872	178.1438521	
03.11.2006	15:19:19	04.11.2006 04:19:17	-40.04215	178.1440333	1.1	150.8	791.6	288.7	-40.0304655	178.1408469	-40.0421058	178.1438678	
03.11.2006	15:19:24	04.11.2006 04:19:22	-40.0421667	178.1440667	1.1	145.3	791.9	287.5	-40.0304655	178.1408469	-40.0421252	178.1439003	
03.11.2006	15:19:29	04.11.2006 04:19:27	-40.0421833	178.1440833	1.1	138.9	791.7	286.3	-40.0304655	178.1408469	-40.0421456	178.1439148	
03.11.2006	15:19:34	04.11.2006 04:19:32	-40.0422	178.1441	1.1	143.6	791.3	285.8	-40.0304655	178.1408469	-40.0421624	178.1439316	
03.11.2006	15:19:39	04.11.2006 04:19:37	-40.0422167	178.1441333	1.2	143.3	792.4	284.7	-40.0304655	178.1408469	-40.0421818	178.1439642	
03.11.2006	15:19:44	04.11.2006 04:19:42	-40.0422333	178.14415	1.1	136.3	791.5	283.7	-40.0304655	178.1408469	-40.0422004	178.1439798	
03.11.2006	15:19:49	04.11.2006 04:19:48	-40.0422667	178.1441667	1.2	142.1	792.9	282.2	-40.0304655	178.1408469	-40.0422384	178.1439955	
03.11.2006	15:19:54	04.11.2006 04:19:53	-40.0422833	178.1441833	1.1	142.9	792	281.3	-40.0304655	178.1408469	-40.0422579	178.1440112	
03.11.2006	15:19:59	04.11.2006 04:19:58	-40.0423	178.1442167	1	130.2	792.1	279.8	-40.0304655	178.1408469	-40.0422765	178.1440437	
03.11.2006	15:20:04	04.11.2006 04:20:03	-40.0423333	178.1442333	1.3	147.2	792.5	279.1	-40.0304655	178.1408469	-40.0423127	178.1440606	
03.11.2006	15:20:09	04.11.2006 04:20:08	-40.04235	178.1442667	1.2	144	793	277.2	-40.0304655	178.1408469	-40.042334	178.1440919	
03.11.2006	15:20:14	04.11.2006 04:20:13	-40.0423667	178.1442833	1.1	143.4	793.8	276.4	-40.0304655	178.1408469	-40.0423526	178.1441088	
03.11.2006	15:20:19	04.11.2006 04:20:18	-40.0423833	178.1443167	1.1	135.9	792.1	275.2	-40.0304655	178.1408469	-40.0423693	178.1441426	
03.11.2006	15:20:24	04.11.2006 04:20:23	-40.0424	178.14435	1.2	136.9	793.8	274.3	-40.0304655	178.1408469	-40.0423906	178.1441751	
03.11.2006	15:20:29	04.11.2006 04:20:28	-40.0424167	178.1443667	1.1	135.6	792.8	273.3	-40.0304655	178.1408469	-40.0424101	178.1441908	
03.11.2006	15:20:34	04.11.2006 04:20:33	-40.0424333	178.1444	1.2	132.9	793.8	272.6	-40.0304655	178.1408469	-40.0424268	178.1442245	
03.11.2006	15:20:39	04.11.2006 04:20:38	-40.04245	178.1444167	1.1	134.6	794.6	271.8	-40.0304655	178.1408469	-40.0424444	178.1442414	
03.11.2006	15:20:44	04.11.2006 04:20:43	-40.0424667	178.14445	1.2	137.8	793.9	271.3	-40.0304655	178.1408469	-40.0424639	178.1442751	
03.11.2006	15:20:49	04.11.2006 04:20:48	-40.0424833	178.1444667	1	131.6	793.4	269.8	-40.0304655	178.1408469	-40.0424825	178.1442908	
03.11.2006	15:20:54	04.11.2006 04:20:53	-40.0425	178.1445	1.1	135.6	793.5	268.8	-40.0304655	178.1408469	-40.042502	178.1443245	
03.11.2006	15:20:59	04.11.2006 04:20:58	-40.0425167	178.1445167	1.1	134.7	794.3	268.4	-40.0304655	178.1408469	-40.0425214	178.1443414	
03.11.2006	15:21:04	04.11.2006 04:21:03	-40.04255	178.14455	1.1	134	794.4	267.4	-40.0304655	178.1408469	-40.0425567	178.1443752	
03.11.2006	15:21:09	04.11.2006 04:21:08	-40.0425667	178.1445833	1.3	135.3	795.6	266.2	-40.0304655	178.1408469	-40.0425762	178.1444077	
03.11.2006	15:21:14	04.11.2006 04:21:13	-40.0425833	178.1446	1.2	139.2	795.2	264.9	-40.0304655	178.1408469	-40.0425948	178.1444258	
03.11.2006	15:21:19	04.11.2006 04:21:18	-40.0426	178.1446167	1.1	141.2	794.9	264.6	-40.0304655	178.1408469	-40.0425948	178.1444426	
03.11.2006	15:21:24	04.11.2006 04:21:23	-40.0426167	178.1446333	0.9	130.7	794.4	263.2	-40.0304655	178.1408469	-40.0426161	178.1444595	
03.11.2006	15:21:29	04.11.2006 04:21:28	-40.0426333	178.1446667	1.1	137	795.4	262.3	-40.0304655	178.1408469	-40.0426523	178.144492	
03.11.2006	15:21:34	04.11.2006 04:21:33	-40.04265	178.1446833	1	136.6	795.4	261.4	-40.0304655	178.1408469	-40.0426708	178.1445101	
03.11.2006	15:21:39	04.11.2006 04:21:38	-40.0426667	178.1447	1.1	137.9	795.1	261	-40.0304655	178.1408469	-40.0426875	178.144527	
03.11.2006	15:21:44	04.11.2006 04:21:43	-40.0426833	178.1447333	1	136.1	794.9	260	-40.0304655	178.1408469	-40.042707	178.1445439	
03.11.2006	15:21:49	04.11.2006 04:21:48	-40.0427	178.14475	1.1	136.4	795.7	259.3	-40.0304655	178.1408469	-40.0427256	178.144562	
03.11.2006	15:21:54	04.11.2006 04:21:53	-40.0427167	178.1447667	1	138.3	795.2	259.2	-40.0304655	178.1408469	-40.0427423	178.1445945	
03.11.2006	15:21:59	04.11.2006 04:21:58	-40.0427333	178.1447833	1	131.3	795.1	258.2	-40.0304655	178.1408469	-40.0427618	178.1446114	
03.11.2006	15:22:04	04.11.2006 04:22:03	-40.04275	178.1448	1	133.9	796	257.5	-40.0304655	178.1408469	-40.0427785	178.1446282	
03.11.2006	15:22:09	04.11.2006 04:22:08	-40.0427667	178.1448333	1.2	133.9	796.8	256.5	-40.0304655	178.1408469	-40.0427998	178.1446463	
03.11.2006	15:22:14	04.11.2006 04:22:13	-40.0427833	178.14485	1	133.1	795.4	256.2	-40.0304655	178.1408469	-40.0428165	178.1446632	
03.11.2006	15:22:19	04.11.2006 04:22:18	-40.0428	178.1448667	1	138.1	795.8	255.9	-40.0304655	178.1408469	-40.0428332	178.1446957	
03.11.2006	15:22:24	04.11.2006 04:22:23	-40.0428167	178.1448833	1	139.4	797.2	255.2	-40.0304655	178.1408469	-40.0428518	178.1447138	
03.11.2006	15:22:29	04.11.2006 04:22:28	-40.0428333	178.1449167	1	133.5	797.8	254.7	-40.0304655	178.1408469	-40.0428685	178.1447476	
03.11.2006	15:22:34	04.11.2006 04:22:33	-40.04285	178.1449333	0.9	130.7	796.6	254	-40.0304655	178.1408469	-40.042888	178.1447656	
03.11.2006	15:22:39	04.11.2006 04:22:38	-40.0428667	178.14495	0.9	134.8	795	253.5	-40.0304655	178.1408469	-40.0429047	178.1447656	
03.11.2006	15:22:44	04.11.2006 04:22:43	-40.0428833	178.1449833	1.1	135.6	795.5	253	-40.0304655	178.1408469	-40.0429232	178.1447982	
03.11.2006	15:22:49	04.11.2006 04:22:48	-40.0429	178.145	1	134.4	796.7	252.2	-40.0304655	178.1408469	-40.0429409	178.1448331	
03.11.2006	15:22:54	04.11.2006 04:22:53	-40.0429167	178.1450167	0.8	136.3	794.3	251.5	-40.0304655	178.1408469	-40.0429409	178.14485	
03.11.2006	15:22:59	04.11.2006 04:22:58	-40.0429333	178.14505	1	137.4	797.6	250.4	-40.0304655	178.1408469	-40.0429622	178.1448693	
03.11.2006	15:23:04	04.11.2006 04:23:03	-40.0429333	178.1450667	1	131.6	797.6	249.2	-40.0304655	178.1408469	-40.0429817	178.144903	
03.11.2006	15:23:09	04.11.2006 04:23:08	-40.0429667	178.1450833	1	133.4	794.7	248.7	-40.0304655	178.1408469	-40.0429984	178.1449199	
03.11.2006	15:23:14	04.11.2006 04:23:13	-40.0429833	178.1451	0.9	136.6	793.7	247.3	-40.0304655	178.1408469	-40.0430188	178.1449392	
03.11.2006	15:23:19	04.11.2006 04:23:18	-40.043	178.1451167	1	137.2	793.9	246.6	-40.0304655	178.1408469	-40.0430522	178.144956	
03.11.2006	15:23:24	04.11.2006 04:23:23	-40.0430167	178.1451333	1	134.9	797.6	244.7	-40.0304655	178.1408469	-40.0430736	178.1449753	
03.11.2006	15:23:29	04.11.2006 04:23:28	-40.0430333	178.1451667	1	135.1	794.5	244.7	-40.0304655	178.1408469	-40.0430902	178.144991	
03.11.2006	15:23:34	04.11.2006 04:23:33	-40.0430333	178.1451833	0.9	132.6	793.7	243.5	-40.0304655	178.1408469	-40.0430921	178.145026	
03.11.2006	15:23:39	04.11.2006 04:23:38	-40.0430667	178.1452167	1	134.3	794.2	242.7	-40.0304655	178.1408469	-40.0431283	178.1450609	
03.11.2006	15:23:44	04.11.2006 04:23:43	-40.0430667	178.1452333	0.9	134	794.9	241.7	-40.0304655	178.1408469	-40.0431302	178.145079	
03.11.2006	15:23:49	04.11.2006 04:23:48	-40.0430833	178.14525	0.8	135	794.1	241.2	-40.0304655	178.1408469	-40.0431487	178.1450958	
03.11.2006	15:23:54	04.11.2006 04:23:53	-40.0431	178.1452667	0.9	131.3	794.3	240.2	-40.0304655	178.1408469	-40.0431673	178.1451151	
03.11.2006	15:23:59	04.11.2006 04:23:58	-40.0431167	178.1452833	1	133.7	794.6	239.7	-40.0304655	178.1408469	-40.043184	178.145132	
03.11.2006	15:24:04	04.11.2006 04:24:03	-40.0431333	178.1452833	0.8	140.3	794	239.6	-40.0304655	178.1408469	-40.0432007	178.145132	
03.11.2006	15:24:09	04.11.2006 04:24:08	-40.04315	178.1453	0.8	136.8	793.6	238.3	-40.0304655	178.1408469	-40.043222	178.1451513	
03.11.2006	15:24:14	04.11.2006 04:24:13	-40.0431667	178.1453167	0.9	136.4	794.2	238	-40.0304655	178.1408469	-40.0432387	178.1451682	
03.11.2006	15:24:19	04.11.2006 04:24:18	-40.0431667	178.14535	0.8	134.3	794.5	236.7	-40.0304655	178.1408469	-40.0432406	178.1451874	
03.11.2006	15:24:24	04.11.2006 04:24:23	-40.0431833	178.1453667	0.9	136.9	794.9	236.5	-40.0304655	178.1408469	-40.0432591	178.1452212	
03.11.2006	15:24:29	04.11.2006 04:24:28	-40.0432	178.1453667	0.8	132	794	235.7	-40.0304655	178.1408469	-40.0432758	178.1452212	
03.11.2006	15:24:34	04.11.2006 04:24:33	-40.0432167	178.1454	0.8	144	793.6	235.2	-40.0304655	178.1408469	-40.0432944	178.1452561	
03.11.2006	15:24:39	04.11.2006 04:24:38	-40.0432333	178.1454	0.9	138.8	794.7	234.2	-40.0304655	178.1408469	-40.0433129	178.1452586	
03.11.2006	15:24:44	04.11.2006 04:24:43	-40.04325	178.1454167	0.8	135.5	795.2	233.3	-40.0304655	178.1408469	-40.0433315	178.1452766	
03.11.2006	15:24:49	04.11.2006 04:24:48	-40.0432667	178.1454333	0.9	134.4	794.6	232.9	-40.0304655	178.1408469	-40.0433482	178.1452935	
03.11.2006	15:24:54	04.11.2006 04:24:53	-40.0432833	178.1454333	0.7	146.3	793.9	232.4	-40.0304655	178.1408469	-40.0433668	178.1452959	
03.11.2006	15:24:59	04.11.2006 04:24:58	-40.0433	178.1454667	0.9	143.5	794.8	231.2	-40.0304655	178.1408469	-40.0433853	178.1453297	
03.11.2006	15:25:04	04.11.2006 04:25:03	-40.0433167	178.1454833	0.8	139.6	798.3	230.5	-40.0304655	178.1408469	-40.0434039	178.1453489	
03.11.2006	15:25:09	04.11.2006 04:25:08	-40.0433333	178.1454833	0.8	141.3	795	229.8	-40.0304655	178.1408469	-40.0434196	178.1453489	
03.11.2006	15:25:14	04.11.2006 04:25:13	-40.04335	178.1455	0.8	146.6	794.6	229.5	-40.0304655	178.1408469	-40.0434364	178.1453658	
03.11.2006	15:25:19	04.11.2006 04:25:18	-40.04335	178.1455167	0.9	144.8	795.5	228.6	-40.0304655	178.1408469	-40.0434401	178.1453863	
03.11.2006	15:25:24	04.11.2006 04:25:23	-40.0433667	178.1455333	0.8	136.9	795.6	227.7	-40.0304655	178.1408469	-40.0434568	178.145402	
03.11.2006	15:25:29	04.11.2006 04:25:28	-40.0433833	178.14555	0.8	139.6	795.9	227.3	-40.0304655	178.1408469	-40.0434735	178.1454188	
03.11.2006	15:25:34	04.11.2006 04:25:33	-40.0434	178.1455667	0.8	147.5	794.9	227	-40.0304655	178.1408469	-40.0434902	178.1454357	
03.11.2006	15:25:39	04.11.2006 04:25:38	-40.0434167	178.1455833	0.8	153.4	794.8	226.9	-40.0304655	178.1408469	-40.0435087	178.145455	
03.11.2006	15:25:44	04.11.2006 04:25:43	-40.0434167	178.1456167	0.8	148.4	796.2	226.2	-40.0304655	178.1408469	-40.0435106	178.1454912	
03.11.2006	15:25:49	04.11.2006 04:25:48	-40.0434333	178.1456333	0.8	148.4	798.3	225.7	-40.0304655	178.1408469	-40.0435273	178.1455068	
03.11.2006	15:25:54	04.11.2006 04:25:53	-40.04345	178.14565	0.8	147.8	795.8	225.2	-40.0304655	178.1408469	-40.0435449	178.1455261	
03.11.2006	15:25:59	04.11.2006 04:25:58	-40.0434667	178.1456667	0.8	144.9	797.4	224.7	-40.0304655	178.1408469	-40.0435616	178.145543	
03.11.2006	15:26:04	04.11.2006 04:26:03	-40.0434833	178.1456667	0.8	152.2	797.6	224.2	-40.0304655	178.1408469	-40.0435802	178.1455442	
03.11.2006	15:26:09	04.11.2006 04:26:08	-40.0435	178.1456833	0.8	147.3	796.5	224	-40.0304655	178.1408469	-40.0435969	178.1455611	
03.11.2006	15:26:14	04.11.2006 04:26:13	-40.0435167	178.1457	0.8	147.8	799.4	223.2	-40.0304655	178.1408469	-40.0436154	178.1455803	
03.11.2006	15:26:19	04.11.2006 04:26:18	-40.0435333	178.1457	0.8	150	796.3	223.2	-40.0304655	178.1408469	-40.0436321	178.1455803	
03.11.2006	15:26:24	04.11.2006 04:26:23	-40.0435333	178.1457167	0.8	146.6	800	222.3	-40.0304655	178.1408469	-40.043634	178.1455996	
03.11.2006	15:26:29	04.11.2006 04:26:28	-40.04355	178.1457333	0.8	148.1	796.9	221.7	-40.0304655	178.1408469	-40.0436507	178.1456153	
03.11.2006	15:26:34	04.11.2006 04:26:33	-40.0435667	178.14575	0.9	143.8	798.4	221.5	-40.0304655	178.1408469	-40.0436674	178.1456322	
03.11.2006	15:26:39	04.11.2006 04:26:38	-40.0435833	178.14575	0.7	151.5	797.2	221	-40.0304655	178.1408469	-40.043685	178.1456346	
03.11.2006	15:26:44	04.11.2006 04:26:43	-40.0436	178.1457667	0.8	149.4	797.9	220	-40.0304655	178.1408469	-40.0437036	178.1456538	
03.11.2006	15:26:49	04.11.2006 04:26:48	-40.0436167	178.1457833	0.8	142.1	799.6	219.7	-40.0304655	178.1408469	-40.0437203	178.1456707	
03.11.2006	15:26:54	04.11.2006 04:26:53	-40.0436333	178.1458	0.8	151.4	799	220.1	-40.0304655	178.1408469	-40.043737	178.1456876	
03.11.2006	15:26:59	04.11.2006 04:26:58	-40.04365	178.1458	0.7	152.9	798	219.6	-40.0304655	178.1408469	-40.0437537	178.1456876	
03.11.2006	15:27:04	04.11.2006 04:27:03	-40.0436667	178.1458167	0.8	145.8	803.2	218.7	-40.0304655	178.1408469	-40.0437723	178.1457069	
03.11.2006	15:27:09	04.11.2006 04:27:08	-40.0436833	178.1458333	0.8	146.6	799.4	218.7	-40.0304655	178.1408469	-40.043789	178.1457225	
03.11.2006	15:27:14	04.11.2006 04:27:13	-40.0437	178.14585	0.8	144.6	801.5	218.3	-40.0304655	178.1408469	-40.0438066	178.1457418	
03.11.2006	15:27:19	04.11.2006 04:27:18	-40.0437167	178.1458667	0.8	152.9	799.2	218.2	-40.0304655	178.1408469	-40.0438233	178.1457587	
03.11.2006	15:27:24	04.11.2006 04:27:23	-40.0437333	178.1458833	0.8	151.2	802.8	218.2	-40.0304655	178.1408469	-40.04384	178.1457756	
03.11.2006	15:27:29	04.11.2006 04:27:28	-40.0437333	178.1459	0.8	148.6	808.3	217.9	-40.0304655	178.1408469	-40.04384	178.1457924	
03.11.2006	15:27:34	04.11.2006 04:27:33	-40.04375	178.1459167	0.9	152.3	802.5	217.9	-40.0304655	178.1408469	-40.0438567	178.1458093	
03.11.2006	15:27:39	04.11.2006 04:27:38	-40.0437667	178.1459333	0.8	151.6	802.9	217.6	-40.0304655	178.1408469	-40.0438725	178.145825	
03.11.2006	15:27:44	04.11.2006 04:27:43	-40.0437833	178.1459333	0.7	143.6	810.5	217.2	-40.0304655	178.1408469	-40.043891	178.1458274	
03.11.2006	15:27:49	04.11.2006 04:27:48	-40.0438	178.14595	0.8	144.6	812.6	217.6	-40.0304655	178.1408469	-40.0439059	178.1458419	
03.11.2006	15:27:54	04.11.2006 04:27:53	-40.0438167	178.14595	0.8	154.4	803.4	217.6	-40.0304655	178.1408469	-40.0439226	178.1458419	
03.11.2006	15:27:59	04.11.2006 04:27:58	-40.0438333	178.1459833	0.8	148	804.6	217.4	-40.0304655	178.1408469	-40.0439411	178.145878	
03.11.2006	15:28:04	04.11.2006 04:28:03	-40.04385	178.1459833	0.8	145	812.1	217.2	-40.0304655	178.1408469	-40.0439578	178.145878	
03.11.2006	15:28:09	04.11.2006 04:28:08	-40.0438667	178.146	0.8	142.9	811.6	217.7	-40.0304655	178.1408469	-40.0439727	178.1458925	
03.11.2006	15:28:14	04.11.2006 04:28:13	-40.0438833	178.1460167	0.8	149.5	804.3	217.7	-40.0304655	178.1408469	-40.0439894	178.1459094	
03.11.2006	15:28:19	04.11.2006 04:28:18	-40.0439	178.1460167	0.9	153.1	803.5	218.6	-40.0304655	178.1408469	-40.0440051	178.145907	
03.11.2006	15:28:24	04.11.2006 04:28:23	-40.0439167	178.1460333	0.8	154.5	807.5	218.2	-40.0304655	178.1408469	-40.0440228	178.145925	
03.11.2006	15:28:29	04.11.2006 04:28:28	-40.0439333	178.14605	0.8	150.8	807.9	219.4	-40.0304655	178.1408469	-40.0440386	178.1459395	
03.11.2006	15:28:34	04.11.2006 04:28:33	-40.04395	178.1460667	0.9	146.7	811.4	219.6	-40.0304655	178.1408469	-40.0440534	178.145954	
03.11.2006	15:28:39	04.11.2006 04:28:38	-40.0439667	178.1460667	0.8	152	813.1	219.7	-40.0304655	178.1408469	-40.0440701	178.145954	
03.11.2006	15:28:44	04.11.2006 04:28:43	-40.044	178.1460833	0.9	155.2	812.9	220.1	-40.0304655	178.1408469	-40.0441035	178.1459708	
03.11.2006	15:28:49	04.11.2006 04:28:48	-40.0440167	178.1461	0.9	162.2	807.9	220.9	-40.0304655	178.1408469	-40.0441184	178.1459853	
03.11.2006	15:28:55	04.11.2006 04:28:53	-40.0440333	178.1461	0.8	160.3	821.8	221.1	-40.0304655	178.1408469	-40.0441351	178.1459853	
03.11.2006	15:29:00	04.11.2006 04:28:58	-40.04405	178.1461167	0.9	156.6	821.2	221.3	-40.0304655	178.1408469	-40.0441518	178.1460021	
03.11.2006	15:29:05	04.11.2006 04:29:03	-40.0440667	178.1461167	0.9	162.2	816.3	222.7	-40.0304655	178.1408469	-40.0441657	178.1459973	
03.11.2006	15:29:10	04.11.2006 04:29:08	-40.0440833	178.1461333	0.9	165.6	813.3	222.9	-40.0304655	178.1408469	-40.0441824	178.146013	
03.11.2006	15:29:15	04.11.2006 04:29:13	-40.0441	178.1461333	0.8	157.8	822.7	223.6	-40.0304655	178.1408469	-40.0441972	178.1460106	
03.11.2006	15:29:20	04.11.2006 04:29:18	-40.0441167	178.14615	0.9	156.7	821.8	223.7	-40.0304655	178.1408469	-40.0442139	178.1460275	
03.11.2006	15:29:25	04.11.2006 04:29:23	-40.04415	178.14615	0.9	159	818.5	224.9	-40.0304655	178.1408469	-40.0442455	178.1460263	
03.11.2006	15:29:30	04.11.2006 04:29:28	-40.0441667	178.1461667	0.9	161.7	822.2	224.9	-40.0304655	178.1408469	-40.0442622	178.1460431	
03.11.2006	15:29:35	04.11.2006 04:29:33	-40.0441833	178.1461833	0.9	157.2	817.3	226.2	-40.0304655	178.1408469	-40.044278	178.1460576	
03.11.2006	15:29:40	04.11.2006 04:29:38	-40.0442	178.1461833	0.9	158.6	828.6	226	-40.0304655	178.1408469	-40.0442937	178.1460576	
03.11.2006	15:29:45	04.11.2006 04:29:43	-40.0442167	178.1462	0.9	160.9	820.5	227.1	-40.0304655	178.1408469	-40.0443086	178.1460721	
03.11.2006	15:29:50	04.11.2006 04:29:48	-40.0442333	178.1462167	0.8	154.9	821.3	227.6	-40.0304655	178.1408469	-40.0443234	178.1460853	
03.11.2006	15:29:54	04.11.2006 04:29:53	-40.04425	178.1462167	0.8	151.2	819	228.2	-40.0304655	178.1408469	-40.0443401	178.1460853	
03.11.2006	15:30:00	04.11.2006 04:29:58	-40.0442667	178.1462167	0.8	158.9	827.9	229.1	-40.0304655	178.1408469	-40.044355	178.1460841	
03.11.2006	15:30:05	04.11.2006 04:30:03	-40.0442833	178.1462333	0.9	167.6	823.2	229.9	-40.0304655	178.1408469	-40.0443698	178.1460986	
03.11.2006	15:30:10	04.11.2006 04:30:08	-40.0443	178.1462333	0.8	169.5	825.4	230.1	-40.0304655	178.1408469	-40.0443865	178.1460986	
03.11.2006	15:30:15	04.11.2006 04:30:13	-40.0443167	178.14625	0.9	155.7	829.3	230.6	-40.0304655	178.1408469	-40.0444014	178.146113	
03.11.2006	15:30:20	04.11.2006 04:30:18	-40.04435	178.14625	0.8	163.5	825.5	231.1	-40.0304655	178.1408469	-40.0444348	178.146113	
03.11.2006	15:30:25	04.11.2006 04:30:23	-40.0443667	178.1462667	0.9	164	835.9	232.2	-40.0304655	178.1408469	-40.0444496	178.1461287	
03.11.2006	15:30:30	04.11.2006 04:30:28	-40.0443833	178.1462667	0.8	162.3	825.5	232.1	-40.0304655	178.1408469	-40.0444663	178.1461287	
03.11.2006	15:30:35	04.11.2006 04:30:33	-40.0444	178.1462833	0.9	158.7	830.6	232.9	-40.0304655	178.1408469	-40.0444812	178.1461432	
03.11.2006	15:30:40	04.11.2006 04:30:38	-40.0444167	178.1462833	0.9	161.6	828.5	234.4	-40.0304655	178.1408469	-40.044496	178.146142	
03.11.2006	15:30:45	04.11.2006 04:30:43	-40.0444333	178.1463	0.8	168.7	832.6	235.3	-40.0304655	178.1408469	-40.0445108	178.1461564	
03.11.2006	15:30:50	04.11.2006 04:30:48	-40.04445	178.1463167	0.9	157.1	835.2	235.6	-40.0304655	178.1408469	-40.0445257	178.1461709	
03.11.2006	15:30:55	04.11.2006 04:30:53	-40.0444667	178.1463167	0.8	154.7	830.2	236.1	-40.0304655	178.1408469	-40.0445424	178.1461709	
03.11.2006	15:31:00	04.11.2006 04:30:58	-40.0445	178.1463167	0.9	160.5	838.5	237.4	-40.0304655	178.1408469	-40.0445739	178.1461697	
03.11.2006	15:31:05	04.11.2006 04:31:03	-40.0445	178.1463333	0.8	163.2	834.5	237.9	-40.0304655	178.1408469	-40.0445721	178.1461841	
03.11.2006	15:31:10	04.11.2006 04:31:08	-40.0445167	178.14635	0.9	150.6	840.4	238.6	-40.0304655	178.1408469	-40.044586	178.1461998	
03.11.2006	15:31:15	04.11.2006 04:31:13	-40.0445333	178.1463667	0.8	155.1	838.5	239	-40.0304655	178.1408469	-40.0446027	178.1462167	
03.11.2006	15:31:20	04.11.2006 04:31:19	-40.04455	178.1463667	0.9	168.1	832.4	240.7	-40.0304655	178.1408469	-40.0446157	178.1462131	
03.11.2006	15:31:25	04.11.2006 04:31:24	-40.0445667	178.1463833	0.8	164.9	837.9	241.2	-40.0304655	178.1408469	-40.0446324	178.1462299	
03.11.2006	15:31:30	04.11.2006 04:31:29	-40.0446	178.1464	0.9	155.1	840.6	242.1	-40.0304655	178.1408469	-40.044664	178.1462456	
03.11.2006	15:31:35	04.11.2006 04:31:34	-40.0446	178.1464	0.7	159.7	834.8	243.2	-40.0304655	178.1408469	-40.0446621	178.1462444	
03.11.2006	15:31:40	04.11.2006 04:31:39	-40.0446333	178.1464	0.8	165.1	839.9	244.6	-40.0304655	178.1408469	-40.0446908	178.146242	
03.11.2006	15:31:45	04.11.2006 04:31:44	-40.04465	178.1464167	0.8	161.7	842.3	244.7	-40.0304655	178.1408469	-40.0447066	178.1462577	
03.11.2006	15:31:50	04.11.2006 04:31:49	-40.0446667	178.1464333	0.8	156	841.4	246.2	-40.0304655	178.1408469	-40.0447215	178.1462733	
03.11.2006	15:31:55	04.11.2006 04:31:54	-40.0446833	178.1464333	0.8	158.5	869.4	247.1	-40.0304655	178.1408469	-40.0447354	178.1462721	
03.11.2006	15:32:00	04.11.2006 04:31:59	-40.0447	178.1464333	0.8	162.5	844.4	248.1	-40.0304655	178.1408469	-40.0447502	178.1462709	
03.11.2006	15:32:05	04.11.2006 04:32:04	-40.0447167	178.14645	0.8	154.9	844.4	248.6	-40.0304655	178.1408469	-40.0447669	178.1462878	
03.11.2006	15:32:10	04.11.2006 04:32:09	-40.0447333	178.14645	0.8	155.7	845.3	249	-40.0304655	178.1408469	-40.0447818	178.1462866	
03.11.2006	15:32:15	04.11.2006 04:32:14	-40.04475	178.1464667	0.8	159.4	841.5	249.9	-40.0304655	178.1408469	-40.0447957	178.1463022	
03.11.2006	15:32:20	04.11.2006 04:32:19	-40.0447667	178.1464667	0.7	161.8	849.4	250.7	-40.0304655	178.1408469	-40.0448106	178.146301	
03.11.2006	15:32:25	04.11.2006 04:32:24	-40.0447833	178.1464833	0.9	156	853	250.9	-40.0304655	178.1408469	-40.0448272	178.1463179	
03.11.2006	15:32:30	04.11.2006 04:32:29	-40.0447833	178.1465	0.7	153.5	857	251	-40.0304655	178.1408469	-40.0448272	178.1463348	
03.11.2006	15:32:35	04.11.2006 04:32:34	-40.0448	178.1465167	0.8	155.9	854.2	252.2	-40.0304655	178.1408469	-40.0448412	178.1463492	
03.11.2006	15:32:40	04.11.2006 04:32:39	-40.0448333	178.1465167	0.8	159.6	846.8	253.1	-40.0304655	178.1408469	-40.044856	178.146348	
03.11.2006	15:32:45	04.11.2006 04:32:44	-40.0448333	178.1465333	0.8	158.9	859.4	253.9	-40.0304655	178.1408469	-40.0448709	178.1463649	
03.11.2006	15:32:50	04.11.2006 04:32:49	-40.0448667	178.14655	0.8	148	846.7	253.2	-40.0304655	178.1408469	-40.0448894	178.1463818	
03.11.2006	15:32:55	04.11.2006 04:32:54	-40.0448667	178.14655	0.8	147.4	864	254.6	-40.0304655	178.1408469	-40.0449015	178.1463806	
03.11.2006	15:33:00	04.11.2006 04:32:59	-40.0448833	178.1465667	0.8	154.7	863.2	254.7	-40.0304655	178.1408469	-40.0449182	178.1463975	
03.11.2006	15:33:05	04.11.2006 04:33:04	-40.0449	178.1465833	0.7	152.7	858.7	255.6	-40.0304655	178.1408469	-40.0449349	178.1464143	
03.11.2006	15:33:10	04.11.2006 04:33:09	-40.0449167	178.1466	0.9	149.6	855.6	255.2	-40.0304655	178.1408469	-40.0449516	178.1464312	
03.11.2006	15:33:15	04.11.2006 04:33:14	-40.0449333	178.1466167	0.8	146.8	861.8	255.6	-40.0304655	178.1408469	-40.0449664	178.14643	
03.11.2006	15:33:20	04.11.2006 04:33:19	-40.04495	178.1466167	0.9	150.2	866.3	256.7	-40.0304655	178.1408469	-40.0449804	178.1464457	
03.11.2006	15:33:25	04.11.2006 04:33:24	-40.0449667	178.1466167	0.8	159	856.9	257.2	-40.0304655	178.1408469	-40.044997	178.1464625	
03.11.2006	15:33:30	04.11.2006 04:33:29	-40.0449833	178.1466333	0.8	164.4	867.6	258.7	-40.0304655	178.1408469	-40.0450091	178.1464613	
03.11.2006	15:33:35	04.11.2006 04:33:34	-40.045	178.1466333	0.6	152.8	857	258.2	-40.0304655	178.1408469	-40.0450286	178.1464613	
03.11.2006	15:33:40	04.11.2006 04:33:39	-40.0450333	178.14665	0.8	157.6	867.2	259.4	-40.0304655	178.1408469	-40.0450425	178.1464782	
03.11.2006	15:33:45	04.11.2006 04:33:44	-40.0450333	178.14665	0.7	158	857.8	259.4	-40.0304655	178.1408469	-40.0450592	178.1464782	
03.11.2006	15:33:50	04.11.2006 04:33:49	-40.0450667	178.1466667	0.8	160.4	870.1	260.2	-40.0304655	178.1408469	-40.0450908	178.1464939	
03.11.2006	15:33:55	04.11.2006 04:33:54	-40.0450667	178.1466667	0.8	156.5	866.3	259.8	-40.0304655	178.1408469	-40.0450908	178.1464939	
03.11.2006	15:34:00	04.11.2006 04:33:59	-40.0450833	178.1466833	0.9	157.8	869.5	261.1	-40.0304655	178.1408469	-40.0451038	178.1465108	
03.11.2006	15:34:05	04.11.2006 04:34:04	-40.0451	178.1466833	0.7	163.2	863.4	261.2	-40.0304655	178.1408469	-40.0451205	178.1465108	
03.11.2006	15:34:10	04.11.2006 04:34:09	-40.0451333	178.1466833	0.7	161.8	870.4	261.6	-40.0304655	178.1408469	-40.045152	178.1465095	
03.11.2006	15:34:15	04.11.2006 04:34:14	-40.04515	178.1467	0.8	157.4	874.7	261.1	-40.0304655	178.1408469	-40.0451706	178.1465276	
03.11.2006	15:34:20	04.11.2006 04:34:19	-40.0451667	178.1467167	0.8	151.9	869.1	261.4	-40.0304655	178.1408469	-40.0451873	178.1465433	
03.11.2006	15:34:25	04.11.2006 04:34:24	-40.0451667	178.1467167	0.8	153.4	868.7	261.1	-40.0304655	178.1408469	-40.0451873	178.1465433	
03.11.2006	15:34:30	04.11.2006 04:34:29	-40.0451833	178.1467333	0.6	152.7	877.2	261	-40.0304655	178.1408469	-40.045204	178.1465602	
03.11.2006	15:34:35	04.11.2006 04:34:34	-40.0452	178.14675	0.9	148.2	871.4	260.4	-40.0304655	178.1408469	-40.0452234	178.146577	
03.11.2006	15:34:40	04.11.2006 04:34:39	-40.0452167	178.1467667	0.8	145.5	870.8	260.7	-40.0304655	178.1408469	-40.0452374	178.1465939	
03.11.2006	15:34:45	04.11.2006 04:34:44	-40.0452333	178.1467667	0.8	156.2	871.2	261.6	-40.0304655	178.1408469	-40.0452522	178.1465927	
03.11.2006	15:34:50	04.11.2006 04:34:49	-40.04525	178.1467833	0.7	162.5	872.3	261.9	-40.0304655	178.1408469	-40.0452689	178.1466096	
03.11.2006	15:34:55	04.11.2006 04:34:54	-40.04525	178.1468	0.7	153.6	872.7	261.2	-40.0304655	178.1408469	-40.0452708	178.1466276	
03.11.2006	15:35:00	04.11.2006 04:34:59	-40.0452667	178.1468	0.8	155.7	878.8	261.9	-40.0304655	178.1408469	-40.0452856	178.1466264	
03.11.2006	15:35:05	04.11.2006 04:35:04	-40.0452833	178.1468	0.7	151.1	872.6	262.4	-40.0304655	178.1408469	-40.0453023	178.1466264	
03.11.2006	15:35:10	04.11.2006 04:35:09	-40.0453	178.1468167	0.8	150.6	878.2	262.9	-40.0304655	178.1408469	-40.0453162	178.1466421	
03.11.2006	15:35:15	04.11.2006 04:35:14	-40.0453167	178.1468333	0.9	159.9	878.7	263.2	-40.0304655	178.1408469	-40.0453329	178.146659	
03.11.2006	15:35:20	04.11.2006 04:35:19	-40.0453333	178.14685	0.7	155.5	878.6	262.9	-40.0304655	178.1408469	-40.0453496	178.1466759	
03.11.2006	15:35:25	04.11.2006 04:35:24	-40.0453667	178.1468667	1	156.1	874.6	263	-40.0304655	178.1408469	-40.0453663	178.1466759	
03.11.2006	15:35:30	04.11.2006 04:35:29	-40.0454	178.1468667	1.2	158.6	879	263.4	-40.0304655	178.1408469	-40.0454164	178.1466927	
03.11.2006	15:35:35	04.11.2006 04:35:34	-40.0454	178.1468833	0.8	159.7	877.8	264.4	-40.0304655	178.1408469	-40.0454146	178.1467096	
03.11.2006	15:35:40	04.11.2006 04:35:39	-40.0454167	178.1469	0.8	159.8	880.8	264.6	-40.0304655	178.1408469	-40.0454285	178.1467253	
03.11.2006	15:35:45	04.11.2006 04:35:44	-40.0454333	178.1469	0.8	155.3	881	264.4	-40.0304655	178.1408469	-40.045448	178.1467253	
03.11.2006	15:35:50	04.11.2006 04:35:49	-40.0454667	178.1469167	0.9	153.2	882.7	263.3	-40.0304655	178.1408469	-40.0454832	178.1467421	
03.11.2006	15:35:55	04.11.2006 04:35:54	-40.0454667	178.1469333	0.9	152.2	886.7	263.5	-40.0304655	178.1408469	-40.0454814	178.1467421	
03.11.2006	15:36:00	04.11.2006 04:35:59	-40.0455	178.1469333	0.8	152.8	896.6	263.9	-40.0304655	178.1408469	-40.0455148	178.146759	
03.11.2006	15:36:05	04.11.2006 04:36:04	-40.0455167	178.1469333	0.9	160	889.8	264	-40.0304655	178.1408469	-40.0455315	178.146759	
03.11.2006	15:36:10	04.11.2006 04:36:09	-40.0455333	178.14695	0.8	155.9	881.7	263.8	-40.0304655	178.1408469	-40.0455473	178.1467759	
03.11.2006	15:36:15	04.11.2006 04:36:14	-40.04555	178.14695	0.9	158.9	898.6	264.1	-40.0304655	178.1408469	-40.045564	178.1467759	
03.11.2006	15:36:20	04.11.2006 04:36:19	-40.0455667	178.1469667	0.7	158.2	888.8	264.4	-40.0304655	178.1408469	-40.0455807	178.1467928	
03.11.2006	15:36:25	04.11.2006 04:36:24	-40.0456	178.1469667	0.8	155.1	895.2	263.7	-40.0304655	178.1408469	-40.0456141	178.1467928	
03.11.2006	15:36:30	04.11.2006 04:36:29	-40.0456167	178.1469833	0.9	154	894.6	263.9	-40.0304655	178.1408469	-40.0456308	178.1468096	
03.11.2006	15:36:35	04.11.2006 04:36:34	-40.0456333	178.147	0.8	151.9	902.3	263.9	-40.0304655	178.1408469	-40.0456475	178.1468253	
03.11.2006	15:36:40	04.11.2006 04:36:39	-40.04565	178.147	0.8	149	906.1	263.8	-40.0304655	178.1408469	-40.0456642	178.1468253	
03.11.2006	15:36:45	04.11.2006 04:36:44	-40.0456667	178.1470167	0.8	148.9	903.1	264	-40.0304655	178.1408469	-40.0456809	178.1468422	
03.11.2006	15:36:50	04.11.2006 04:36:49	-40.0456833	178.1470333	0.8	154.2	904	265.1	-40.0304655	178.1408469	-40.0456948	178.146859	
03.11.2006	15:36:55	04.11.2006 04:36:54	-40.0456833	178.14705	0.7	152.9	909	264.6	-40.0304655	178.1408469	-40.0456948	178.1468759	
03.11.2006	15:37:00	04.11.2006 04:36:59	-40.0457167	178.1470667	0.9	154.3	909.5	264	-40.0304655	178.1408469	-40.045731	178.1468928	
03.11.2006	15:37:05	04.11.2006 04:37:04	-40.0457167	178.1470833	0.9	148.1	905.3	263.8	-40.0304655	178.1408469	-40.045731	178.1469097	
03.11.2006	15:37:10	04.11.2006 04:37:09	-40.04575	178.1471	0.9	146.6	910.5	263.3	-40.0304655	178.1408469	-40.0457662	178.1469253	
03.11.2006	15:37:15	04.11.2006 04:37:14	-40.0457667	178.1471	0.8	149.5	911.6	263.2	-40.0304655	178.1408469	-40.045783	178.1469253	
03.11.2006	15:37:20	04.11.2006 04:37:19	-40.0457833	178.1471167	0.8	153.4	911.1	262.7	-40.0304655	178.1408469	-40.0457996	178.1469422	
03.11.2006	15:37:25	04.11.2006 04:37:24	-40.0458	178.1471333	0.9	149.9	909.4	262.5	-40.0304655	178.1408469	-40.0458191	178.1469591	
03.11.2006	15:37:30	04.11.2006 04:37:29	-40.0458333	178.1471333	0.9	145.8	912.6	262.2	-40.0304655	178.1408469	-40.0458525	178.1469591	
03.11.2006	15:37:35	04.11.2006 04:37:34	-40.04585	178.14715	0.9	149	914.9	262.1	-40.0304655	178.1408469	-40.0458692	178.146976	
03.11.2006	15:37:40	04.11.2006 04:37:39	-40.04585	178.1471667	0.8	146	916.2	261.5	-40.0304655	178.1408469	-40.0458692	178.1469928	
03.11.2006	15:37:45	04.11.2006 04:37:44	-40.0458667	178.1471833	0.9	145.8	907.5	260.2	-40.0304655	178.1408469	-40.0458906	178.1470109	
03.11.2006	15:37:50	04.11.2006 04:37:49	-40.0458833	178.1472	1	144.4	932	259.8	-40.0304655	178.1408469	-40.0459073	178.1470266	
03.11.2006	15:37:55	04.11.2006 04:37:54	-40.0459167	178.1472167	0.9	141.4	911.4	258.8	-40.0304655	178.1408469	-40.0459425	178.1470446	
03.11.2006	15:38:00	04.11.2006 04:37:59	-40.0459333	178.14725	1	140.4	915.9	258.2	-40.0304655	178.1408469	-40.045962	178.1470784	
03.11.2006	15:38:05	04.11.2006 04:38:04	-40.04595	178.14725	1	141.4	924.5	257.3	-40.0304655	178.1408469	-40.0459806	178.1470796	
03.11.2006	15:38:10	04.11.2006 04:38:09	-40.0459667	178.1472833	1	147.3	930.8	256.8	-40.0304655	178.1408469	-40.0459964	178.1471133	
03.11.2006	15:38:15	04.11.2006 04:38:14	-40.0459833	178.1473	0.9	139.6	919	256	-40.0304655	178.1408469	-40.0460159	178.147129	
03.11.2006	15:38:20	04.11.2006 04:38:19	-40.046	178.1473167	0.9	142.8	919.7	255.7	-40.0304655	178.1408469	-40.0460326	178.1471459	
03.11.2006	15:38:25	04.11.2006 04:38:24	-40.0460167	178.1473333	1	144.8	919	255	-40.0304655	178.1408469	-40.0460511	178.147164	
03.11.2006	15:38:30	04.11.2006 04:38:29	-40.04605	178.14735	0.9	139.7	919.7	254.7	-40.0304655	178.1408469	-40.0460845	178.1471808	
03.11.2006	15:38:35	04.11.2006 04:38:34	-40.0460667	178.1473667	1	141.6	924.9	254.4	-40.0304655	178.1408469	-40.046104	178.1471989	
03.11.2006	15:38:40	04.11.2006 04:38:39	-40.0460833	178.1473833	0.9	139.7	924.6	253.7	-40.0304655	178.1408469	-40.0461207	178.1472158	
03.11.2006	15:38:45	04.11.2006 04:38:44	-40.0460833	178.1474	0.9	140.8	932.4	253.3	-40.0304655	178.1408469	-40.0461226	178.1472314	
03.11.2006	15:38:50	04.11.2006 04:38:49	-40.0461167	178.1474333	1	138	927.9	252.5	-40.0304655	178.1408469	-40.0461578	178.1472664	
03.11.2006	15:38:55	04.11.2006 04:38:54	-40.0461167	178.14745	1	135.2	929.9	252	-40.0304655	178.1408469	-40.0461578	178.1472833	
03.11.2006	15:39:00	04.11.2006 04:38:59	-40.0461333	178.1474667	1	136.7	934.7	251.5	-40.0304655	178.1408469	-40.0461745	178.1473002	
03.11.2006	15:39:05	04.11.2006 04:39:04	-40.0461667	178.1475	1	137	933.2	250.8	-40.0304655	178.1408469	-40.0462107	178.1473339	
03.11.2006	15:39:10	04.11.2006 04:39:09	-40.0461833	178.1475167	1	129.2	932.2	250	-40.0304655	178.1408469	-40.0462293	178.147352	
03.11.2006	15:39:15	04.11.2006 04:39:14	-40.0462	178.1475333	1.1	135.8	931.8	249.8	-40.0304655	178.1408469	-40.046246	178.1473688	
03.11.2006	15:39:20	04.11.2006 04:39:19	-40.0462167	178.14755	0.9	139.6	931.3	249.7	-40.0304655	178.1408469	-40.0462626	178.1473857	
03.11.2006	15:39:25	04.11.2006 04:39:24	-40.0462333	178.1475667	1	142.9	938	249.2	-40.0304655	178.1408469	-40.0462821	178.1474038	
03.11.2006	15:39:30	04.11.2006 04:39:29	-40.0462333	178.1475833	1	138.6	944.4	248.7	-40.0304655	178.1408469	-40.0462821	178.1474195	
03.11.2006	15:39:35	04.11.2006 04:39:34	-40.0462667	178.1476	1	140.8	940.9	248.7	-40.0304655	178.1408469	-40.0463155	178.1474363	
03.11.2006	15:39:40	04.11.2006 04:39:39	-40.0462833	178.1476167	0.9	142	940.4	248	-40.0304655	178.1408469	-40.0463341	178.1474544	
03.11.2006	15:39:45	04.11.2006 04:39:44	-40.0463	178.14765	1	145	945.8	247.9	-40.0304655	178.1408469	-40.0463508	178.1474882	
03.11.2006	15:39:50	04.11.2006 04:39:49	-40.0463167	178.1476667	0.9	145.2	946.5	247.6	-40.0304655	178.1408469	-40.0463675	178.147505	
03.11.2006	15:39:55	04.11.2006 04:39:54	-40.0463333	178.1476833	0.9	136.6	952	246	-40.0304655	178.1408469	-40.0463888	178.1475231	
03.11.2006	15:40:00	04.11.2006 04:39:59	-40.04635	178.1477	1	139.5	944.2	245.8	-40.0304655	178.1408469	-40.0464055	178.14754	
03.11.2006	15:40:05	04.11.2006 04:40:04	-40.0463667	178.1477167	0.9	144.2	950.8	246.1	-40.0304655	178.1408469	-40.0464222	178.1475568	
03.11.2006	15:40:10	04.11.2006 04:40:09	-40.0463833	178.1477333	0.9	146.3	954.5	245.2	-40.0304655	178.1408469	-40.0464408	178.1475749	
03.11.2006	15:40:15	04.11.2006 04:40:14	-40.0464	178.14775	0.9	142.7	954.2	244.5	-40.0304655	178.1408469	-40.0464594	178.147593	
03.11.2006	15:40:21	04.11.2006 04:40:19	-40.0464167	178.1477833	0.9	137.4	960.4	243.5	-40.0304655	178.1408469	-40.0464751	178.1476255	
03.11.2006	15:40:26	04.11.2006 04:40:24	-40.0464333	178.1478	1	138.4	952.1	243	-40.0304655	178.1408469	-40.0464946	178.1476436	
03.11.2006	15:40:31	04.11.2006 04:40:29	-40.04645	178.1478167	0.9	144.5	949.2	242.3	-40.0304655	178.1408469	-40.0465132	178.1476617	
03.11.2006	15:40:36	04.11.2006 04:40:34	-40.0464667	178.1478333	0.8	150	951.5	242.4	-40.0304655	178.1408469	-40.0465299	178.1476786	
03.11.2006	15:40:41	04.11.2006 04:40:39	-40.0464833	178.14785	0.9	146.3	964.4	241.7	-40.0304655	178.1408469	-40.0465466	178.1476954	
03.11.2006	15:40:46	04.11.2006 04:40:44	-40.0465167	178.1478667	1	147.3	968	241.6	-40.0304655	178.1408469	-40.04658	178.1477123	
03.11.2006	15:40:51	04.11.2006 04:40:49	-40.0465333	178.1478667	0.9	147.6	963.9	240.4	-40.0304655	178.1408469	-40.0466004	178.1477159	
03.11.2006	15:40:56	04.11.2006 04:40:54	-40.04655	178.1478833	0.9	142.4	959	240.5	-40.0304655	178.1408469	-40.0466171	178.1477316	
03.11.2006	15:41:01	04.11.2006 04:40:59	-40.0465667	178.1478833	0.9	154.6	957.6	240.5	-40.0304655	178.1408469	-40.0466338	178.1477316	
03.11.2006	15:41:06	04.11.2006 04:41:04	-40.0465833	178.1479	1	164	966.9	241.7	-40.0304655	178.1408469	-40.0466468	178.1477449	
03.11.2006	15:41:11	04.11.2006 04:41:09	-40.0466	178.1479167	0.9	165.6	973.8	240.7	-40.0304655	178.1408469	-40.0466653	178.1477629	
03.11.2006	15:41:16	04.11.2006 04:41:14	-40.0466167	178.1479333	0.9	155.4	968.1	240.2	-40.0304655	178.1408469	-40.0466839	178.1477822	
03.11.2006	15:41:21	04.11.2006 04:41:19	-40.0466333	178.1479333	0.9	155.1	971.7	240.3	-40.0304655	178.1408469	-40.0467006	178.1477822	
03.11.2006	15:41:26	04.11.2006 04:41:24	-40.0466667	178.1479333	0.9	163	973.5	239.8	-40.0304655	178.1408469	-40.046734	178.1477822	
03.11.2006	15:41:31	04.11.2006 04:41:29	-40.0466833	178.14795	1	158.9	978	239.9	-40.0304655	178.1408469	-40.0467507	178.1477991	
03.11.2006	15:41:36	04.11.2006 04:41:34	-40.0467	178.14795	0.9	164.3	967.6	239.7	-40.0304655	178.1408469	-40.0467674	178.1477991	
03.11.2006	15:41:41	04.11.2006 04:41:39	-40.0467167	178.1479667	0.9	167	975.7	240.4	-40.0304655	178.1408469	-40.0467841	178.147816	
03.11.2006	15:41:46	04.11.2006 04:41:44	-40.04675	178.1479667	0.8	160.6	979.8	239.7	-40.0304655	178.1408469	-40.0468175	178.147816	
03.11.2006	15:41:51	04.11.2006 04:41:49	-40.0467667	178.1479833	0.9	153.5	971.4	239.9	-40.0304655	178.1408469	-40.0468342	178.1478316	
03.11.2006	15:41:56	04.11.2006 04:41:54	-40.0467833	178.1479833	0.9	165.6	978	240.7	-40.0304655	178.1408469	-40.0468491	178.1478292	
03.11.2006	15:42:01	04.11.2006 04:41:59	-40.0468	178.148	0.8	164.1	981	240.1	-40.0304655	178.1408469	-40.0468676	178.1478485	
03.11.2006	15:42:06	04.11.2006 04:42:04	-40.0468167	178.1480167	0.9	152.5	977.4	240.3	-40.0304655	178.1408469	-40.0468843	178.1478654	
03.11.2006	15:42:11	04.11.2006 04:42:09	-40.04685	178.1480167	0.8	154.3	977.9	239.2	-40.0304655	178.1408469	-40.0469196	178.1478666	
03.11.2006	15:42:16	04.11.2006 04:42:14	-40.0468667	178.1480333	0.9	155.9	990.4	240.2	-40.0304655	178.1408469	-40.0469335	178.1478822	
03.11.2006	15:42:21	04.11.2006 04:42:19	-40.0468833	178.1480333	0.7	156	978.7	239.8	-40.0304655	178.1408469	-40.0469502	178.1478822	
03.11.2006	15:42:26	04.11.2006 04:42:24	-40.0469	178.14805	0.9	155.9	984.4	239.9	-40.0304655	178.1408469	-40.0469669	178.1478991	
03.11.2006	15:42:31	04.11.2006 04:42:29	-40.0469167	178.14805	0.8	152.9	981.4	239.7	-40.0304655	178.1408469	-40.0469836	178.1478991	
03.11.2006	15:42:36	04.11.2006 04:42:34	-40.0469333	178.1480667	0.9	150.7	986.8	239.9	-40.0304655	178.1408469	-40.0470003	178.147916	
03.11.2006	15:42:41	04.11.2006 04:42:39	-40.0469333	178.1480833	0.7	157.2	988.7	239.7	-40.0304655	178.1408469	-40.0470003	178.1479317	
03.11.2006	15:42:46	04.11.2006 04:42:44	-40.04695	178.1481	0.9	152.3	991.4	239.9	-40.0304655	178.1408469	-40.047017	178.1479485	
03.11.2006	15:42:51	04.11.2006 04:42:49	-40.0469667	178.1481167	0.8	148.9	987.5	239.1	-40.0304655	178.1408469	-40.0470355	178.1479666	
03.11.2006	15:42:56	04.11.2006 04:42:55	-40.047	178.1481167	0.8	152	1003.7	239	-40.0304655	178.1408469	-40.047069	178.1479666	
03.11.2006	15:43:01	04.11.2006 04:43:00	-40.0470167	178.1481333	0.8	156.2	987.6	239.7	-40.0304655	178.1408469	-40.0470838	178.1479823	
03.11.2006	15:43:06	04.11.2006 04:43:05	-40.0470167	178.14815	0.8	152.5	1000.4	239.1	-40.0304655	178.1408469	-40.0470856	178.1480004	
03.11.2006	15:43:11	04.11.2006 04:43:10	-40.04705	178.1481667	0.9	144.8	992.6	239.1	-40.0304655	178.1408469	-40.0471191	178.148016	
03.11.2006	15:43:16	04.11.2006 04:43:15	-40.04705	178.1481667	0.9	150.2	994.6	238.8	-40.0304655	178.1408469	-40.0471191	178.148016	
03.11.2006	15:43:21	04.11.2006 04:43:20	-40.0470833	178.1481833	0.8	161.8	998.3	240.1	-40.0304655	178.1408469	-40.0471506	178.1480317	
03.11.2006	15:43:26	04.11.2006 04:43:25	-40.0470833	178.1482	0.9	166.7	998.3	239.9	-40.0304655	178.1408469	-40.0471506	178.1480486	
03.11.2006	15:43:31	04.11.2006 04:43:30	-40.0471167	178.1482	0.8	161.8	998	240	-40.0304655	178.1408469	-40.047184	178.1480486	
03.11.2006	15:43:36	04.11.2006 04:43:35	-40.0471333	178.1482	0.8	171.4	998.8	241.6	-40.0304655	178.1408469	-40.047197	178.148045	
03.11.2006	15:43:41	04.11.2006 04:43:40	-40.0471667	178.1481833	1	190	1009.2	243.9	-40.0304655	178.1408469	-40.0472258	178.1480257	
03.11.2006	15:43:46	04.11.2006 04:43:45	-40.0472	178.1481667	1.3	201.6	1013.6	248.1	-40.0304655	178.1408469	-40.0472508	178.148004	
03.11.2006	15:43:51	04.11.2006 04:43:50	-40.0472167	178.1481333	1.5	213.5	1007.1	253.1	-40.0304655	178.1408469	-40.0472564	178.1479654	
03.11.2006	15:43:56	04.11.2006 04:43:55	-40.04725	178.1480833	1.7	224.9	1006.4	258.7	-40.0304655	178.1408469	-40.0472759	178.1479112	
03.11.2006	15:44:01	04.11.2006 04:44:00	-40.0472833	178.1480333	1.9	234	999.3	265.6	-40.0304655	178.1408469	-40.0472935	178.1478582	
03.11.2006	15:44:06	04.11.2006 04:44:05	-40.0473	178.14795	2.2	242.2	1007.2	272.6	-40.0304655	178.1408469	-40.0472935	178.1477919	
03.11.2006	15:44:11	04.11.2006 04:44:10	-40.0473167	178.1478833	2.3	254	1013.9	280.7	-40.0304655	178.1408469	-40.0472907	178.147728	
03.11.2006	15:44:16	04.11.2006 04:44:15	-40.0473167	178.1478	2.5	260.2	993.6	288.4	-40.0304655	178.1408469	-40.0472749	178.1476496	
03.11.2006	15:44:21	04.11.2006 04:44:20	-40.0473	178.1477167	2.5	272.6	991.8	296.8	-40.0304655	178.1408469	-40.0472388	178.1475605	
03.11.2006	15:44:26	04.11.2006 04:44:25	-40.0472833	178.14765	2.6	283.4	994.6	304.6	-40.0304655	178.1408469	-40.047223	178.1475231	
03.11.2006	15:44:31	04.11.2006 04:44:30	-40.04725	178.1475667	2.8	294	998.3	312.7	-40.0304655	178.1408469	-40.0471747	178.1474544	
03.11.2006	15:44:36	04.11.2006 04:44:35	-40.0472	178.1475	2.7	300.3	989	321.1	-40.0304655	178.1408469	-40.0470949	178.1473893	
03.11.2006	15:44:41	04.11.2006 04:44:40	-40.04715	178.1474333	2.9	311.3	986	327.9	-40.0304655	178.1408469	-40.0470522	178.1473568	
03.11.2006	15:44:46	04.11.2006 04:44:45	-40.0471	178.1473833	2.9	320.4	988.7	336.5	-40.0304655	178.1408469	-40.0469771	178.1473279	
03.11.2006	15:44:51	04.11.2006 04:44:50	-40.0470333	178.14735	3.1	328.4	981.2	342.4	-40.0304655	178.1408469	-40.0469214	178.1472965	
03.11.2006	15:44:56	04.11.2006 04:44:55	-40.04695	178.1473167	3.2	336.8	986.4	347.2	-40.0304655	178.1408469	-40.0468351	178.1472772	
03.11.2006	15:45:01	04.11.2006 04:45:00	-40.0468833	178.1472833	3.4	342.4	976.2	350.2	-40.0304655	178.1408469	-40.0467665	178.1472688	
03.11.2006	15:45:06	04.11.2006 04:45:05	-40.0467833	178.1472833	3.6	349.9	987.6	351.4	-40.0304655	178.1408469	-40.0466505	178.1472568	
03.11.2006	15:45:11	04.11.2006 04:45:10	-40.0467	178.1472833	3.8	353.4	975	351.6	-40.0304655	178.1408469	-40.0465661	178.1472592	
03.11.2006	15:45:16	04.11.2006 04:45:15	-40.0466	178.1472667	4.1	354.6	976.8	350.7	-40.0304655	178.1408469	-40.0464835	178.1472399	
03.11.2006	15:45:21	04.11.2006 04:45:20	-40.0465	178.14725	4.4	355.5	966	349.5	-40.0304655	178.1408469	-40.0463833	178.1472363	
03.11.2006	15:45:26	04.11.2006 04:45:25	-40.0463833	178.14725	4.6	355.5	964.9	348.2	-40.0304655	178.1408469	-40.0462515	178.1472134	
03.11.2006	15:45:31	04.11.2006 04:45:30	-40.0462667	178.1472333	4.8	355	944.8	347.2	-40.0304655	178.1408469	-40.0461522	178.1471941	
03.11.2006	15:45:36	04.11.2006 04:45:35	-40.04615	178.1472167	5.1	353.9	942.7	345.7	-40.0304655	178.1408469	-40.0460353	178.1471736	
03.11.2006	15:45:41	04.11.2006 04:45:40	-40.0460167	178.1472	5.2	352.5	938.2	344.5	-40.0304655	178.1408469	-40.0458859	178.1471543	
03.11.2006	15:45:46	04.11.2006 04:45:45	-40.0459	178.1471667	5.5	351.4	927.8	343.3	-40.0304655	178.1408469	-40.0457876	178.1471182	
